{
    "union": {
        "decomposition": {
            "partition0": [
                {
                    "id": "ConflictingRequestException"
                }, 
                {
                    "id": "BadRequestException"
                }
            ], 
            "partition1": [
                {
                    "id": "CatalogController"
                }, 
                {
                    "id": "Utility"
                }
            ], 
            "partition2": [
                {
                    "id": "CatalogItem"
                }, 
                {
                    "id": "CatalogItemsRepository"
                }, 
                {
                    "id": "MockCatalogItemsRepository"
                }, 
                {
                    "id": "MongoCatalogItemsRepository"
                }
            ], 
            "partition3": [
                {
                    "id": "RepositoryFactory"
                }, 
                {
                    "id": "QuoteRepository"
                }, 
                {
                    "id": "QuoteController"
                }, 
                {
                    "id": "MockQuoteRepository"
                }
            ], 
            "partition4": [
                {
                    "id": "DealerController"
                }, 
                {
                    "id": "MongoDealersRepository"
                }, 
                {
                    "id": "Dealer"
                }, 
                {
                    "id": "MockDealersRepository"
                }
            ], 
            "partition5": [
                {
                    "id": "OrderController"
                }, 
                {
                    "id": "OrderStatus"
                }, 
                {
                    "id": "OrderUpdateInfo"
                }, 
                {
                    "id": "OrderRepository"
                }, 
                {
                    "id": "MockOrderRepository"
                }
            ], 
            "partition6": [
                {
                    "id": "Order"
                }, 
                {
                    "id": "OrderEventInfo"
                }, 
                {
                    "id": "OrderDetails"
                }, 
                {
                    "id": "MongoOrderRepository"
                }
            ], 
            "partition7": [
                {
                    "id": "Quote"
                }, 
                {
                    "id": "QuoteItemInfo"
                }, 
                {
                    "id": "QuoteDetails"
                }, 
                {
                    "id": "MongoQuoteRepository"
                }
            ], 
            "partition8": [
                {
                    "id": "ShipmentController"
                }, 
                {
                    "id": "ShipmentEventInfo"
                }, 
                {
                    "id": "ShipmentRepository"
                }, 
                {
                    "id": "MongoShipmentRepository"
                }, 
                {
                    "id": "MockShipmentRepository"
                }
            ], 
            "partition9": [
                {
                    "id": "Delivery"
                }, 
                {
                    "id": "DeliveryAddress"
                }
            ], 
            "partition10": [
                {
                    "id": "ShipmentRecord"
                }, 
                {
                    "id": "PhoneInfo"
                }, 
                {
                    "id": "ShipmentDetails"
                }
            ], 
            "partition11": [
                {
                    "id": "TestPath"
                }
            ], 
            "unobserved": [
                {
                    "id": "SimpleCORSFilter"
                }, 
                {
                    "id": "OrdersControllerTest"
                }, 
                {
                    "id": "Catalog"
                }, 
                {
                    "id": "ShipmentServiceApplication"
                }, 
                {
                    "id": "QuotesControllerTest"
                }, 
                {
                    "id": "Prometheus"
                }, 
                {
                    "id": "QuoteNotFoundException"
                }, 
                {
                    "id": "CatalogServiceApplication"
                }, 
                {
                    "id": "SpringConfig"
                }, 
                {
                    "id": "OrderNotFoundException"
                }, 
                {
                    "id": "QuoteServiceApplication"
                }, 
                {
                    "id": "OrderServiceApplication"
                }
            ]
        }
    }
}
