{
    "class-names": {
        "decomposition": {
            "partition0": [
                {
                    "id": "edu.uci.isr.archstudio4.comp.archipelago.util.AbstractXadlSelectorLogic"
                }, 
                {
                    "id": "edu.uci.isr.archstudio4.comp.archipelago.codegen.BrickInterfaceSelectorLogic"
                }, 
                {
                    "id": "edu.uci.isr.archstudio4.comp.archipelago.codegen.ExternalBrickSelectorLogic"
                }, 
                {
                    "id": "edu.uci.isr.archstudio4.comp.archipelago.codegen.BrickSelectorLogic"
                }, 
                {
                    "id": "edu.uci.isr.archstudio4.comp.selector.ISelector"
                }, 
                {
                    "id": "edu.uci.isr.archstudio4.comp.selector.SelectorMyxComponent"
                }, 
                {
                    "id": "edu.uci.isr.archstudio4.comp.selector.SelectorImpl"
                }
            ], 
            "partition1": [
                {
                    "id": "edu.uci.isr.archstudio4.comp.archipelago.codegen.SWTBrickSelectorThing"
                }, 
                {
                    "id": "edu.uci.isr.archstudio4.comp.archipelago.codegen.SWTBrickSelectorThingPeer"
                }, 
                {
                    "id": "edu.uci.isr.archstudio4.comp.archipelago.things.SWTXadlSelectorThingPeer"
                }, 
                {
                    "id": "edu.uci.isr.archstudio4.comp.archipelago.things.SWTXadlSelectorThing"
                }
            ], 
            "partition2": [
                {
                    "id": "edu.uci.isr.archstudio4.comp.archipelago.statecharts.logics.mapping.MapXadlStateLogic"
                }, 
                {
                    "id": "edu.uci.isr.archstudio4.comp.archipelago.statecharts.logics.mapping.MapXadlTransitionLogic"
                }, 
                {
                    "id": "edu.uci.isr.archstudio4.comp.archipelago.archstructure.logics.mapping.MapXadlLinkLogic"
                }, 
                {
                    "id": "edu.uci.isr.archstudio4.comp.archipelago.statecharts.logics.mapping.MapXadlFinalStateLogic"
                }, 
                {
                    "id": "edu.uci.isr.archstudio4.comp.archipelago.activitydiagrams.logics.mapping.MapXadlActorLogic"
                }, 
                {
                    "id": "edu.uci.isr.archstudio4.comp.archipelago.activitydiagrams.logics.mapping.MapXadlActionLogic"
                }, 
                {
                    "id": "edu.uci.isr.archstudio4.comp.archipelago.activitydiagrams.logics.mapping.MapXadlNoteLogic"
                }, 
                {
                    "id": "edu.uci.isr.archstudio4.comp.archipelago.statecharts.logics.mapping.MapXadlInitialStateLogic"
                }, 
                {
                    "id": "edu.uci.isr.archstudio4.comp.tracelink.controllers.XADLFacade"
                }
            ], 
            "partition3": [
                {
                    "id": "edu.uci.isr.archstudio4.comp.archipelago.generic.logics.editing.XadlRemoveElementLogic"
                }, 
                {
                    "id": "edu.uci.isr.archstudio4.comp.archipelago.types.TypesRemoveLogic"
                }, 
                {
                    "id": "edu.uci.isr.archstudio4.comp.archipelago.util.AbstractRemoveLogic"
                }
            ], 
            "partition4": [
                {
                    "id": "edu.uci.isr.archstudio4.comp.archipelago.activitydiagrams.logics.mapping.MapXadlControlFlowLogic"
                }, 
                {
                    "id": "edu.uci.isr.archstudio4.comp.archipelago.activitydiagrams.logics.mapping.MapXadlForkJoinLogic"
                }, 
                {
                    "id": "edu.uci.isr.archstudio4.comp.archipelago.generic.logics.coordinating.MaintainXadlLinksLogic"
                }, 
                {
                    "id": "edu.uci.isr.archstudio4.util.XadlTreeLabelProvider"
                }, 
                {
                    "id": "edu.uci.isr.archstudio4.editors.XadlEditorMatchingStrategy"
                }
            ], 
            "partition5": [
                {
                    "id": "edu.uci.isr.archstudio4.comp.archipelago.generic.logics.mapping.MapXadlDirectionalSplineLogic"
                }, 
                {
                    "id": "edu.uci.isr.archstudio4.comp.archipelago.generic.logics.mapping.MapXadlNondirectionalSplineLogic"
                }, 
                {
                    "id": "edu.uci.isr.archstudio4.comp.archipelago.generic.logics.mapping.MapXadlSplineLogic"
                }
            ], 
            "partition6": [
                {
                    "id": "edu.uci.isr.archstudio4.comp.archipelago.activitydiagrams.logics.mapping.MapXadlDecisionMergeLogic"
                }, 
                {
                    "id": "edu.uci.isr.archstudio4.comp.xarchcs.changesetrelationshipmanager.RightMergeHandler"
                }, 
                {
                    "id": "edu.uci.isr.archstudio4.comp.xarchcs.changesetrelationshipmanager.MergeKey"
                }, 
                {
                    "id": "edu.uci.isr.archstudio4.comp.xarchcs.changesetrelationshipmanager.MergeKeyAndRelationshipRegistry"
                }, 
                {
                    "id": "edu.uci.isr.archstudio4.comp.xarchcs.changesetrelationshipmanager.LeftMergeHandler"
                }
            ], 
            "partition7": [
                {
                    "id": "edu.uci.isr.archstudio4.comp.archipelago.activitydiagrams.logics.mapping.MapXadlReferenceLogic"
                }, 
                {
                    "id": "edu.uci.isr.archstudio4.comp.xarchcs.changesetidview.IdReferences"
                }
            ], 
            "partition8": [
                {
                    "id": "edu.uci.isr.archstudio4.comp.archipelago.generic.logics.mapping.SingleAssemblyXadlMappingLogic"
                }, 
                {
                    "id": "edu.uci.isr.archstudio4.comp.archipelago.generic.logics.mapping.AbstractAutomapSingleAssemblyXArchRelativePathMappingLogic"
                }
            ], 
            "partition9": [
                {
                    "id": "edu.uci.isr.archstudio4.comp.archipelago.generic.logics.editing.XadlSelectionProviderLogic"
                }, 
                {
                    "id": "edu.uci.isr.archstudio4.comp.tracelink.models.SelectionModel"
                }, 
                {
                    "id": "edu.uci.isr.archstudio4.comp.tracelink.models.ISelectionModel"
                }
            ], 
            "partition10": [
                {
                    "id": "edu.uci.isr.archstudio4.comp.archipelago.generic.logics.editing.XadlCopyPasteLogic"
                }, 
                {
                    "id": "edu.uci.isr.archstudio4.comp.copypaste.CopyPasteMyxComponent"
                }, 
                {
                    "id": "edu.uci.isr.archstudio4.comp.copypaste.CopyPasteManagerImpl"
                }, 
                {
                    "id": "edu.uci.isr.archstudio4.comp.copypaste.ICopyPasteManager"
                }
            ], 
            "partition11": [
                {
                    "id": "edu.uci.isr.archstudio4.comp.archipelago.generic.logics.editing.XadlEditDescriptionLogic"
                }, 
                {
                    "id": "edu.uci.isr.archstudio4.comp.archipelago.types.TypesEditDescriptionContextMenuFiller"
                }, 
                {
                    "id": "edu.uci.isr.archstudio4.comp.archipelago.types.TypesEditDescriptionLogic"
                }, 
                {
                    "id": "edu.uci.isr.archstudio4.comp.archipelago.types.StructureEditDescriptionLogic"
                }, 
                {
                    "id": "edu.uci.isr.archstudio4.comp.archipelago.util.AbstractEditDescriptionLogic"
                }, 
                {
                    "id": "edu.uci.isr.archstudio4.comp.tracelink.views.TracelinkDescriptionView"
                }
            ], 
            "partition12": [
                {
                    "id": "edu.uci.isr.archstudio4.util.XadlTreeUtils"
                }, 
                {
                    "id": "edu.uci.isr.archstudio4.comp.archipelago.types.StructureMapper"
                }, 
                {
                    "id": "edu.uci.isr.archstudio4.comp.archipelago.types.StructureInterfaceLocationsLogic"
                }
            ], 
            "partition13": [
                {
                    "id": "edu.uci.isr.archstudio4.util.XadlSelectorDialog"
                }, 
                {
                    "id": "edu.uci.isr.archstudio4.rationale.dialog.CustomizedMessageDialog"
                }
            ], 
            "partition14": [
                {
                    "id": "edu.uci.isr.archstudio4.util.XadlTreeContentProvider"
                }, 
                {
                    "id": "edu.uci.isr.archstudio4.comp.archipelago.IArchipelagoTreeContentProvider"
                }, 
                {
                    "id": "edu.uci.isr.archstudio4.comp.archipelago.types.TypesTreeContentProvider"
                }, 
                {
                    "id": "edu.uci.isr.archstudio4.comp.archipelago.statecharts.StatechartsTreeLabelProvider"
                }, 
                {
                    "id": "edu.uci.isr.archstudio4.comp.archipelago.statecharts.StatechartsTreeContentProvider"
                }, 
                {
                    "id": "edu.uci.isr.archstudio4.comp.archipelago.types.StructureTreeLabelProvider"
                }, 
                {
                    "id": "edu.uci.isr.archstudio4.comp.archipelago.types.StructureTreeContentProvider"
                }
            ], 
            "partition15": [
                {
                    "id": "edu.uci.isr.archstudio4.editors.XadlRootElementContentDescriber"
                }, 
                {
                    "id": "edu.uci.isr.archstudio4.comp.archipelago.RootContentProvider"
                }
            ], 
            "partition16": [
                {
                    "id": "edu.uci.isr.archstudio4.comp.selectordriver.SelectorDriverMyxComponent"
                }, 
                {
                    "id": "edu.uci.isr.archstudio4.comp.selectordriver.SelectorDriverEditor"
                }, 
                {
                    "id": "edu.uci.isr.archstudio4.comp.selectordriver.SelectorDriverOutlinePage"
                }
            ], 
            "partition17": [
                {
                    "id": "edu.uci.isr.archstudio4.comp.archipelago.IArchipelagoEventBus"
                }, 
                {
                    "id": "edu.uci.isr.archstudio4.comp.archipelago.DefaultArchipelagoEventBus"
                }
            ], 
            "partition18": [
                {
                    "id": "edu.uci.isr.archstudio4.comp.archipelago.types.TypesEvents"
                }, 
                {
                    "id": "edu.uci.isr.archstudio4.comp.archipelago.statecharts.StatechartsXArchEventHandler"
                }, 
                {
                    "id": "edu.uci.isr.archstudio4.comp.archipelago.statecharts.StatechartsEvents"
                }, 
                {
                    "id": "edu.uci.isr.archstudio4.comp.archipelago.types.StructureEvents"
                }
            ], 
            "partition19": [
                {
                    "id": "edu.uci.isr.archstudio4.comp.archipelago.IArchipelagoTreeContextMenuFiller"
                }, 
                {
                    "id": "edu.uci.isr.archstudio4.comp.archipelago.types.TypesRemoveContextMenuFiller"
                }, 
                {
                    "id": "edu.uci.isr.archstudio4.comp.archipelago.types.TypesNewTypeContextMenuFiller"
                }, 
                {
                    "id": "edu.uci.isr.archstudio4.comp.archipelago.statecharts.StatechartsRemoveContextMenuFiller"
                }, 
                {
                    "id": "edu.uci.isr.archstudio4.comp.archipelago.statecharts.StatechartsEditDescriptionContextMenuFiller"
                }, 
                {
                    "id": "edu.uci.isr.archstudio4.comp.archipelago.statecharts.StatechartsNewStatechartContextMenuFiller"
                }, 
                {
                    "id": "edu.uci.isr.archstudio4.comp.archipelago.types.StructureNewStructureContextMenuFiller"
                }, 
                {
                    "id": "edu.uci.isr.archstudio4.comp.archipelago.types.StructureRemoveContextMenuFiller"
                }, 
                {
                    "id": "edu.uci.isr.archstudio4.comp.archipelago.activitydiagrams.ActivityDiagramsEditDescriptionContextMenuFiller"
                }, 
                {
                    "id": "edu.uci.isr.archstudio4.comp.archipelago.activitydiagrams.ActivityDiagramsRemoveContextMenuFiller"
                }, 
                {
                    "id": "edu.uci.isr.archstudio4.comp.archipelago.types.StructureEditDescriptionContextMenuFiller"
                }, 
                {
                    "id": "edu.uci.isr.archstudio4.comp.archipelago.util.AbstractRemoveContextMenuFiller"
                }, 
                {
                    "id": "edu.uci.isr.archstudio4.comp.archipelago.util.AbstractEditDescriptionContextMenuFiller"
                }
            ], 
            "partition20": [
                {
                    "id": "edu.uci.isr.archstudio4.comp.archipelago.ArchipelagoMyxComponent"
                }, 
                {
                    "id": "edu.uci.isr.archstudio4.comp.archipelago.ArchipelagoEditor"
                }, 
                {
                    "id": "edu.uci.isr.archstudio4.comp.archipelago.util.ArchipelagoFinder"
                }, 
                {
                    "id": "edu.uci.isr.archstudio4.comp.archipelago.ArchipelagoUtils"
                }, 
                {
                    "id": "edu.uci.isr.archstudio4.comp.archipelago.IArchipelagoEditorPane"
                }, 
                {
                    "id": "edu.uci.isr.archstudio4.comp.archipelago.IArchipelagoTreePlugin"
                }, 
                {
                    "id": "edu.uci.isr.archstudio4.comp.archipelago.ArchipelagoServices"
                }, 
                {
                    "id": "edu.uci.isr.archstudio4.comp.archipelago.IArchipelagoLabelProvider"
                }, 
                {
                    "id": "edu.uci.isr.archstudio4.comp.archipelago.AbstractArchipelagoTreePlugin"
                }, 
                {
                    "id": "edu.uci.isr.archstudio4.comp.archipelago.IArchipelagoEventListener"
                }
            ], 
            "partition21": [
                {
                    "id": "edu.uci.isr.archstudio4.comp.archipelago.IArchipelagoTreeDoubleClickHandler"
                }, 
                {
                    "id": "edu.uci.isr.archstudio4.comp.archipelago.types.TypesDoubleClickHandler"
                }, 
                {
                    "id": "edu.uci.isr.archstudio4.comp.archipelago.statecharts.StatechartsDoubleClickHandler"
                }, 
                {
                    "id": "edu.uci.isr.archstudio4.comp.archipelago.activitydiagrams.ActivityDiagramsDoubleClickHandler"
                }, 
                {
                    "id": "edu.uci.isr.archstudio4.comp.archipelago.types.StructureDoubleClickHandler"
                }, 
                {
                    "id": "edu.uci.isr.archstudio4.comp.archlight.DoubleClickAction"
                }
            ], 
            "partition22": [
                {
                    "id": "edu.uci.isr.archstudio4.comp.archipelago.types.TypesXArchEventHandler"
                }, 
                {
                    "id": "edu.uci.isr.archstudio4.comp.archipelago.types.TypesXArchEventHandlerLogic"
                }
            ], 
            "partition23": [
                {
                    "id": "edu.uci.isr.archstudio4.comp.archipelago.activitydiagrams.editorsupport.events.ActivityDiagramsEvents"
                }, 
                {
                    "id": "edu.uci.isr.archstudio4.comp.archipelago.activitydiagrams.ActivityDiagramsXArchEventHandler"
                }, 
                {
                    "id": "edu.uci.isr.archstudio4.comp.archipelago.activitydiagrams.ActivityDiagramsTreeLabelProvider"
                }, 
                {
                    "id": "edu.uci.isr.archstudio4.comp.archipelago.activitydiagrams.ActivityDiagramsNewActivityDiagramContextMenuFiller"
                }, 
                {
                    "id": "edu.uci.isr.archstudio4.comp.archipelago.activitydiagrams.ActivityDiagramsTreePlugin"
                }, 
                {
                    "id": "edu.uci.isr.archstudio4.comp.archipelago.activitydiagrams.ActivityDiagramsTreeContentProvider"
                }, 
                {
                    "id": "edu.uci.isr.archstudio4.comp.archipelago.activitydiagrams.logics.editing.ActivityDiagramNewElementLogic"
                }, 
                {
                    "id": "edu.uci.isr.archstudio4.comp.archipelago.activitydiagrams.ActivityDiagramsFileManagerListener"
                }
            ], 
            "partition24": [
                {
                    "id": "edu.uci.isr.archstudio4.comp.archipelago.IArchipelagoEditorFocuser"
                }, 
                {
                    "id": "edu.uci.isr.archstudio4.comp.archipelago.types.TypesEditorFocuser"
                }, 
                {
                    "id": "edu.uci.isr.archstudio4.comp.archipelago.types.StructureEditorFocuser"
                }
            ], 
            "partition25": [
                {
                    "id": "edu.uci.isr.archstudio4.comp.archipelago.IArchipelagoTreeNodeDataCache"
                }, 
                {
                    "id": "edu.uci.isr.archstudio4.comp.archipelago.ArchipelagoDataCache"
                }, 
                {
                    "id": "edu.uci.isr.archstudio4.comp.archipelago.TreeNodeDataCache"
                }
            ], 
            "partition26": [
                {
                    "id": "edu.uci.isr.archstudio4.comp.archipelago.IXArchEventHandlerLogic"
                }, 
                {
                    "id": "edu.uci.isr.archstudio4.comp.archipelago.types.StructureXArchEventHandlerLogic"
                }, 
                {
                    "id": "edu.uci.isr.archstudio4.comp.archipelago.types.StructureXArchEventHandler"
                }, 
                {
                    "id": "edu.uci.isr.archstudio4.comp.xarchcs.eventregulator.XArchCSEventRegulatorConnector"
                }, 
                {
                    "id": "edu.uci.isr.archstudio4.comp.xarchcs.eventmanager.XArchCSEventManagerConnector"
                }
            ], 
            "partition27": [
                {
                    "id": "edu.uci.isr.archstudio4.comp.archipelago.ArchipelagoOutlinePage"
                }, 
                {
                    "id": "edu.uci.isr.archstudio4.comp.archlight.ArchlightOutlinePage"
                }, 
                {
                    "id": "edu.uci.isr.archstudio4.editors.AbstractArchstudioOutlinePage"
                }
            ], 
            "partition28": [
                {
                    "id": "edu.uci.isr.archstudio4.comp.archipelago.stateline.StatelineEventListener"
                }, 
                {
                    "id": "edu.uci.isr.archstudio4.comp.archipelago.stateline.StatelineTreePlugin"
                }
            ], 
            "partition29": [
                {
                    "id": "edu.uci.isr.archstudio4.comp.archipelago.types.ArchipelagoTypesConstants"
                }, 
                {
                    "id": "edu.uci.isr.archstudio4.comp.changesetsviewer.ChangeSetsViewerConstants"
                }, 
                {
                    "id": "edu.uci.isr.archstudio4.comp.tracelink.preferences.PreferencesConstants"
                }
            ], 
            "partition30": [
                {
                    "id": "edu.uci.isr.archstudio4.comp.archipelago.variants.VariantsEventListener"
                }, 
                {
                    "id": "edu.uci.isr.archstudio4.comp.archipelago.variants.VariantsTreePlugin"
                }, 
                {
                    "id": "edu.uci.isr.archstudio4.comp.archipelago.variants.EditVariantsLogic"
                }, 
                {
                    "id": "edu.uci.isr.archstudio4.comp.archipelago.variants.PromoteToVariantLogic"
                }, 
                {
                    "id": "edu.uci.isr.archstudio4.comp.selector.VariantEvaluationException"
                }
            ], 
            "partition31": [
                {
                    "id": "edu.uci.isr.archstudio4.comp.archipelago.prefs.types.ArchipelagoTypesPrefsMyxComponent"
                }
            ], 
            "partition32": [
                {
                    "id": "edu.uci.isr.archstudio4.comp.archipelago.prefs.types.ArchipelagoTypesPreferencePanel"
                }, 
                {
                    "id": "edu.uci.isr.archstudio4.comp.archipelago.prefs.ArchipelagoPreferencePanel"
                }, 
                {
                    "id": "edu.uci.isr.archstudio4.comp.editormanager.EditorPreferencePanel"
                }, 
                {
                    "id": "edu.uci.isr.archstudio4.comp.graphlayout.GraphLayoutPreferencePanel"
                }, 
                {
                    "id": "edu.uci.isr.archstudio4.graphlayout.gui.NeatoPanelProvider"
                }, 
                {
                    "id": "edu.uci.isr.archstudio4.comp.archlight.prefs.ArchlightPreferencePanel"
                }
            ], 
            "partition33": [
                {
                    "id": "edu.uci.isr.archstudio4.comp.archlight.issueadt.ArchlightIssueADTEvent"
                }, 
                {
                    "id": "edu.uci.isr.archstudio4.comp.archlight.issueadt.ArchlightIssueADTMyxComponent"
                }
            ], 
            "partition34": [
                {
                    "id": "edu.uci.isr.archstudio4.comp.archipelago.prefs.ArchipelagoPrefsMyxComponent"
                }, 
                {
                    "id": "edu.uci.isr.archstudio4.comp.editormanager.EditorPrefsMyxComponent"
                }, 
                {
                    "id": "edu.uci.isr.archstudio4.comp.archlight.prefs.ArchlightPrefsMyxComponent"
                }, 
                {
                    "id": "edu.uci.isr.archstudio4.comp.graphlayout.GraphLayoutPrefsMyxComponent"
                }, 
                {
                    "id": "edu.uci.isr.archstudio4.comp.archlight.tools.schematron.SchematronPrefsMyxComponent"
                }
            ], 
            "partition35": [
                {
                    "id": "edu.uci.isr.archstudio4.comp.archipelago.options.OptionsEventListener"
                }, 
                {
                    "id": "edu.uci.isr.archstudio4.comp.archipelago.generic.logics.editing.dialogs.OptionsDialogLabelProvider"
                }, 
                {
                    "id": "edu.uci.isr.archstudio4.comp.archipelago.options.OptionsTreePlugin"
                }, 
                {
                    "id": "edu.uci.isr.archstudio4.comp.archipelago.generic.logics.editing.dialogs.OptionsDialog"
                }, 
                {
                    "id": "edu.uci.isr.archstudio4.comp.archipelago.generic.logics.editing.dialogs.OptionsDialogContentProvider"
                }, 
                {
                    "id": "edu.uci.isr.archstudio4.comp.archipelago.options.OptionsUtils"
                }
            ], 
            "partition36": [
                {
                    "id": "edu.uci.isr.archstudio4.comp.archlight.noticeadt.ArchlightNoticeADTEvent"
                }, 
                {
                    "id": "edu.uci.isr.archstudio4.comp.archlight.noticeadt.ArchlightNoticeADTMyxComponent"
                }, 
                {
                    "id": "edu.uci.isr.archstudio4.comp.archlight.noticeview.ArchlightNoticeViewMyxComponent"
                }, 
                {
                    "id": "edu.uci.isr.archstudio4.comp.archlight.noticeadt.ArchlightNoticeADTListener"
                }, 
                {
                    "id": "edu.uci.isr.archstudio4.comp.archlight.noticeadt.ArchlightNoticeADT"
                }, 
                {
                    "id": "edu.uci.isr.archstudio4.comp.archlight.noticeadt.IArchlightNoticeADT"
                }, 
                {
                    "id": "edu.uci.isr.archstudio4.archlight.ArchlightNotice"
                }, 
                {
                    "id": "edu.uci.isr.archstudio4.comp.archlight.noticeview.ArchlightNoticeView"
                }
            ], 
            "partition37": [
                {
                    "id": "edu.uci.isr.archstudio4.comp.xarchcs.explicitadt.ExplicitADTEvent"
                }, 
                {
                    "id": "edu.uci.isr.archstudio4.comp.xarchcs.explicitadt.ExplicitADTMyxComponent"
                }, 
                {
                    "id": "edu.uci.isr.archstudio4.comp.xarchcs.explicitadt.ExplicitADTImpl"
                }, 
                {
                    "id": "edu.uci.isr.archstudio4.comp.xarchcs.explicitadt.IExplicitADT"
                }, 
                {
                    "id": "edu.uci.isr.archstudio4.comp.xarchcs.explicitadt.ExplicitADTListener"
                }
            ], 
            "partition38": [
                {
                    "id": "edu.uci.isr.archstudio4.comp.xarchcs.views.changesets.ChangeSetStateEvent"
                }
            ], 
            "partition39": [
                {
                    "id": "edu.uci.isr.archstudio4.comp.xarchcs.changesetstatusview.ChangeSetStatusViewEvent"
                }
            ], 
            "partition40": [
                {
                    "id": "edu.uci.isr.archstudio4.comp.xarchcs.eventmanager.IEventManager"
                }, 
                {
                    "id": "edu.uci.isr.archstudio4.comp.archipelago.types.TypesFileManagerListener"
                }, 
                {
                    "id": "edu.uci.isr.archstudio4.comp.archipelago.statecharts.StatechartsFileManagerListener"
                }, 
                {
                    "id": "edu.uci.isr.archstudio4.comp.archipelago.types.StructureFileManagerListener"
                }, 
                {
                    "id": "edu.uci.isr.archstudio4.editors.IEditorManager"
                }, 
                {
                    "id": "edu.uci.isr.archstudio4.rationale.RationaleViewManager"
                }, 
                {
                    "id": "edu.uci.isr.archstudio4.comp.fileman.IFileManagerListener"
                }, 
                {
                    "id": "edu.uci.isr.archstudio4.comp.fileman.IFileManager"
                }, 
                {
                    "id": "edu.uci.isr.archstudio4.comp.fileman.FileManagerView"
                }
            ], 
            "partition41": [
                {
                    "id": "edu.uci.isr.archstudio4.comp.xarchcs.xarchfakedetach.XArchDetachEvent"
                }, 
                {
                    "id": "edu.uci.isr.archstudio4.comp.xarchcs.xarchfakedetach.XArchDetachMyxComponent"
                }, 
                {
                    "id": "edu.uci.isr.archstudio4.comp.xarchcs.xarchfakedetach.XArchDetachImpl"
                }, 
                {
                    "id": "edu.uci.isr.archstudio4.comp.xarchcs.xarchfakedetach.XArchDetachListener"
                }, 
                {
                    "id": "edu.uci.isr.archstudio4.comp.xarchcs.xarchfakedetach.XArchDetachFilterImpl"
                }, 
                {
                    "id": "edu.uci.isr.archstudio4.comp.xarchcs.xarchfakedetach.XArchDetachInterface"
                }
            ], 
            "partition42": [
                {
                    "id": "edu.uci.isr.archstudio4.comp.xarchcs.xarchcs.XArchChangeSetEvent"
                }
            ], 
            "partition43": [
                {
                    "id": "edu.uci.isr.archstudio4.comp.xarchcs.changesetidview.ChangeSetIdViewEvent"
                }
            ], 
            "partition44": [
                {
                    "id": "edu.uci.isr.archstudio4.comp.archipelago.types.TypesRemoveDeadSIMLogic"
                }, 
                {
                    "id": "edu.uci.isr.archstudio4.comp.archipelago.types.TypesCreateSIMLogic"
                }
            ], 
            "partition45": [
                {
                    "id": "edu.uci.isr.archstudio4.comp.archipelago.types.TypesNewTypeSetContextMenuFiller"
                }
            ], 
            "partition46": [
                {
                    "id": "edu.uci.isr.archstudio4.comp.archipelago.types.TypesAssignStructureLogic"
                }, 
                {
                    "id": "edu.uci.isr.archstudio4.comp.archipelago.types.StructureAssignTypeLogic"
                }
            ], 
            "partition47": [
                {
                    "id": "edu.uci.isr.archstudio4.comp.archipelago.types.TypesStructureDropLogic"
                }, 
                {
                    "id": "edu.uci.isr.archstudio4.comp.archipelago.types.TypesTypeDropLogic"
                }, 
                {
                    "id": "edu.uci.isr.archstudio4.comp.archipelago.types.StructureTypeDropLogic"
                }, 
                {
                    "id": "edu.uci.isr.archstudio4.comp.archipelago.util.AbstractTypeDropLogic"
                }
            ], 
            "partition48": [
                {
                    "id": "edu.uci.isr.archstudio4.comp.archipelago.types.TypesEditDescriptionCellModifier"
                }, 
                {
                    "id": "edu.uci.isr.archstudio4.comp.archipelago.statecharts.StatechartsEditDescriptionCellModifier"
                }, 
                {
                    "id": "edu.uci.isr.archstudio4.comp.archipelago.types.StructureEditDescriptionCellModifier"
                }, 
                {
                    "id": "edu.uci.isr.archstudio4.comp.archipelago.util.AbstractEditDescriptionCellModifier"
                }, 
                {
                    "id": "edu.uci.isr.archstudio4.comp.archipelago.activitydiagrams.ActivityDiagramsEditDescriptionCellModifier"
                }, 
                {
                    "id": "edu.uci.isr.archstudio4.comp.xarchcs.views.changesets.ChangeSetCellModifier"
                }, 
                {
                    "id": "edu.uci.isr.archstudio4.rationale.views.RationaleCellModifier"
                }, 
                {
                    "id": "edu.uci.isr.archstudio4.comp.tracelink.views.SimpleTracelinkCellModifier"
                }
            ], 
            "partition49": [
                {
                    "id": "edu.uci.isr.archstudio4.comp.archipelago.types.TypesHintSupport"
                }, 
                {
                    "id": "edu.uci.isr.archstudio4.comp.archipelago.types.StructureHintSupport"
                }, 
                {
                    "id": "edu.uci.isr.archstudio4.comp.archipelago.util.HintSupport"
                }, 
                {
                    "id": "edu.uci.isr.archstudio4.comp.archipelago.generic.logics.hints.XAdlHintRepository"
                }
            ], 
            "partition50": [
                {
                    "id": "edu.uci.isr.archstudio4.comp.archipelago.types.TypesEditColorLogic"
                }, 
                {
                    "id": "edu.uci.isr.archstudio4.comp.archipelago.types.StructureEditColorLogic"
                }
            ], 
            "partition51": [
                {
                    "id": "edu.uci.isr.archstudio4.comp.archipelago.types.TypesMapper"
                }, 
                {
                    "id": "edu.uci.isr.archstudio4.comp.booleaneval.TypeMismatchException"
                }, 
                {
                    "id": "edu.uci.isr.archstudio4.comp.booleaneval.NoSuchTypeException"
                }
            ], 
            "partition52": [
                {
                    "id": "edu.uci.isr.archstudio4.comp.archipelago.types.TypesNewSignatureLogic"
                }, 
                {
                    "id": "edu.uci.isr.archstudio4.comp.archipelago.types.StructureMapSignatureLogic"
                }, 
                {
                    "id": "edu.uci.isr.archstudio4.comp.archipelago.generic.logics.editing.AlignSignatureInterfaceMappingsLogic"
                }
            ], 
            "partition53": [
                {
                    "id": "edu.uci.isr.archstudio4.comp.archipelago.types.TypesTreePlugin"
                }, 
                {
                    "id": "edu.uci.isr.archstudio4.comp.archipelago.statecharts.StatechartsTreePlugin"
                }, 
                {
                    "id": "edu.uci.isr.archstudio4.comp.archipelago.RootTreePlugin"
                }, 
                {
                    "id": "edu.uci.isr.archstudio4.comp.archipelago.types.StructureTreePlugin"
                }
            ], 
            "partition54": [
                {
                    "id": "edu.uci.isr.archstudio4.comp.archipelago.types.TypesEditDirectionLogic"
                }, 
                {
                    "id": "edu.uci.isr.archstudio4.comp.archipelago.types.StructureEditDirectionLogic"
                }, 
                {
                    "id": "edu.uci.isr.archstudio4.comp.archipelago.util.AbstractEditDirectionLogic"
                }
            ], 
            "partition55": [
                {
                    "id": "edu.uci.isr.archstudio4.comp.archipelago.types.TypesEditorSupport"
                }, 
                {
                    "id": "edu.uci.isr.archstudio4.comp.archipelago.statecharts.StatechartsEditorSupport"
                }, 
                {
                    "id": "edu.uci.isr.archstudio4.comp.archipelago.types.StructureEditorSupport"
                }, 
                {
                    "id": "edu.uci.isr.archstudio4.comp.archipelago.activitydiagrams.ActivityDiagramsEditorSupport"
                }, 
                {
                    "id": "edu.uci.isr.archstudio4.comp.xarchcs.views.variability.RelationshipEditingSupport"
                }
            ], 
            "partition56": [
                {
                    "id": "edu.uci.isr.archstudio4.comp.archipelago.types.TypesTreeLabelProvider"
                }, 
                {
                    "id": "edu.uci.isr.archstudio4.comp.archipelago.types.TypesTreeDragSourceListener"
                }
            ], 
            "partition57": [
                {
                    "id": "edu.uci.isr.archstudio4.comp.archipelago.types.TypesRemoveTypeSetContextMenuFiller"
                }
            ], 
            "partition58": [
                {
                    "id": "edu.uci.isr.archstudio4.comp.xarchcs.changesetadt.resolvers.ElementTypeResolver"
                }, 
                {
                    "id": "edu.uci.isr.archstudio4.comp.xarchcs.changesetadt.resolvers.DoNotResolveElementTypeResolver"
                }, 
                {
                    "id": "edu.uci.isr.archstudio4.comp.xarchcs.changesetadt.resolvers.NoResolver"
                }, 
                {
                    "id": "edu.uci.isr.archstudio4.comp.xarchcs.changesetadt.resolvers.AbstractResolver"
                }
            ], 
            "partition59": [
                {
                    "id": "edu.uci.isr.archstudio4.comp.relatedelements.processors.RelatedTypeElementsProcessor"
                }, 
                {
                    "id": "edu.uci.isr.archstudio4.comp.relatedelements.RelatedElementsMyxComponent"
                }, 
                {
                    "id": "edu.uci.isr.archstudio4.comp.relatedelements.IRelatedElementsManager"
                }, 
                {
                    "id": "edu.uci.isr.archstudio4.comp.relatedelements.RelatedElementsManagerImpl"
                }, 
                {
                    "id": "edu.uci.isr.archstudio4.comp.relatedelements.IRelatedElementsProcessor"
                }, 
                {
                    "id": "edu.uci.isr.archstudio4.comp.relatedelements.processors.RelatedHintedElementsProcessor"
                }, 
                {
                    "id": "edu.uci.isr.archstudio4.comp.relatedelements.processors.RelatedRationaleElementsProcessor"
                }
            ], 
            "partition60": [
                {
                    "id": "edu.uci.isr.archstudio4.comp.relatedelements.processors.RelatedTypeElement"
                }, 
                {
                    "id": "edu.uci.isr.archstudio4.comp.copypaste.RelatedElementNode"
                }, 
                {
                    "id": "edu.uci.isr.archstudio4.comp.relatedelements.processors.RelatedRationaleElement"
                }, 
                {
                    "id": "edu.uci.isr.archstudio4.comp.relatedelements.IRelatedElement"
                }, 
                {
                    "id": "edu.uci.isr.archstudio4.comp.relatedelements.processors.RelatedHintedElement"
                }
            ], 
            "partition61": [
                {
                    "id": "edu.uci.isr.archstudio4.comp.typewrangler.TypeWranglerMyxComponent"
                }, 
                {
                    "id": "edu.uci.isr.archstudio4.comp.typewrangler.TypeWranglerEditor"
                }, 
                {
                    "id": "edu.uci.isr.archstudio4.comp.typewrangler.TypeWranglerOutlinePage"
                }
            ], 
            "partition62": [
                {
                    "id": "edu.uci.isr.archstudio4.comp.booleaneval.TypeParser"
                }, 
                {
                    "id": "edu.uci.isr.archstudio4.comp.archedit.ArchEditMyxComponent"
                }, 
                {
                    "id": "edu.uci.isr.archstudio4.comp.filetracker.FileTrackerMyxComponent"
                }
            ], 
            "partition63": [
                {
                    "id": "edu.uci.isr.archstudio4.comp.archipelago.codegen.BrickLabelProvider"
                }, 
                {
                    "id": "edu.uci.isr.archstudio4.comp.archipelago.codegen.BrickLabelList"
                }, 
                {
                    "id": "edu.uci.isr.archstudio4.comp.archipelago.codegen.BrickContentProvider"
                }, 
                {
                    "id": "edu.uci.isr.archstudio4.comp.archipelago.codegen.BrickList"
                }, 
                {
                    "id": "edu.uci.isr.archstudio4.comp.archipelago.codegen.BrickLabel"
                }
            ], 
            "partition64": [
                {
                    "id": "edu.uci.isr.archstudio4.comp.archipelago.util.BasicSWTPropertyCoder"
                }, 
                {
                    "id": "edu.uci.isr.archstudio4.comp.archipelago.util.IPropertyCoder"
                }, 
                {
                    "id": "edu.uci.isr.archstudio4.comp.archipelago.util.PropertyDecodeException"
                }, 
                {
                    "id": "edu.uci.isr.archstudio4.comp.archipelago.util.BasicPropertyCoder"
                }, 
                {
                    "id": "edu.uci.isr.archstudio4.comp.archipelago.util.EnumPropertyCoder"
                }, 
                {
                    "id": "edu.uci.isr.archstudio4.comp.archipelago.util.ArrayPropertyCoder"
                }
            ], 
            "partition65": [
                {
                    "id": "edu.uci.isr.archstudio4.comp.archipelago.statecharts.logics.editing.StatechartsNewElementLogic"
                }, 
                {
                    "id": "edu.uci.isr.archstudio4.comp.archipelago.types.StructureNewElementLogic"
                }, 
                {
                    "id": "edu.uci.isr.archstudio4.comp.archipelago.types.StructureNewInterfaceLogic"
                }, 
                {
                    "id": "edu.uci.isr.archstudio4.comp.archipelago.activitydiagrams.editorsupport.logics.StructureNewElementLogic"
                }
            ], 
            "partition66": [
                {
                    "id": "edu.uci.isr.archstudio4.comp.archipelago.stateline.StatelineStatechartsLogic"
                }, 
                {
                    "id": "edu.uci.isr.archstudio4.comp.archipelago.stateline.StatelineStructureLogic"
                }, 
                {
                    "id": "edu.uci.isr.archstudio4.comp.archipelago.stateline.StatelineUtils"
                }
            ], 
            "partition67": [
                {
                    "id": "edu.uci.isr.archstudio4.comp.archipelago.RootLabelProvider"
                }, 
                {
                    "id": "edu.uci.isr.archstudio4.comp.tracelink.views.LinkLabelProvider"
                }
            ], 
            "partition68": [
                {
                    "id": "edu.uci.isr.archstudio4.comp.archipelago.FolderNodeLabelProvider"
                }, 
                {
                    "id": "edu.uci.isr.archstudio4.comp.archipelago.FolderNodeTreePlugin"
                }, 
                {
                    "id": "edu.uci.isr.archstudio4.comp.archlight.FolderNode"
                }, 
                {
                    "id": "edu.uci.isr.archstudio4.comp.archipelago.FolderNode"
                }
            ], 
            "partition69": [
                {
                    "id": "edu.uci.isr.archstudio4.comp.xarchcs.views.variability.RelationshipColumnLabelProvider"
                }, 
                {
                    "id": "edu.uci.isr.archstudio4.comp.tracelink.controllers.LinkColumnSorterAdapter"
                }, 
                {
                    "id": "edu.uci.isr.archstudio4.comp.tracelink.controllers.TracelinkSorter"
                }
            ], 
            "partition70": [
                {
                    "id": "edu.uci.isr.archstudio4.comp.xarchcs.views.changesets.ChangeSetLabelProvider"
                }
            ], 
            "partition71": [
                {
                    "id": "edu.uci.isr.archstudio4.rationale.views.RationaleLabelProvider"
                }, 
                {
                    "id": "edu.uci.isr.archstudio4.rationale.views.RationaleViewMyxComponent"
                }, 
                {
                    "id": "edu.uci.isr.archstudio4.rationale.views.AbstractRationaleViewMyxComponent"
                }, 
                {
                    "id": "edu.uci.isr.archstudio4.rationale.views.RationaleContentProvider"
                }, 
                {
                    "id": "edu.uci.isr.archstudio4.rationale.actions.DeleteRationaleAction"
                }, 
                {
                    "id": "edu.uci.isr.archstudio4.comp.xarchcs.changesetrelationshipmanager.RationaleElement"
                }
            ], 
            "partition72": [
                {
                    "id": "edu.uci.isr.archstudio4.rationale.views.AssociatedItemsLabelProvider"
                }, 
                {
                    "id": "edu.uci.isr.archstudio4.rationale.views.AssociatedItemsContentProvider"
                }
            ], 
            "partition73": [
                {
                    "id": "edu.uci.isr.archstudio4.comp.tracelink.views.SimpleTracelinkLabelProvider"
                }, 
                {
                    "id": "edu.uci.isr.archstudio4.comp.tracelink.views.SimpleTracelinkContentProvider"
                }, 
                {
                    "id": "edu.uci.isr.archstudio4.comp.booleannotation.SimpleNode"
                }, 
                {
                    "id": "edu.uci.isr.archstudio4.comp.tracelink.controllers.SimpleTracelinkController"
                }, 
                {
                    "id": "edu.uci.isr.archstudio4.comp.tracelink.models.SimpleTracelinkElement"
                }, 
                {
                    "id": "edu.uci.isr.archstudio4.comp.booleannotation.SimpleCharStream"
                }
            ], 
            "partition74": [
                {
                    "id": "edu.uci.isr.archstudio4.comp.changesetsviewer.ChangeSetsDisplayLabelProvider"
                }
            ], 
            "partition75": [
                {
                    "id": "edu.uci.isr.archstudio4.comp.archipelago.activitydiagrams.logics.editing.ActivityDiagramsEditorContextMenuAddDiagramLogic"
                }, 
                {
                    "id": "edu.uci.isr.archstudio4.comp.archipelago.variants.AddVariantLogic"
                }, 
                {
                    "id": "edu.uci.isr.archstudio4.comp.xarchcs.actions.AddVariantRelationshipAction"
                }, 
                {
                    "id": "edu.uci.isr.archstudio4.comp.xarchcs.actions.AddAndRelationshipAction"
                }, 
                {
                    "id": "edu.uci.isr.archstudio4.comp.xarchcs.actions.AddOrRelationshipAction"
                }, 
                {
                    "id": "edu.uci.isr.archstudio4.rationale.actions.AddRationaleAction"
                }
            ], 
            "partition76": [
                {
                    "id": "edu.uci.isr.archstudio4.comp.archipelago.types.StructureGraphLayoutLogic"
                }, 
                {
                    "id": "edu.uci.isr.archstudio4.graphlayout.gui.GraphLayoutDialog"
                }, 
                {
                    "id": "edu.uci.isr.archstudio4.comp.graphlayout.GraphLayoutMyxComponent"
                }, 
                {
                    "id": "edu.uci.isr.archstudio4.graphlayout.GraphLayoutParameters"
                }, 
                {
                    "id": "edu.uci.isr.archstudio4.graphlayout.GraphLayout"
                }, 
                {
                    "id": "edu.uci.isr.archstudio4.graphlayout.GraphLayoutException"
                }, 
                {
                    "id": "edu.uci.isr.archstudio4.graphlayout.IGraphLayout"
                }
            ], 
            "partition77": [
                {
                    "id": "edu.uci.isr.archstudio4.comp.booleannotation.BooleanGuardParserTreeConstants"
                }, 
                {
                    "id": "edu.uci.isr.archstudio4.comp.booleannotation.BooleanGuardParser"
                }, 
                {
                    "id": "edu.uci.isr.archstudio4.comp.booleannotation.BooleanGuardParserTokenManager"
                }, 
                {
                    "id": "edu.uci.isr.archstudio4.comp.booleannotation.JJTBooleanGuardParserState"
                }, 
                {
                    "id": "edu.uci.isr.archstudio4.comp.booleannotation.BooleanGuardParserConstants"
                }
            ], 
            "partition78": [
                {
                    "id": "edu.uci.isr.archstudio4.comp.xarchcs.changesetidview.WalkChangeSetTreeExample"
                }
            ], 
            "partition79": [
                {
                    "id": "edu.uci.isr.archstudio4.graphlayout.gui.GeneralOptionsParameterPanel"
                }, 
                {
                    "id": "edu.uci.isr.archstudio4.graphlayout.gui.IGraphLayoutParameterPanel"
                }, 
                {
                    "id": "edu.uci.isr.archstudio4.graphlayout.gui.IGraphLayoutParameterPanelProvider"
                }, 
                {
                    "id": "edu.uci.isr.archstudio4.graphlayout.gui.SizeAndScaleParameterPanel"
                }, 
                {
                    "id": "edu.uci.isr.archstudio4.graphlayout.gui.OrientInterfacesParameterPanel"
                }
            ], 
            "partition80": [
                {
                    "id": "edu.uci.isr.archstudio4.comp.tracelink.addtracelinks.RecoverLinkToolDialog"
                }, 
                {
                    "id": "edu.uci.isr.archstudio4.comp.tracelink.addtracelinks.RecoverLinkInputDialog"
                }, 
                {
                    "id": "edu.uci.isr.archstudio4.comp.tracelink.addtracelinks.IRecoverLinkView"
                }, 
                {
                    "id": "edu.uci.isr.archstudio4.comp.tracelink.addtracelinks.RecoverLinkView"
                }
            ], 
            "partition81": [
                {
                    "id": "edu.uci.isr.archstudio4.comp.tracelink.analysis.RuleDialog"
                }, 
                {
                    "id": "edu.uci.isr.archstudio4.comp.tracelink.analysis.SimpleRulePart"
                }, 
                {
                    "id": "edu.uci.isr.archstudio4.comp.tracelink.analysis.IRulePart"
                }, 
                {
                    "id": "edu.uci.isr.archstudio4.comp.tracelink.analysis.ITracelinkRule"
                }, 
                {
                    "id": "edu.uci.isr.archstudio4.comp.tracelink.analysis.SimpleRuleObject"
                }
            ], 
            "partition82": [
                {
                    "id": "edu.uci.isr.archstudio4.comp.tracelink.addtracelinks.ManualLinkInputDialog"
                }, 
                {
                    "id": "edu.uci.isr.archstudio4.comp.tracelink.addtracelinks.ManualLinkView"
                }, 
                {
                    "id": "edu.uci.isr.archstudio4.comp.tracelink.addtracelinks.IManualLinkView"
                }
            ], 
            "partition83": [
                {
                    "id": "edu.uci.isr.archstudio4.comp.archipelago.util.AbstractEditGuardLogic"
                }, 
                {
                    "id": "edu.uci.isr.archstudio4.comp.archedit.ArchEditOutlinePage"
                }, 
                {
                    "id": "edu.uci.isr.archstudio4.comp.archedit.ArchEditEditor"
                }, 
                {
                    "id": "edu.uci.isr.archstudio4.comp.archipelago.options.EditOptionalLogic"
                }
            ], 
            "partition84": [
                {
                    "id": "edu.uci.isr.archstudio4.comp.archipelago.codegen.EditorUtil"
                }, 
                {
                    "id": "edu.uci.isr.archstudio4.editors.FocusEditorListener"
                }
            ], 
            "partition85": [
                {
                    "id": "edu.uci.isr.archstudio4.comp.archlight.ArchlightEditor"
                }, 
                {
                    "id": "edu.uci.isr.archstudio4.comp.archlight.ArchlightUtils"
                }, 
                {
                    "id": "edu.uci.isr.archstudio4.comp.archlight.issueadt.ArchlightIssueADT"
                }, 
                {
                    "id": "edu.uci.isr.archstudio4.comp.archlight.issueadt.ArchlightIssueADTListener"
                }, 
                {
                    "id": "edu.uci.isr.archstudio4.comp.archlight.issueadt.IArchlightIssueADT"
                }, 
                {
                    "id": "edu.uci.isr.archstudio4.archlight.ArchlightElementIdentifier"
                }, 
                {
                    "id": "edu.uci.isr.archstudio4.archlight.ArchlightIssue"
                }, 
                {
                    "id": "edu.uci.isr.archstudio4.comp.archlight.issueview.ArchlightIssueView"
                }
            ], 
            "partition86": [
                {
                    "id": "edu.uci.isr.archstudio4.comp.tracelink.hypermedia.CodeEditor"
                }, 
                {
                    "id": "edu.uci.isr.archstudio4.comp.archipelago.codegen.CodeGenLogic"
                }
            ], 
            "partition87": [
                {
                    "id": "edu.uci.isr.archstudio4.editors.AbstractArchstudioEditor"
                }, 
                {
                    "id": "edu.uci.isr.archstudio4.editors.AbstractArchstudioEditorMyxComponent"
                }
            ], 
            "partition88": [
                {
                    "id": "edu.uci.isr.archstudio4.comp.editormanager.EditorManagerMyxComponent"
                }, 
                {
                    "id": "edu.uci.isr.archstudio4.comp.fileman.FileManagerMyxComponent"
                }
            ], 
            "partition89": [
                {
                    "id": "edu.uci.isr.archstudio4.comp.changesetsviewer.ChangeSetsViewerEditor"
                }
            ], 
            "partition90": [
                {
                    "id": "edu.uci.isr.archstudio4.comp.aimlauncher.AIMLauncherEditor"
                }, 
                {
                    "id": "edu.uci.isr.archstudio4.comp.aim.AIMMyxComponent"
                }, 
                {
                    "id": "edu.uci.isr.archstudio4.comp.aim.AbstractAIMMyxComponent"
                }, 
                {
                    "id": "edu.uci.isr.archstudio4.comp.aimlauncher.AIMLauncherMyxComponent"
                }, 
                {
                    "id": "edu.uci.isr.archstudio4.comp.aimlauncher.AIMLauncherOutlinePage"
                }
            ], 
            "partition91": [
                {
                    "id": "edu.uci.isr.archstudio4.comp.bootstrap.AbstractBootstrapMyxComponent"
                }, 
                {
                    "id": "edu.uci.isr.archstudio4.comp.bootstrap.BootstrapMyxComponent"
                }, 
                {
                    "id": "edu.uci.isr.archstudio4.Bootstrap"
                }
            ], 
            "partition92": [
                {
                    "id": "edu.uci.isr.archstudio4.comp.xarchadt.XArchADTMyxComponent"
                }, 
                {
                    "id": "edu.uci.isr.archstudio4.comp.preferencesadt.PreferencesADTMyxComponent"
                }
            ], 
            "partition93": [
                {
                    "id": "edu.uci.isr.archstudio4.comp.xarchcs.views.changesets.ChangeSetViewMyxComponent"
                }
            ], 
            "partition94": [
                {
                    "id": "edu.uci.isr.archstudio4.comp.xarchcs.changesetadt.ChangeSetADTMyxComponent"
                }
            ], 
            "partition95": [
                {
                    "id": "edu.uci.isr.archstudio4.comp.pruner.PrunerMyxComponent"
                }, 
                {
                    "id": "edu.uci.isr.archstudio4.comp.pruner.PrunerImpl"
                }, 
                {
                    "id": "edu.uci.isr.archstudio4.comp.pruner.IPruner"
                }
            ], 
            "partition96": [
                {
                    "id": "edu.uci.isr.archstudio4.comp.archlight.ArchlightMyxComponent"
                }, 
                {
                    "id": "edu.uci.isr.archstudio4.comp.tracelink.TracelinkViewMyxComponent"
                }
            ], 
            "partition97": [
                {
                    "id": "edu.uci.isr.archstudio4.comp.xarchcs.changesetstatusview.ChangeSetStatusViewMyxComponent"
                }
            ], 
            "partition98": [
                {
                    "id": "edu.uci.isr.archstudio4.comp.archlight.issueview.ArchlightIssueViewMyxComponent"
                }
            ], 
            "partition99": [
                {
                    "id": "edu.uci.isr.archstudio4.comp.xarchcs.changesetrelationshipmanager.ChangeSetRelationshipManagerMyxComponent"
                }
            ], 
            "partition100": [
                {
                    "id": "edu.uci.isr.archstudio4.comp.xarchcs.changesetsync.ChangeSetSyncMyxComponent"
                }
            ], 
            "partition101": [
                {
                    "id": "edu.uci.isr.archstudio4.comp.launcher.LauncherMyxComponent"
                }, 
                {
                    "id": "edu.uci.isr.archstudio4.comp.launcher.LauncherView"
                }
            ], 
            "partition102": [
                {
                    "id": "edu.uci.isr.archstudio4.comp.resources.ResourcesMyxComponent"
                }, 
                {
                    "id": "edu.uci.isr.archstudio4.util.ArchstudioResources"
                }, 
                {
                    "id": "edu.uci.isr.archstudio4.comp.resources.IResources"
                }
            ], 
            "partition103": [
                {
                    "id": "edu.uci.isr.archstudio4.comp.archlight.tools.schematron.SchematronMyxComponent"
                }, 
                {
                    "id": "edu.uci.isr.archstudio4.comp.archlight.tools.schematron.SchematronUtils"
                }, 
                {
                    "id": "edu.uci.isr.archstudio4.comp.archlight.tools.schematron.SchematronPreferencePanel"
                }, 
                {
                    "id": "edu.uci.isr.archstudio4.comp.archlight.tools.schematron.SchematronInitializationException"
                }
            ], 
            "partition104": [
                {
                    "id": "edu.uci.isr.archstudio4.comp.xarchcs.changesetidrelationships.ChangeSetIdRelationshipsMyxComponent"
                }
            ], 
            "partition105": [
                {
                    "id": "edu.uci.isr.archstudio4.comp.booleaneval.BooleanEvalMyxComponent"
                }, 
                {
                    "id": "edu.uci.isr.archstudio4.comp.booleaneval.BooleanEvalImpl"
                }, 
                {
                    "id": "edu.uci.isr.archstudio4.comp.booleaneval.IBooleanEval"
                }
            ], 
            "partition106": [
                {
                    "id": "edu.uci.isr.archstudio4.comp.booleannotation.BooleanNotationMyxComponent"
                }, 
                {
                    "id": "edu.uci.isr.archstudio4.comp.booleannotation.IBooleanNotation"
                }
            ], 
            "partition107": [
                {
                    "id": "edu.uci.isr.archstudio4.comp.guardtracker.GuardTrackerMyxComponent"
                }, 
                {
                    "id": "edu.uci.isr.archstudio4.comp.guardtracker.GuardTrackerImpl"
                }, 
                {
                    "id": "edu.uci.isr.archstudio4.comp.guardtracker.IGuardTracker"
                }, 
                {
                    "id": "edu.uci.isr.archstudio4.comp.filetracker.FileTrackerView"
                }
            ], 
            "partition108": [
                {
                    "id": "edu.uci.isr.archstudio4.comp.basepreferences.BasePreferencesMyxComponent"
                }, 
                {
                    "id": "edu.uci.isr.archstudio4.comp.tracelink.preferences.IPreferencesView"
                }, 
                {
                    "id": "edu.uci.isr.archstudio4.comp.tracelink.preferences.PreferencesView"
                }
            ], 
            "partition109": [
                {
                    "id": "edu.uci.isr.archstudio4.comp.archlight.ArchlightToolAggregatorMyxComponent"
                }, 
                {
                    "id": "edu.uci.isr.archstudio4.archlight.IArchlightTool"
                }
            ], 
            "partition110": [
                {
                    "id": "edu.uci.isr.archstudio4.comp.xarchcs.changesetidview.ChangeSetIdViewMyxComponent"
                }
            ], 
            "partition111": [
                {
                    "id": "edu.uci.isr.archstudio4.comp.changesetsviewer.ChangeSetsViewerMyxComponent"
                }
            ], 
            "partition112": [
                {
                    "id": "edu.uci.isr.archstudio4.comp.aimeclipse.AIMEclipseMyxComponent"
                }, 
                {
                    "id": "edu.uci.isr.archstudio4.comp.aimeclipse.AbstractAIMEclipseMyxComponent"
                }, 
                {
                    "id": "edu.uci.isr.archstudio4.util.EclipseUtils"
                }
            ], 
            "partition113": [
                {
                    "id": "edu.uci.isr.archstudio4.comp.xarchcs.changesetstatusrelationships.ChangeSetStatusRelationshipsMyxComponent"
                }
            ], 
            "partition114": [
                {
                    "id": "edu.uci.isr.archstudio4.comp.xarchcs.xarchcs.XArchChangeSetExplicitFilterMyxConnector"
                }
            ], 
            "partition115": [
                {
                    "id": "edu.uci.isr.archstudio4.comp.xarchcs.xarchcs.XArchChangeSetMyxComponent"
                }
            ], 
            "partition116": [
                {
                    "id": "edu.uci.isr.archstudio4.comp.xarchcs.xarchcs.XArchChangeSetLegacyFilterMyxConnector"
                }
            ], 
            "partition117": [
                {
                    "id": "edu.uci.isr.archstudio4.comp.xarchcs.views.changesets.MyxViewPart"
                }, 
                {
                    "id": "edu.uci.isr.archstudio4.comp.xarchcs.views.variability.VariabilityViewPart"
                }, 
                {
                    "id": "edu.uci.isr.archstudio4.rationale.views.RationaleViewPart"
                }, 
                {
                    "id": "edu.uci.isr.archstudio4.comp.tracelink.views.layouts.TracelinkSidebarViewPart"
                }
            ], 
            "partition118": [
                {
                    "id": "edu.uci.isr.archstudio4.comp.versionpruner.VersionPrunerMyxComponent"
                }, 
                {
                    "id": "edu.uci.isr.archstudio4.comp.versionpruner.VersionPrunerImpl"
                }, 
                {
                    "id": "edu.uci.isr.archstudio4.comp.versionpruner.IVersionPruner"
                }
            ], 
            "partition119": [
                {
                    "id": "edu.uci.isr.archstudio4.comp.eclipsecontentstore.EclipseContentStoreMyxComponent"
                }
            ], 
            "partition120": [
                {
                    "id": "edu.uci.isr.archstudio4.comp.fileman.NewFileWizard"
                }, 
                {
                    "id": "edu.uci.isr.archstudio4.comp.archipelago.util.FileDirtyLogic"
                }, 
                {
                    "id": "edu.uci.isr.archstudio4.comp.fileman.CantOpenFileException"
                }
            ], 
            "partition121": [
                {
                    "id": "edu.uci.isr.archstudio4.natures.ArchStudio4Nature"
                }, 
                {
                    "id": "edu.uci.isr.archstudio4.comp.basepreferences.ArchStudioPreferencePanel"
                }
            ], 
            "partition122": [
                {
                    "id": "edu.uci.isr.archstudio4.comp.xarchcs.xarchcs.XArchChangeSetImpl"
                }
            ], 
            "partition123": [
                {
                    "id": "edu.uci.isr.archstudio4.comp.xarchcs.xarchcs.XArchChangeSetImplDelegate"
                }
            ], 
            "partition124": [
                {
                    "id": "edu.uci.isr.archstudio4.comp.xarchcs.xarchcs.XArchChangeSetUtils"
                }
            ], 
            "partition125": [
                {
                    "id": "edu.uci.isr.archstudio4.comp.xarchcs.xarchcs.XArchChangeSetInterface"
                }
            ], 
            "partition126": [
                {
                    "id": "edu.uci.isr.archstudio4.comp.xarchcs.xarchcs.XArchChangeSetExplicitFilterImpl"
                }
            ], 
            "partition127": [
                {
                    "id": "edu.uci.isr.archstudio4.comp.xarchcs.XArchCSActivator"
                }, 
                {
                    "id": "edu.uci.isr.archstudio4.Archstudio4Activator"
                }, 
                {
                    "id": "edu.uci.isr.archstudio4.comp.tracelink.Activator"
                }
            ], 
            "partition128": [
                {
                    "id": "edu.uci.isr.archstudio4.comp.xarchcs.actions.IHasXArchRef"
                }, 
                {
                    "id": "edu.uci.isr.archstudio4.comp.copypaste.ObjRefNode"
                }, 
                {
                    "id": "edu.uci.isr.archstudio4.comp.archipelago.ObjRefTransfer"
                }, 
                {
                    "id": "edu.uci.isr.archstudio4.utils.IHasObjRef"
                }, 
                {
                    "id": "edu.uci.isr.archstudio4.utils.HasObjRefUtil"
                }, 
                {
                    "id": "edu.uci.isr.archstudio4.comp.tracelink.models.ObjRefTracelinkElementAdapter"
                }, 
                {
                    "id": "edu.uci.isr.archstudio4.comp.xarchcs.views.changesets.ObjRefTransfer"
                }, 
                {
                    "id": "edu.uci.isr.archstudio4.comp.xarchcs.changesetadt.IObjRefResolver"
                }
            ], 
            "partition129": [
                {
                    "id": "edu.uci.isr.archstudio4.comp.xarchcs.xarchcs.XArchChangeSetListener"
                }
            ], 
            "partition130": [
                {
                    "id": "edu.uci.isr.archstudio4.comp.xarchcs.xarchcs.XArchChangeSetLegacyFilterImpl"
                }
            ], 
            "partition131": [
                {
                    "id": "edu.uci.isr.archstudio4.comp.graphlayout.graphviz.DotLayoutEngine"
                }, 
                {
                    "id": "edu.uci.isr.archstudio4.comp.graphlayout.graphviz.AbstractGraphvizLayoutEngine"
                }, 
                {
                    "id": "edu.uci.isr.archstudio4.comp.graphlayout.ILayoutEngine"
                }
            ], 
            "partition132": [
                {
                    "id": "edu.uci.isr.archstudio4.comp.xarchcs.views.changesets.ChangeSetContentProvider"
                }
            ], 
            "partition133": [
                {
                    "id": "edu.uci.isr.archstudio4.comp.xarchcs.views.changesets.ChangeSetState"
                }
            ], 
            "partition134": [
                {
                    "id": "edu.uci.isr.archstudio4.comp.xarchcs.views.changesets.ChangeSetViewPart"
                }
            ], 
            "partition135": [
                {
                    "id": "edu.uci.isr.archstudio4.comp.xarchcs.views.changesets.ChangeSetSorter"
                }, 
                {
                    "id": "edu.uci.isr.archstudio4.comp.xarchcs.actions.AddChangeSetAction"
                }
            ], 
            "partition136": [
                {
                    "id": "edu.uci.isr.archstudio4.comp.xarchcs.changesetadt.ChangeSetFlatQueryImpl"
                }
            ], 
            "partition137": [
                {
                    "id": "edu.uci.isr.archstudio4.comp.xarchcs.changesetadt.ChangeSetADTImpl"
                }
            ], 
            "partition138": [
                {
                    "id": "edu.uci.isr.archstudio4.comp.xarchcs.changesetstatusview.ChangeSetStatusViewImpl"
                }
            ], 
            "partition139": [
                {
                    "id": "edu.uci.isr.archstudio4.comp.xarchcs.changesetrelationshipmanager.ChangeSetRelationshipManagerImpl"
                }
            ], 
            "partition140": [
                {
                    "id": "edu.uci.isr.archstudio4.comp.xarchcs.changesetsync.ChangeSetSyncImpl"
                }
            ], 
            "partition141": [
                {
                    "id": "edu.uci.isr.archstudio4.comp.xarchcs.changesetidrelationships.ChangeSetIdRelationshipsImpl"
                }
            ], 
            "partition142": [
                {
                    "id": "edu.uci.isr.archstudio4.comp.booleannotation.BPInSetNode"
                }, 
                {
                    "id": "edu.uci.isr.archstudio4.comp.xarchcs.logics.AnnotateExplicitChangeLogic"
                }
            ], 
            "partition143": [
                {
                    "id": "edu.uci.isr.archstudio4.comp.xarchcs.ChangeSetUtils"
                }
            ], 
            "partition144": [
                {
                    "id": "edu.uci.isr.archstudio4.comp.xarchcs.changesetidview.ChangeSetIdViewImpl"
                }
            ], 
            "partition145": [
                {
                    "id": "edu.uci.isr.archstudio4.comp.changesetsviewer.ChangeSetsViewerOutlinePage"
                }, 
                {
                    "id": "edu.uci.isr.archstudio4.comp.tracelink.publishextract.PublishExtractLinkView"
                }, 
                {
                    "id": "edu.uci.isr.archstudio4.comp.tracelink.publishextract.IPublishExtractLinkView"
                }
            ], 
            "partition146": [
                {
                    "id": "edu.uci.isr.archstudio4.comp.changesetsviewer.ChangeSetsDisplayContentProvider"
                }
            ], 
            "partition147": [
                {
                    "id": "edu.uci.isr.archstudio4.comp.xarchcs.changesetstatusrelationships.ChangeSetStatusRelationshipsImpl"
                }
            ], 
            "partition148": [
                {
                    "id": "edu.uci.isr.archstudio4.comp.xarchcs.changesetidview.IChangeSetIdView"
                }, 
                {
                    "id": "edu.uci.isr.archstudio4.comp.xarchcs.changesetidview.IChangeSetIdViewListener"
                }
            ], 
            "partition149": [
                {
                    "id": "edu.uci.isr.archstudio4.comp.xarchcs.logics.HighlightChangesInChangeSetViewLogic"
                }
            ], 
            "partition150": [
                {
                    "id": "edu.uci.isr.archstudio4.comp.xarchcs.changesetrelationshipmanager.AbstractChangeSetRelationshipMergeHandler"
                }, 
                {
                    "id": "edu.uci.isr.archstudio4.comp.xarchcs.changesetrelationshipmanager.IChangeSetRelationshipMergeHandler"
                }
            ], 
            "partition151": [
                {
                    "id": "edu.uci.isr.archstudio4.comp.xarchcs.changesetidview.ChangeSetIdViewListeners"
                }
            ], 
            "partition152": [
                {
                    "id": "edu.uci.isr.archstudio4.comp.xarchcs.ProgressToChangeSetMonitorWrapper"
                }
            ], 
            "partition153": [
                {
                    "id": "edu.uci.isr.archstudio4.comp.xarchcs.logics.ChangeSetsModifierLogic"
                }
            ], 
            "partition154": [
                {
                    "id": "edu.uci.isr.archstudio4.comp.xarchcs.views.changesets.IChangeSetStateListener"
                }
            ], 
            "partition155": [
                {
                    "id": "edu.uci.isr.archstudio4.comp.xarchcs.changesetutils.ChangeSetPathReference"
                }, 
                {
                    "id": "edu.uci.isr.archstudio4.comp.archipelago.generic.logics.mapping.BNAPath"
                }
            ], 
            "partition156": [
                {
                    "id": "edu.uci.isr.archstudio4.comp.xarchcs.changesetrelationshipmanager.IChangeSetRelationshipManager"
                }
            ], 
            "partition157": [
                {
                    "id": "edu.uci.isr.archstudio4.comp.xarchcs.changesetstatusview.IChangeSetStatusViewListener"
                }
            ], 
            "partition158": [
                {
                    "id": "edu.uci.isr.archstudio4.comp.xarchcs.changesetstatusview.ChangeSetStatusViewListeners"
                }
            ], 
            "partition159": [
                {
                    "id": "edu.uci.isr.archstudio4.comp.xarchcs.views.changesets.IChangeSetState"
                }
            ], 
            "partition160": [
                {
                    "id": "edu.uci.isr.archstudio4.comp.xarchcs.changesetadt.IChangeSetADT"
                }
            ], 
            "partition161": [
                {
                    "id": "edu.uci.isr.archstudio4.comp.xarchcs.changesetstatusview.IChangeSetStatusView"
                }
            ], 
            "partition162": [
                {
                    "id": "edu.uci.isr.archstudio4.comp.xarchcs.changesetsync.IChangeSetSync"
                }
            ], 
            "partition163": [
                {
                    "id": "edu.uci.isr.archstudio4.comp.selector.BrokenLinkException"
                }, 
                {
                    "id": "edu.uci.isr.archstudio4.comp.pruner.BrokenLinkException"
                }, 
                {
                    "id": "edu.uci.isr.archstudio4.comp.tracelink.analysis.LinkDiff"
                }, 
                {
                    "id": "edu.uci.isr.archstudio4.comp.tracelink.views.LinkTableView"
                }
            ], 
            "partition164": [
                {
                    "id": "edu.uci.isr.archstudio4.comp.tracelink.views.LinkAttributeFilterBoxView"
                }, 
                {
                    "id": "edu.uci.isr.archstudio4.comp.tracelink.views.MsgBox"
                }
            ], 
            "partition165": [
                {
                    "id": "edu.uci.isr.archstudio4.comp.tracelink.addtracelinks.RecordLinkView"
                }, 
                {
                    "id": "edu.uci.isr.archstudio4.comp.tracelink.addtracelinks.IRecordLinkView"
                }, 
                {
                    "id": "edu.uci.isr.archstudio4.comp.tracelink.addtracelinks.RecordBrowserHistory_Moz3"
                }, 
                {
                    "id": "edu.uci.isr.archstudio4.comp.tracelink.addtracelinks.RecordBrowserHistory_Moz2"
                }
            ], 
            "partition166": [
                {
                    "id": "edu.uci.isr.archstudio4.comp.tracelink.models.TraceLink"
                }, 
                {
                    "id": "edu.uci.isr.archstudio4.comp.tracelink.models.TraceEndpointModel"
                }, 
                {
                    "id": "edu.uci.isr.archstudio4.comp.tracelink.models.ITraceEndpointModel"
                }, 
                {
                    "id": "edu.uci.isr.archstudio4.comp.tracelink.models.TraceEndpoint"
                }, 
                {
                    "id": "edu.uci.isr.archstudio4.comp.tracelink.controllers.TraceRecorder"
                }
            ], 
            "partition167": [
                {
                    "id": "edu.uci.isr.archstudio4.comp.booleannotation.BooleanGuardConverter"
                }, 
                {
                    "id": "edu.uci.isr.archstudio4.comp.xarchcs.views.changesets.conversion.ComparableBooleanGuardConverter"
                }, 
                {
                    "id": "edu.uci.isr.archstudio4.comp.xarchcs.views.changesets.conversion.CSConverter"
                }
            ], 
            "partition168": [
                {
                    "id": "edu.uci.isr.archstudio4.comp.copypaste.ICopiedElementNode"
                }, 
                {
                    "id": "edu.uci.isr.archstudio4.comp.booleannotation.Node"
                }
            ], 
            "partition169": [
                {
                    "id": "edu.uci.isr.archstudio4.graphlayout.gui.DataValidationException"
                }, 
                {
                    "id": "edu.uci.isr.archstudio4.launcher.LaunchData"
                }, 
                {
                    "id": "edu.uci.isr.archstudio4.launcher.ILaunchData"
                }
            ], 
            "partition170": [
                {
                    "id": "edu.uci.isr.archstudio4.comp.booleannotation.BPLessEqualNode"
                }, 
                {
                    "id": "edu.uci.isr.archstudio4.comp.booleannotation.BPLessNode"
                }, 
                {
                    "id": "edu.uci.isr.archstudio4.comp.booleannotation.BPGreaterNode"
                }, 
                {
                    "id": "edu.uci.isr.archstudio4.comp.booleannotation.BPEqualNode"
                }, 
                {
                    "id": "edu.uci.isr.archstudio4.comp.booleannotation.BPGreaterEqualNode"
                }, 
                {
                    "id": "edu.uci.isr.archstudio4.comp.booleannotation.BPNotEqualNode"
                }
            ], 
            "partition171": [
                {
                    "id": "edu.uci.isr.archstudio4.comp.booleannotation.BPInRangeNode"
                }, 
                {
                    "id": "edu.uci.isr.archstudio4.comp.booleannotation.BPOrNode"
                }, 
                {
                    "id": "edu.uci.isr.archstudio4.comp.booleannotation.BPNotNode"
                }, 
                {
                    "id": "edu.uci.isr.archstudio4.comp.booleannotation.BPAndNode"
                }, 
                {
                    "id": "edu.uci.isr.archstudio4.comp.booleannotation.BPStart"
                }, 
                {
                    "id": "edu.uci.isr.archstudio4.comp.booleannotation.BPUtilities"
                }
            ], 
            "partition172": [
                {
                    "id": "edu.uci.isr.archstudio4.comp.archipelago.util.InterfaceLocationSyncUtils"
                }
            ], 
            "partition173": [
                {
                    "id": "edu.uci.isr.archstudio4.comp.aim.AIMImpl"
                }, 
                {
                    "id": "edu.uci.isr.archstudio4.comp.aimeclipse.AIMEclipseImpl"
                }
            ], 
            "partition174": [
                {
                    "id": "edu.uci.isr.archstudio4.graphlayout.gui.DotPanelProvider"
                }, 
                {
                    "id": "edu.uci.isr.archstudio4.graphlayout.gui.DotSpacingParameterPanel"
                }
            ], 
            "partition175": [
                {
                    "id": "edu.uci.isr.archstudio4.comp.tracelink.preferences.PreferencesViewer"
                }, 
                {
                    "id": "edu.uci.isr.archstudio4.comp.tracelink.publishextract.ExtractViewer"
                }
            ], 
            "partition176": [
                {
                    "id": "edu.uci.isr.archstudio4.comp.selector.InvalidURIException"
                }, 
                {
                    "id": "edu.uci.isr.archstudio4.comp.pruner.InvalidURIException"
                }, 
                {
                    "id": "edu.uci.isr.archstudio4.comp.versionpruner.InvalidURIException"
                }
            ], 
            "partition177": [
                {
                    "id": "edu.uci.isr.archstudio4.comp.pruner.InvalidElementIDException"
                }, 
                {
                    "id": "edu.uci.isr.archstudio4.comp.xarchcs.changesetadt.resolvers.IDResolver"
                }, 
                {
                    "id": "edu.uci.isr.archstudio4.comp.xarchcs.changesetidview.IdCreators"
                }
            ], 
            "partition178": [
                {
                    "id": "edu.uci.isr.archstudio4.comp.xarchcs.changesetrelationshipmanager.RelationshipElement"
                }, 
                {
                    "id": "edu.uci.isr.archstudio4.comp.xarchcs.changesetutils.OrRelationshipBuilder"
                }
            ], 
            "partition179": [
                {
                    "id": "edu.uci.isr.archstudio4.comp.xarchcs.changesetadt.resolvers.MultiValueResolver"
                }, 
                {
                    "id": "edu.uci.isr.archstudio4.comp.xarchcs.changesetadt.resolvers.ValueResolver"
                }
            ], 
            "partition180": [
                {
                    "id": "edu.uci.isr.archstudio4.comp.pruner.MissingAttributeException"
                }, 
                {
                    "id": "edu.uci.isr.archstudio4.comp.pruner.MissingElementException"
                }, 
                {
                    "id": "edu.uci.isr.archstudio4.comp.booleaneval.MissingElementException"
                }
            ], 
            "partition181": [
                {
                    "id": "edu.uci.isr.archstudio4.comp.tracelink.models.AbstractDOMBasedTracelinkElementAdapter"
                }, 
                {
                    "id": "edu.uci.isr.archstudio4.comp.tracelink.models.ITracelinkModel"
                }, 
                {
                    "id": "edu.uci.isr.archstudio4.comp.tracelink.models.TracelinkModel"
                }, 
                {
                    "id": "edu.uci.isr.archstudio4.comp.tracelink.controllers.ITracelinkController"
                }, 
                {
                    "id": "edu.uci.isr.archstudio4.comp.tracelink.models.ITracelinkElement"
                }
            ], 
            "partition182": [
                {
                    "id": "edu.uci.isr.archstudio4.comp.tracelink.models.MozillaBrowserHistoryModel"
                }, 
                {
                    "id": "edu.uci.isr.archstudio4.comp.tracelink.models.IMozillaBrowserHistoryModel"
                }
            ], 
            "partition183": [
                {
                    "id": "edu.uci.isr.archstudio4.comp.tracelink.reports.ReportsView"
                }, 
                {
                    "id": "edu.uci.isr.archstudio4.comp.tracelink.reports.IReportView"
                }
            ], 
            "partition184": [
                {
                    "id": "edu.uci.isr.archstudio4.comp.tracelink.reports.ReportCriteriaViewer"
                }, 
                {
                    "id": "edu.uci.isr.archstudio4.comp.tracelink.reports.Criteria"
                }
            ], 
            "partition185": [
                {
                    "id": "edu.uci.isr.archstudio4.comp.tracelink.hypermedia.HypermediaAdapter"
                }, 
                {
                    "id": "edu.uci.isr.archstudio4.comp.tracelink.hypermedia.IHypermediaAdapter"
                }
            ], 
            "partition186": [
                {
                    "id": "edu.uci.isr.archstudio4.comp.booleannotation.Token"
                }, 
                {
                    "id": "edu.uci.isr.archstudio4.comp.booleannotation.TokenMgrError"
                }
            ], 
            "unobserved": [
                {
                    "id": "edu.uci.isr.archstudio4.comp.archlight.testadt.ArchlightTestADTMyxComponent"
                }, 
                {
                    "id": "edu.uci.isr.archstudio4.comp.aim.IAIM"
                }, 
                {
                    "id": "edu.uci.isr.archstudio4.comp.archlight.tools.schematron.SchematronTestManager"
                }, 
                {
                    "id": "edu.uci.isr.archstudio4.comp.archlight.tools.schematron.SchematronTestFile"
                }, 
                {
                    "id": "edu.uci.isr.archstudio4.launcher.ILaunchable"
                }, 
                {
                    "id": "edu.uci.isr.archstudio4.comp.booleaneval.NoSuchVariableException"
                }, 
                {
                    "id": "edu.uci.isr.archstudio4.comp.booleannotation.ParseException"
                }, 
                {
                    "id": "edu.uci.isr.archstudio4.comp.tracelink.views.IWidget"
                }, 
                {
                    "id": "edu.uci.isr.archstudio4.comp.archlight.testadt.ArchlightTestADTEvent"
                }, 
                {
                    "id": "edu.uci.isr.archstudio4.comp.archlight.testadt.IArchlightTestADT"
                }, 
                {
                    "id": "edu.uci.isr.archstudio4.comp.tracelink.hypermedia.LinkTest"
                }, 
                {
                    "id": "edu.uci.isr.archstudio4.archlight.ArchlightTest"
                }, 
                {
                    "id": "edu.uci.isr.archstudio4.comp.archlight.testadt.ArchlightTestADTListener"
                }, 
                {
                    "id": "edu.uci.isr.archstudio4.comp.archlight.tools.schematron.SchematronTestFileParseException"
                }, 
                {
                    "id": "edu.uci.isr.archstudio4.comp.archlight.ArchlightDocTest"
                }, 
                {
                    "id": "edu.uci.isr.archstudio4.comp.tracelink.controllers.IXADLFacade"
                }, 
                {
                    "id": "edu.uci.isr.archstudio4.archlight.ArchlightTestError"
                }, 
                {
                    "id": "edu.uci.isr.archstudio4.comp.tracelink.models.XMLSerializer"
                }, 
                {
                    "id": "edu.uci.isr.archstudio4.comp.archipelago.activitydiagrams.logic.util.ExportPPTLogic2"
                }, 
                {
                    "id": "edu.uci.isr.archstudio4.comp.tracelink.addtracelinks.OneNormsReader"
                }, 
                {
                    "id": "edu.uci.isr.archstudio4.comp.graphlayout.AliasTable"
                }, 
                {
                    "id": "edu.uci.isr.archstudio4.comp.aim.ArchitectureInstantiationException"
                }, 
                {
                    "id": "edu.uci.isr.archstudio4.comp.booleaneval.SymbolTable"
                }, 
                {
                    "id": "edu.uci.isr.archstudio4.comp.tracelink.views.GenericView"
                }, 
                {
                    "id": "edu.uci.isr.archstudio4.comp.archlight.tools.schematron.SchematronTester"
                }, 
                {
                    "id": "edu.uci.isr.archstudio4.comp.archlight.tools.schematron.SchematronTestResultParser"
                }, 
                {
                    "id": "edu.uci.isr.archstudio4.comp.selector.ElementCollector"
                }, 
                {
                    "id": "edu.uci.isr.archstudio4.comp.archlight.tools.schematron.SchematronTestException"
                }, 
                {
                    "id": "edu.uci.isr.archstudio4.archlight.ArchlightTestResult"
                }, 
                {
                    "id": "edu.uci.isr.archstudio4.comp.archlight.testadt.ArchlightTestADT"
                }
            ]
        }
    }
}
