{
    "all-groups": {
        "group0": [
            "edu.uci.isr.archstudio4.comp.bootstrap.AbstractBootstrapMyxComponent", 
            "edu.uci.isr.archstudio4.comp.bootstrap.BootstrapMyxComponent"
        ], 
        "group1": [
            "edu.uci.isr.archstudio4.comp.tracelink.controllers.SimpleTracelinkController", 
            "edu.uci.isr.archstudio4.comp.tracelink.views.SimpleTracelinkLabelProvider"
        ], 
        "group2": [
            "edu.uci.isr.archstudio4.comp.archipelago.types.StructureHintSupport", 
            "edu.uci.isr.archstudio4.comp.archipelago.util.HintSupport", 
            "edu.uci.isr.archstudio4.comp.archipelago.types.TypesHintSupport"
        ], 
        "group3": [
            "edu.uci.isr.archstudio4.comp.fileman.IFileManagerListener", 
            "edu.uci.isr.archstudio4.comp.archipelago.types.StructureFileManagerListener"
        ], 
        "group4": [
            "edu.uci.isr.archstudio4.comp.archipelago.util.FileDirtyLogic", 
            "edu.uci.isr.archstudio4.comp.fileman.CantOpenFileException"
        ], 
        "group5": [
            "edu.uci.isr.archstudio4.comp.archedit.ArchEditEditor", 
            "edu.uci.isr.archstudio4.comp.archedit.ArchEditOutlinePage"
        ], 
        "group6": [
            "edu.uci.isr.archstudio4.comp.pruner.IPruner", 
            "edu.uci.isr.archstudio4.comp.pruner.PrunerImpl", 
            "edu.uci.isr.archstudio4.comp.pruner.PrunerMyxComponent"
        ], 
        "group7": [
            "edu.uci.isr.archstudio4.comp.xarchcs.changesetrelationshipmanager.MergeKey", 
            "edu.uci.isr.archstudio4.comp.xarchcs.changesetrelationshipmanager.MergeKeyAndRelationshipRegistry"
        ], 
        "group8": [
            "edu.uci.isr.archstudio4.comp.archipelago.codegen.BrickSelectorLogic", 
            "edu.uci.isr.archstudio4.comp.archipelago.codegen.ExternalBrickSelectorLogic"
        ], 
        "group9": [
            "edu.uci.isr.archstudio4.comp.tracelink.addtracelinks.ManualLinkView", 
            "edu.uci.isr.archstudio4.comp.tracelink.addtracelinks.IManualLinkView", 
            "edu.uci.isr.archstudio4.comp.tracelink.addtracelinks.ManualLinkInputDialog"
        ], 
        "group10": [
            "edu.uci.isr.archstudio4.comp.xarchcs.views.changesets.conversion.ComparableBooleanGuardConverter", 
            "edu.uci.isr.archstudio4.comp.xarchcs.views.changesets.conversion.CSConverter"
        ], 
        "group11": [
            "edu.uci.isr.archstudio4.comp.relatedelements.IRelatedElementsProcessor", 
            "edu.uci.isr.archstudio4.comp.relatedelements.processors.RelatedTypeElementsProcessor"
        ], 
        "group12": [
            "edu.uci.isr.archstudio4.comp.archipelago.ArchipelagoMyxComponent", 
            "edu.uci.isr.archstudio4.comp.archipelago.ArchipelagoEditor"
        ], 
        "group13": [
            "edu.uci.isr.archstudio4.comp.archlight.issueadt.ArchlightIssueADT", 
            "edu.uci.isr.archstudio4.comp.archlight.issueadt.ArchlightIssueADTListener"
        ], 
        "group14": [
            "edu.uci.isr.archstudio4.graphlayout.gui.DotPanelProvider", 
            "edu.uci.isr.archstudio4.graphlayout.gui.DotSpacingParameterPanel"
        ], 
        "group15": [
            "edu.uci.isr.archstudio4.archlight.ArchlightIssue", 
            "edu.uci.isr.archstudio4.comp.archlight.issueadt.IArchlightIssueADT"
        ], 
        "group16": [
            "edu.uci.isr.archstudio4.comp.booleannotation.BooleanGuardParser", 
            "edu.uci.isr.archstudio4.comp.booleannotation.BooleanGuardParserConstants", 
            "edu.uci.isr.archstudio4.comp.booleannotation.BooleanGuardParserTreeConstants"
        ], 
        "group17": [
            "edu.uci.isr.archstudio4.comp.archipelago.IArchipelagoTreeDoubleClickHandler", 
            "edu.uci.isr.archstudio4.comp.archipelago.activitydiagrams.ActivityDiagramsDoubleClickHandler", 
            "edu.uci.isr.archstudio4.comp.archipelago.statecharts.StatechartsDoubleClickHandler", 
            "edu.uci.isr.archstudio4.comp.archipelago.types.StructureDoubleClickHandler", 
            "edu.uci.isr.archstudio4.comp.archipelago.types.TypesDoubleClickHandler"
        ], 
        "group18": [
            "edu.uci.isr.archstudio4.comp.tracelink.models.TraceEndpoint", 
            "edu.uci.isr.archstudio4.comp.tracelink.models.TraceLink", 
            "edu.uci.isr.archstudio4.comp.tracelink.models.ITraceEndpointModel"
        ], 
        "group19": [
            "edu.uci.isr.archstudio4.comp.xarchcs.changesetadt.resolvers.MultiValueResolver", 
            "edu.uci.isr.archstudio4.comp.xarchcs.changesetadt.resolvers.ValueResolver"
        ], 
        "group20": [
            "edu.uci.isr.archstudio4.comp.booleannotation.BPEqualNode", 
            "edu.uci.isr.archstudio4.comp.booleannotation.BPGreaterEqualNode", 
            "edu.uci.isr.archstudio4.comp.booleannotation.BPGreaterNode", 
            "edu.uci.isr.archstudio4.comp.booleannotation.BPLessEqualNode", 
            "edu.uci.isr.archstudio4.comp.booleannotation.BPLessNode", 
            "edu.uci.isr.archstudio4.comp.booleannotation.BPNotEqualNode"
        ], 
        "group21": [
            "edu.uci.isr.archstudio4.comp.xarchcs.explicitadt.IExplicitADT", 
            "edu.uci.isr.archstudio4.comp.xarchcs.explicitadt.ExplicitADTImpl", 
            "edu.uci.isr.archstudio4.comp.xarchcs.explicitadt.ExplicitADTListener", 
            "edu.uci.isr.archstudio4.comp.xarchcs.explicitadt.ExplicitADTMyxComponent"
        ], 
        "group22": [
            "edu.uci.isr.archstudio4.comp.pruner.MissingAttributeException", 
            "edu.uci.isr.archstudio4.comp.pruner.MissingElementException"
        ], 
        "group23": [
            "edu.uci.isr.archstudio4.comp.relatedelements.IRelatedElement", 
            "edu.uci.isr.archstudio4.comp.copypaste.RelatedElementNode"
        ], 
        "group24": [
            "edu.uci.isr.archstudio4.comp.archipelago.activitydiagrams.logics.mapping.MapXadlActionLogic", 
            "edu.uci.isr.archstudio4.comp.archipelago.activitydiagrams.logics.mapping.MapXadlActorLogic", 
            "edu.uci.isr.archstudio4.comp.archipelago.activitydiagrams.logics.mapping.MapXadlNoteLogic"
        ], 
        "group25": [
            "edu.uci.isr.archstudio4.comp.tracelink.analysis.IRulePart", 
            "edu.uci.isr.archstudio4.comp.tracelink.analysis.RuleDialog", 
            "edu.uci.isr.archstudio4.comp.tracelink.analysis.SimpleRuleObject", 
            "edu.uci.isr.archstudio4.comp.tracelink.analysis.SimpleRulePart"
        ], 
        "group26": [
            "edu.uci.isr.archstudio4.comp.archipelago.activitydiagrams.ActivityDiagramsFileManagerListener", 
            "edu.uci.isr.archstudio4.comp.archipelago.activitydiagrams.ActivityDiagramsTreePlugin"
        ], 
        "group27": [
            "edu.uci.isr.archstudio4.archlight.ArchlightNotice", 
            "edu.uci.isr.archstudio4.comp.archlight.noticeadt.ArchlightNoticeADTEvent"
        ], 
        "group28": [
            "edu.uci.isr.archstudio4.comp.archipelago.types.TypesRemoveLogic", 
            "edu.uci.isr.archstudio4.comp.archipelago.util.AbstractRemoveLogic"
        ], 
        "group29": [
            "edu.uci.isr.archstudio4.comp.archipelago.generic.logics.editing.dialogs.OptionsDialog", 
            "edu.uci.isr.archstudio4.comp.archipelago.generic.logics.editing.dialogs.OptionsDialogContentProvider", 
            "edu.uci.isr.archstudio4.comp.archipelago.generic.logics.editing.dialogs.OptionsDialogLabelProvider"
        ], 
        "group30": [
            "edu.uci.isr.archstudio4.comp.archipelago.stateline.StatelineTreePlugin", 
            "edu.uci.isr.archstudio4.comp.archipelago.stateline.StatelineEventListener"
        ], 
        "group31": [
            "edu.uci.isr.archstudio4.comp.aimlauncher.AIMLauncherEditor", 
            "edu.uci.isr.archstudio4.comp.aimlauncher.AIMLauncherMyxComponent", 
            "edu.uci.isr.archstudio4.comp.aimlauncher.AIMLauncherOutlinePage"
        ], 
        "group32": [
            "edu.uci.isr.archstudio4.comp.tracelink.addtracelinks.RecordBrowserHistory_Moz2", 
            "edu.uci.isr.archstudio4.comp.tracelink.addtracelinks.RecordBrowserHistory_Moz3"
        ], 
        "group33": [
            "edu.uci.isr.archstudio4.comp.tracelink.models.ISelectionModel", 
            "edu.uci.isr.archstudio4.comp.tracelink.models.SelectionModel"
        ], 
        "group34": [
            "edu.uci.isr.archstudio4.comp.archipelago.activitydiagrams.ActivityDiagramsEditDescriptionCellModifier", 
            "edu.uci.isr.archstudio4.comp.archipelago.util.AbstractEditDescriptionCellModifier", 
            "edu.uci.isr.archstudio4.comp.archipelago.statecharts.StatechartsEditDescriptionCellModifier", 
            "edu.uci.isr.archstudio4.comp.archipelago.types.StructureEditDescriptionCellModifier", 
            "edu.uci.isr.archstudio4.comp.archipelago.types.TypesEditDescriptionCellModifier"
        ], 
        "group35": [
            "edu.uci.isr.archstudio4.comp.archipelago.types.StructureEvents", 
            "edu.uci.isr.archstudio4.comp.archipelago.types.TypesEvents"
        ], 
        "group36": [
            "edu.uci.isr.archstudio4.comp.xarchcs.changesetadt.resolvers.ElementTypeResolver", 
            "edu.uci.isr.archstudio4.comp.xarchcs.changesetadt.resolvers.NoResolver", 
            "edu.uci.isr.archstudio4.comp.xarchcs.changesetadt.resolvers.AbstractResolver"
        ], 
        "group37": [
            "edu.uci.isr.archstudio4.comp.archlight.noticeadt.ArchlightNoticeADT", 
            "edu.uci.isr.archstudio4.comp.archlight.noticeadt.ArchlightNoticeADTListener", 
            "edu.uci.isr.archstudio4.comp.archlight.noticeadt.ArchlightNoticeADTMyxComponent"
        ], 
        "group38": [
            "edu.uci.isr.archstudio4.comp.archipelago.generic.logics.mapping.AbstractAutomapSingleAssemblyXArchRelativePathMappingLogic", 
            "edu.uci.isr.archstudio4.comp.archipelago.generic.logics.mapping.SingleAssemblyXadlMappingLogic"
        ], 
        "group39": [
            "edu.uci.isr.archstudio4.utils.HasObjRefUtil", 
            "edu.uci.isr.archstudio4.utils.IHasObjRef"
        ], 
        "group40": [
            "edu.uci.isr.archstudio4.comp.archipelago.statecharts.StatechartsTreeLabelProvider", 
            "edu.uci.isr.archstudio4.comp.archipelago.types.StructureTreeLabelProvider"
        ], 
        "group41": [
            "edu.uci.isr.archstudio4.comp.archipelago.activitydiagrams.ActivityDiagramsNewActivityDiagramContextMenuFiller", 
            "edu.uci.isr.archstudio4.comp.archipelago.activitydiagrams.ActivityDiagramsTreeContentProvider"
        ], 
        "group42": [
            "edu.uci.isr.archstudio4.comp.booleaneval.BooleanEvalImpl", 
            "edu.uci.isr.archstudio4.comp.booleaneval.BooleanEvalMyxComponent"
        ], 
        "group43": [
            "edu.uci.isr.archstudio4.comp.archipelago.FolderNodeTreePlugin", 
            "edu.uci.isr.archstudio4.comp.archipelago.FolderNodeLabelProvider"
        ], 
        "group44": [
            "edu.uci.isr.archstudio4.graphlayout.gui.IGraphLayoutParameterPanel", 
            "edu.uci.isr.archstudio4.graphlayout.gui.OrientInterfacesParameterPanel"
        ], 
        "group45": [
            "edu.uci.isr.archstudio4.comp.archipelago.IXArchEventHandlerLogic", 
            "edu.uci.isr.archstudio4.comp.archipelago.types.StructureXArchEventHandlerLogic", 
            "edu.uci.isr.archstudio4.comp.archipelago.types.StructureXArchEventHandler"
        ], 
        "group46": [
            "edu.uci.isr.archstudio4.comp.archipelago.stateline.StatelineStatechartsLogic", 
            "edu.uci.isr.archstudio4.comp.archipelago.stateline.StatelineStructureLogic", 
            "edu.uci.isr.archstudio4.comp.archipelago.stateline.StatelineUtils"
        ], 
        "group47": [
            "edu.uci.isr.archstudio4.comp.xarchcs.xarchfakedetach.XArchDetachListener", 
            "edu.uci.isr.archstudio4.comp.xarchcs.xarchfakedetach.XArchDetachImpl", 
            "edu.uci.isr.archstudio4.comp.xarchcs.xarchfakedetach.XArchDetachMyxComponent"
        ], 
        "group48": [
            "edu.uci.isr.archstudio4.comp.booleannotation.BPAndNode", 
            "edu.uci.isr.archstudio4.comp.booleannotation.BPInRangeNode", 
            "edu.uci.isr.archstudio4.comp.booleannotation.BPNotNode", 
            "edu.uci.isr.archstudio4.comp.booleannotation.BPOrNode"
        ], 
        "group49": [
            "edu.uci.isr.archstudio4.comp.archipelago.activitydiagrams.ActivityDiagramsRemoveContextMenuFiller", 
            "edu.uci.isr.archstudio4.comp.archipelago.util.AbstractRemoveContextMenuFiller", 
            "edu.uci.isr.archstudio4.comp.archipelago.statecharts.StatechartsRemoveContextMenuFiller", 
            "edu.uci.isr.archstudio4.comp.archipelago.types.StructureRemoveContextMenuFiller", 
            "edu.uci.isr.archstudio4.comp.archipelago.types.TypesRemoveContextMenuFiller"
        ], 
        "group50": [
            "edu.uci.isr.archstudio4.comp.resources.IResources", 
            "edu.uci.isr.archstudio4.comp.resources.ResourcesMyxComponent"
        ], 
        "group51": [
            "edu.uci.isr.archstudio4.comp.archipelago.types.StructureAssignTypeLogic", 
            "edu.uci.isr.archstudio4.comp.archipelago.types.TypesAssignStructureLogic"
        ], 
        "group52": [
            "edu.uci.isr.archstudio4.comp.archipelago.types.StructureEditDescriptionLogic", 
            "edu.uci.isr.archstudio4.comp.archipelago.util.AbstractEditDescriptionLogic", 
            "edu.uci.isr.archstudio4.comp.archipelago.types.TypesEditDescriptionLogic"
        ], 
        "group53": [
            "edu.uci.isr.archstudio4.comp.archipelago.activitydiagrams.ActivityDiagramsEditDescriptionContextMenuFiller", 
            "edu.uci.isr.archstudio4.comp.archipelago.util.AbstractEditDescriptionContextMenuFiller", 
            "edu.uci.isr.archstudio4.comp.archipelago.statecharts.StatechartsEditDescriptionContextMenuFiller", 
            "edu.uci.isr.archstudio4.comp.archipelago.types.StructureEditDescriptionContextMenuFiller"
        ], 
        "group54": [
            "edu.uci.isr.archstudio4.comp.archipelago.types.StructureEditDirectionLogic", 
            "edu.uci.isr.archstudio4.comp.archipelago.util.AbstractEditDirectionLogic", 
            "edu.uci.isr.archstudio4.comp.archipelago.types.TypesEditDirectionLogic"
        ], 
        "group55": [
            "edu.uci.isr.archstudio4.comp.relatedelements.RelatedElementsManagerImpl", 
            "edu.uci.isr.archstudio4.comp.relatedelements.RelatedElementsMyxComponent"
        ], 
        "group56": [
            "edu.uci.isr.archstudio4.comp.archlight.tools.schematron.SchematronUtils", 
            "edu.uci.isr.archstudio4.comp.archlight.tools.schematron.SchematronInitializationException"
        ], 
        "group57": [
            "edu.uci.isr.archstudio4.comp.typewrangler.TypeWranglerEditor", 
            "edu.uci.isr.archstudio4.comp.typewrangler.TypeWranglerMyxComponent"
        ], 
        "group58": [
            "edu.uci.isr.archstudio4.comp.xarchcs.changesetrelationshipmanager.LeftMergeHandler", 
            "edu.uci.isr.archstudio4.comp.xarchcs.changesetrelationshipmanager.RightMergeHandler"
        ], 
        "group59": [
            "edu.uci.isr.archstudio4.comp.archipelago.generic.logics.editing.XadlCopyPasteLogic", 
            "edu.uci.isr.archstudio4.comp.copypaste.ICopyPasteManager", 
            "edu.uci.isr.archstudio4.comp.copypaste.CopyPasteMyxComponent"
        ], 
        "group60": [
            "edu.uci.isr.archstudio4.comp.archipelago.options.EditOptionalLogic", 
            "edu.uci.isr.archstudio4.comp.archipelago.util.AbstractEditGuardLogic"
        ], 
        "group61": [
            "edu.uci.isr.archstudio4.comp.xarchcs.actions.AddAndRelationshipAction", 
            "edu.uci.isr.archstudio4.comp.xarchcs.actions.AddOrRelationshipAction", 
            "edu.uci.isr.archstudio4.comp.xarchcs.actions.AddVariantRelationshipAction", 
            "edu.uci.isr.archstudio4.rationale.actions.AddRationaleAction"
        ], 
        "group62": [
            "edu.uci.isr.archstudio4.comp.tracelink.publishextract.PublishExtractLinkView", 
            "edu.uci.isr.archstudio4.comp.tracelink.publishextract.IPublishExtractLinkView"
        ], 
        "group63": [
            "edu.uci.isr.archstudio4.comp.selector.ISelector", 
            "edu.uci.isr.archstudio4.comp.selector.SelectorMyxComponent"
        ], 
        "group64": [
            "edu.uci.isr.archstudio4.comp.tracelink.views.layouts.TracelinkSidebarViewPart", 
            "edu.uci.isr.archstudio4.comp.xarchcs.views.changesets.MyxViewPart"
        ], 
        "group65": [
            "edu.uci.isr.archstudio4.comp.archlight.noticeadt.IArchlightNoticeADT", 
            "edu.uci.isr.archstudio4.comp.archlight.noticeview.ArchlightNoticeView", 
            "edu.uci.isr.archstudio4.comp.archlight.noticeview.ArchlightNoticeViewMyxComponent"
        ], 
        "group66": [
            "edu.uci.isr.archstudio4.comp.archipelago.statecharts.logics.mapping.MapXadlFinalStateLogic", 
            "edu.uci.isr.archstudio4.comp.archipelago.statecharts.logics.mapping.MapXadlInitialStateLogic"
        ], 
        "group67": [
            "edu.uci.isr.archstudio4.comp.tracelink.addtracelinks.RecoverLinkView", 
            "edu.uci.isr.archstudio4.comp.tracelink.addtracelinks.RecoverLinkInputDialog"
        ], 
        "group68": [
            "edu.uci.isr.archstudio4.comp.selectordriver.SelectorDriverEditor", 
            "edu.uci.isr.archstudio4.comp.selectordriver.SelectorDriverMyxComponent"
        ], 
        "group69": [
            "edu.uci.isr.archstudio4.comp.versionpruner.IVersionPruner", 
            "edu.uci.isr.archstudio4.comp.versionpruner.VersionPrunerImpl", 
            "edu.uci.isr.archstudio4.comp.versionpruner.VersionPrunerMyxComponent"
        ], 
        "group70": [
            "edu.uci.isr.archstudio4.comp.archipelago.IArchipelagoEditorFocuser", 
            "edu.uci.isr.archstudio4.comp.archipelago.types.StructureEditorFocuser", 
            "edu.uci.isr.archstudio4.comp.archipelago.types.TypesEditorFocuser"
        ], 
        "group71": [
            "edu.uci.isr.archstudio4.comp.xarchcs.xarchfakedetach.XArchDetachFilterImpl", 
            "edu.uci.isr.archstudio4.comp.xarchcs.xarchfakedetach.XArchDetachEvent"
        ], 
        "group72": [
            "edu.uci.isr.archstudio4.comp.booleannotation.IBooleanNotation", 
            "edu.uci.isr.archstudio4.comp.booleannotation.BooleanNotationMyxComponent"
        ], 
        "group73": [
            "edu.uci.isr.archstudio4.comp.archipelago.things.SWTXadlSelectorThing", 
            "edu.uci.isr.archstudio4.comp.archipelago.things.SWTXadlSelectorThingPeer"
        ], 
        "group74": [
            "edu.uci.isr.archstudio4.archlight.IArchlightTool", 
            "edu.uci.isr.archstudio4.comp.archlight.ArchlightToolAggregatorMyxComponent"
        ], 
        "group75": [
            "edu.uci.isr.archstudio4.comp.archipelago.util.ArrayPropertyCoder", 
            "edu.uci.isr.archstudio4.comp.archipelago.util.IPropertyCoder", 
            "edu.uci.isr.archstudio4.comp.archipelago.util.PropertyDecodeException", 
            "edu.uci.isr.archstudio4.comp.archipelago.util.BasicPropertyCoder", 
            "edu.uci.isr.archstudio4.comp.archipelago.util.BasicSWTPropertyCoder", 
            "edu.uci.isr.archstudio4.comp.archipelago.util.EnumPropertyCoder"
        ], 
        "group76": [
            "edu.uci.isr.archstudio4.comp.tracelink.hypermedia.HypermediaAdapter", 
            "edu.uci.isr.archstudio4.comp.tracelink.hypermedia.IHypermediaAdapter"
        ], 
        "group77": [
            "edu.uci.isr.archstudio4.comp.tracelink.models.ITracelinkElement", 
            "edu.uci.isr.archstudio4.comp.tracelink.models.AbstractDOMBasedTracelinkElementAdapter"
        ], 
        "group78": [
            "edu.uci.isr.archstudio4.comp.archipelago.IArchipelagoTreeNodeDataCache", 
            "edu.uci.isr.archstudio4.comp.archipelago.ArchipelagoDataCache", 
            "edu.uci.isr.archstudio4.comp.archipelago.TreeNodeDataCache"
        ], 
        "group79": [
            "edu.uci.isr.archstudio4.comp.aim.AbstractAIMMyxComponent", 
            "edu.uci.isr.archstudio4.comp.aim.AIMMyxComponent"
        ], 
        "group80": [
            "edu.uci.isr.archstudio4.comp.archipelago.types.StructureTypeDropLogic", 
            "edu.uci.isr.archstudio4.comp.archipelago.util.AbstractTypeDropLogic", 
            "edu.uci.isr.archstudio4.comp.archipelago.types.TypesTypeDropLogic"
        ], 
        "group81": [
            "edu.uci.isr.archstudio4.graphlayout.IGraphLayout", 
            "edu.uci.isr.archstudio4.comp.archipelago.types.StructureGraphLayoutLogic", 
            "edu.uci.isr.archstudio4.graphlayout.GraphLayout", 
            "edu.uci.isr.archstudio4.graphlayout.gui.GraphLayoutDialog"
        ], 
        "group82": [
            "edu.uci.isr.archstudio4.comp.guardtracker.GuardTrackerImpl", 
            "edu.uci.isr.archstudio4.comp.guardtracker.GuardTrackerMyxComponent"
        ], 
        "group83": [
            "edu.uci.isr.archstudio4.rationale.views.AbstractRationaleViewMyxComponent", 
            "edu.uci.isr.archstudio4.rationale.views.RationaleViewMyxComponent"
        ], 
        "group84": [
            "edu.uci.isr.archstudio4.comp.archipelago.codegen.BrickContentProvider", 
            "edu.uci.isr.archstudio4.comp.archipelago.codegen.BrickLabel", 
            "edu.uci.isr.archstudio4.comp.archipelago.codegen.BrickLabelList"
        ], 
        "group85": [
            "edu.uci.isr.archstudio4.comp.tracelink.preferences.PreferencesView", 
            "edu.uci.isr.archstudio4.comp.tracelink.preferences.IPreferencesView"
        ], 
        "group86": [
            "edu.uci.isr.archstudio4.comp.archipelago.generic.logics.mapping.MapXadlNondirectionalSplineLogic", 
            "edu.uci.isr.archstudio4.comp.archipelago.generic.logics.mapping.MapXadlSplineLogic"
        ], 
        "group87": [
            "edu.uci.isr.archstudio4.graphlayout.gui.GeneralOptionsParameterPanel", 
            "edu.uci.isr.archstudio4.graphlayout.gui.IGraphLayoutParameterPanelProvider"
        ], 
        "group88": [
            "edu.uci.isr.archstudio4.comp.tracelink.models.IMozillaBrowserHistoryModel", 
            "edu.uci.isr.archstudio4.comp.tracelink.models.MozillaBrowserHistoryModel"
        ], 
        "group89": [
            "edu.uci.isr.archstudio4.graphlayout.GraphLayoutParameters", 
            "edu.uci.isr.archstudio4.comp.graphlayout.GraphLayoutMyxComponent"
        ]
    }, 
    "groups-not-in-ground-truth": {
        "group0": [
            "edu.uci.isr.archstudio4.comp.fileman.IFileManagerListener", 
            "edu.uci.isr.archstudio4.comp.archipelago.types.StructureFileManagerListener"
        ], 
        "group1": [
            "edu.uci.isr.archstudio4.comp.archipelago.util.FileDirtyLogic", 
            "edu.uci.isr.archstudio4.comp.fileman.CantOpenFileException"
        ], 
        "group2": [
            "edu.uci.isr.archstudio4.archlight.ArchlightIssue", 
            "edu.uci.isr.archstudio4.comp.archlight.issueadt.IArchlightIssueADT"
        ], 
        "group3": [
            "edu.uci.isr.archstudio4.comp.xarchcs.explicitadt.IExplicitADT", 
            "edu.uci.isr.archstudio4.comp.xarchcs.explicitadt.ExplicitADTImpl", 
            "edu.uci.isr.archstudio4.comp.xarchcs.explicitadt.ExplicitADTListener", 
            "edu.uci.isr.archstudio4.comp.xarchcs.explicitadt.ExplicitADTMyxComponent"
        ], 
        "group4": [
            "edu.uci.isr.archstudio4.comp.relatedelements.IRelatedElement", 
            "edu.uci.isr.archstudio4.comp.copypaste.RelatedElementNode"
        ], 
        "group5": [
            "edu.uci.isr.archstudio4.archlight.ArchlightNotice", 
            "edu.uci.isr.archstudio4.comp.archlight.noticeadt.ArchlightNoticeADTEvent"
        ], 
        "group6": [
            "edu.uci.isr.archstudio4.comp.xarchcs.changesetadt.resolvers.ElementTypeResolver", 
            "edu.uci.isr.archstudio4.comp.xarchcs.changesetadt.resolvers.NoResolver", 
            "edu.uci.isr.archstudio4.comp.xarchcs.changesetadt.resolvers.AbstractResolver"
        ], 
        "group7": [
            "edu.uci.isr.archstudio4.comp.xarchcs.xarchfakedetach.XArchDetachListener", 
            "edu.uci.isr.archstudio4.comp.xarchcs.xarchfakedetach.XArchDetachImpl", 
            "edu.uci.isr.archstudio4.comp.xarchcs.xarchfakedetach.XArchDetachMyxComponent"
        ], 
        "group8": [
            "edu.uci.isr.archstudio4.comp.archipelago.generic.logics.editing.XadlCopyPasteLogic", 
            "edu.uci.isr.archstudio4.comp.copypaste.ICopyPasteManager", 
            "edu.uci.isr.archstudio4.comp.copypaste.CopyPasteMyxComponent"
        ], 
        "group9": [
            "edu.uci.isr.archstudio4.comp.archipelago.options.EditOptionalLogic", 
            "edu.uci.isr.archstudio4.comp.archipelago.util.AbstractEditGuardLogic"
        ], 
        "group10": [
            "edu.uci.isr.archstudio4.comp.xarchcs.actions.AddAndRelationshipAction", 
            "edu.uci.isr.archstudio4.comp.xarchcs.actions.AddOrRelationshipAction", 
            "edu.uci.isr.archstudio4.comp.xarchcs.actions.AddVariantRelationshipAction", 
            "edu.uci.isr.archstudio4.rationale.actions.AddRationaleAction"
        ], 
        "group11": [
            "edu.uci.isr.archstudio4.comp.tracelink.views.layouts.TracelinkSidebarViewPart", 
            "edu.uci.isr.archstudio4.comp.xarchcs.views.changesets.MyxViewPart"
        ], 
        "group12": [
            "edu.uci.isr.archstudio4.comp.archlight.noticeadt.IArchlightNoticeADT", 
            "edu.uci.isr.archstudio4.comp.archlight.noticeview.ArchlightNoticeView", 
            "edu.uci.isr.archstudio4.comp.archlight.noticeview.ArchlightNoticeViewMyxComponent"
        ], 
        "group13": [
            "edu.uci.isr.archstudio4.archlight.IArchlightTool", 
            "edu.uci.isr.archstudio4.comp.archlight.ArchlightToolAggregatorMyxComponent"
        ], 
        "group14": [
            "edu.uci.isr.archstudio4.graphlayout.IGraphLayout", 
            "edu.uci.isr.archstudio4.comp.archipelago.types.StructureGraphLayoutLogic", 
            "edu.uci.isr.archstudio4.graphlayout.GraphLayout", 
            "edu.uci.isr.archstudio4.graphlayout.gui.GraphLayoutDialog"
        ]
    }, 
    "groups-in-gt-split-by-union": {
        "group0": [
            "edu.uci.isr.archstudio4.comp.tracelink.controllers.SimpleTracelinkController", 
            "edu.uci.isr.archstudio4.comp.tracelink.views.SimpleTracelinkLabelProvider"
        ], 
        "group1": [
            "edu.uci.isr.archstudio4.comp.xarchcs.changesetrelationshipmanager.MergeKey", 
            "edu.uci.isr.archstudio4.comp.xarchcs.changesetrelationshipmanager.MergeKeyAndRelationshipRegistry"
        ], 
        "group2": [
            "edu.uci.isr.archstudio4.comp.archipelago.ArchipelagoMyxComponent", 
            "edu.uci.isr.archstudio4.comp.archipelago.ArchipelagoEditor"
        ], 
        "group3": [
            "edu.uci.isr.archstudio4.comp.tracelink.models.TraceEndpoint", 
            "edu.uci.isr.archstudio4.comp.tracelink.models.TraceLink", 
            "edu.uci.isr.archstudio4.comp.tracelink.models.ITraceEndpointModel"
        ], 
        "group4": [
            "edu.uci.isr.archstudio4.comp.tracelink.analysis.IRulePart", 
            "edu.uci.isr.archstudio4.comp.tracelink.analysis.RuleDialog", 
            "edu.uci.isr.archstudio4.comp.tracelink.analysis.SimpleRuleObject", 
            "edu.uci.isr.archstudio4.comp.tracelink.analysis.SimpleRulePart"
        ], 
        "group5": [
            "edu.uci.isr.archstudio4.comp.archipelago.activitydiagrams.ActivityDiagramsFileManagerListener", 
            "edu.uci.isr.archstudio4.comp.archipelago.activitydiagrams.ActivityDiagramsTreePlugin"
        ], 
        "group6": [
            "edu.uci.isr.archstudio4.comp.archipelago.generic.logics.editing.dialogs.OptionsDialog", 
            "edu.uci.isr.archstudio4.comp.archipelago.generic.logics.editing.dialogs.OptionsDialogContentProvider", 
            "edu.uci.isr.archstudio4.comp.archipelago.generic.logics.editing.dialogs.OptionsDialogLabelProvider"
        ], 
        "group7": [
            "edu.uci.isr.archstudio4.comp.archipelago.stateline.StatelineTreePlugin", 
            "edu.uci.isr.archstudio4.comp.archipelago.stateline.StatelineEventListener"
        ], 
        "group8": [
            "edu.uci.isr.archstudio4.comp.aimlauncher.AIMLauncherEditor", 
            "edu.uci.isr.archstudio4.comp.aimlauncher.AIMLauncherMyxComponent", 
            "edu.uci.isr.archstudio4.comp.aimlauncher.AIMLauncherOutlinePage"
        ], 
        "group9": [
            "edu.uci.isr.archstudio4.comp.archipelago.generic.logics.mapping.AbstractAutomapSingleAssemblyXArchRelativePathMappingLogic", 
            "edu.uci.isr.archstudio4.comp.archipelago.generic.logics.mapping.SingleAssemblyXadlMappingLogic"
        ], 
        "group10": [
            "edu.uci.isr.archstudio4.comp.archipelago.statecharts.StatechartsTreeLabelProvider", 
            "edu.uci.isr.archstudio4.comp.archipelago.types.StructureTreeLabelProvider"
        ], 
        "group11": [
            "edu.uci.isr.archstudio4.comp.archipelago.activitydiagrams.ActivityDiagramsNewActivityDiagramContextMenuFiller", 
            "edu.uci.isr.archstudio4.comp.archipelago.activitydiagrams.ActivityDiagramsTreeContentProvider"
        ], 
        "group12": [
            "edu.uci.isr.archstudio4.graphlayout.gui.IGraphLayoutParameterPanel", 
            "edu.uci.isr.archstudio4.graphlayout.gui.OrientInterfacesParameterPanel"
        ], 
        "group13": [
            "edu.uci.isr.archstudio4.comp.tracelink.addtracelinks.RecoverLinkView", 
            "edu.uci.isr.archstudio4.comp.tracelink.addtracelinks.RecoverLinkInputDialog"
        ], 
        "group14": [
            "edu.uci.isr.archstudio4.comp.xarchcs.xarchfakedetach.XArchDetachFilterImpl", 
            "edu.uci.isr.archstudio4.comp.xarchcs.xarchfakedetach.XArchDetachEvent"
        ], 
        "group15": [
            "edu.uci.isr.archstudio4.comp.archipelago.codegen.BrickContentProvider", 
            "edu.uci.isr.archstudio4.comp.archipelago.codegen.BrickLabel", 
            "edu.uci.isr.archstudio4.comp.archipelago.codegen.BrickLabelList"
        ], 
        "group16": [
            "edu.uci.isr.archstudio4.comp.tracelink.preferences.PreferencesView", 
            "edu.uci.isr.archstudio4.comp.tracelink.preferences.IPreferencesView"
        ], 
        "group17": [
            "edu.uci.isr.archstudio4.graphlayout.GraphLayoutParameters", 
            "edu.uci.isr.archstudio4.comp.graphlayout.GraphLayoutMyxComponent"
        ]
    }
}
