<?xml version="1.0"?>
# ***** BEGIN LICENSE BLOCK *****
# Version: MPL 1.1/GPL 2.0/LGPL 2.1
#
# The contents of this file are subject to the Mozilla Public License Version
# 1.1 (the "License"); you may not use this file except in compliance with
# the License. You may obtain a copy of the License at
# http://www.mozilla.org/MPL/
#
# Software distributed under the License is distributed on an "AS IS" basis,
# WITHOUT WARRANTY OF ANY KIND, either express or implied. See the License
# for the specific language governing rights and limitations under the
# License.
#
# The Original Code is the feed tab for Page Info.
#
# The Initial Developer of the Original Code is
#   Florian QUEZE <f.qu@queze.net>
# Portions created by the Initial Developer are Copyright (C) 2006
# the Initial Developer. All Rights Reserved.
#
# Contributor(s):
#   Ehsan Akhgari <ehsan.akhgari@gmail.com>
#
# Alternatively, the contents of this file may be used under the terms of
# either the GNU General Public License Version 2 or later (the "GPL"), or
# the GNU Lesser General Public License Version 2.1 or later (the "LGPL"),
# in which case the provisions of the GPL or the LGPL are applicable instead
# of those above. If you wish to allow use of your version of this file only
# under the terms of either the GPL or the LGPL, and not to allow others to
# use your version of this file under the terms of the MPL, indicate your
# decision by deleting the provisions above and replace them with the notice
# and other provisions required by the LGPL or the GPL. If you do not delete
# the provisions above, a recipient may use your version of this file under
# the terms of any one of the MPL, the GPL or the LGPL.
#
# ***** END LICENSE BLOCK *****

<!DOCTYPE bindings [
  <!ENTITY % pageInfoDTD SYSTEM "chrome://browser/locale/pageInfo.dtd">
  %pageInfoDTD;
]>

<bindings id="feedBindings"
          xmlns="http://www.mozilla.org/xbl"
          xmlns:xul="http://www.mozilla.org/keymaster/gatekeeper/there.is.only.xul"
          xmlns:xbl="http://www.mozilla.org/xbl">

  <binding id="feed" extends="chrome://global/content/bindings/richlistbox.xml#richlistitem">
    <content>
      <xul:vbox flex="1">
        <xul:hbox flex="1">
          <xul:textbox flex="1" readonly="true" xbl:inherits="value=name"
                       class="feedTitle"/>
          <xul:label xbl:inherits="value=type"/>
        </xul:hbox>
        <xul:vbox>
          <xul:vbox align="start">
            <xul:hbox>
              <xul:label xbl:inherits="value=feedURL,tooltiptext=feedURL" class="text-link" flex="1"
                         onclick="openUILink(this.value, event);" crop="end"/>
            </xul:hbox>
          </xul:vbox>
        </xul:vbox>
        <xul:hbox flex="1" class="feed-subscribe">
          <xul:spacer flex="1"/>
          <xul:button label="&feedSubscribe;" accesskey="&feedSubscribe.accesskey;"
                      oncommand="onSubscribeFeed()"/>
        </xul:hbox> 
      </xul:vbox>
    </content>
  </binding>
</bindings>
