{
    "all-groups": {
        "group0": [
            "org.apache.hadoop.fs.RawLocalFileSystem", 
            "org.apache.hadoop.fs.LocalFileSystem"
        ], 
        "group1": [
            "org.apache.hadoop.util.QuickSort", 
            "org.apache.hadoop.util.HeapSort"
        ], 
        "group2": [
            "org.apache.hadoop.mapred.lib.MultipleSequenceFileOutputFormat", 
            "org.apache.hadoop.mapred.SequenceFileOutputFormat"
        ], 
        "group3": [
            "org.apache.hadoop.record.meta.StructTypeID", 
            "org.apache.hadoop.record.meta.TypeID", 
            "org.apache.hadoop.record.meta.MapTypeID"
        ], 
        "group4": [
            "org.apache.hadoop.mapred.MapTaskRunner", 
            "org.apache.hadoop.mapred.TaskRunner"
        ], 
        "group5": [
            "org.apache.hadoop.hdfs.protocol.UnregisteredDatanodeException", 
            "org.apache.hadoop.hdfs.server.protocol.DatanodeRegistration"
        ], 
        "group6": [
            "org.apache.hadoop.fs.FsShell", 
            "org.apache.hadoop.fs.FsShellPermissions"
        ], 
        "group7": [
            "org.apache.hadoop.io.compress.CompressorStream", 
            "org.apache.hadoop.io.compress.Compressor"
        ], 
        "group8": [
            "org.apache.hadoop.mapred.SequenceFileInputFormat", 
            "org.apache.hadoop.mapred.SequenceFileAsTextInputFormat"
        ], 
        "group9": [
            "org.apache.hadoop.record.XmlRecordOutput", 
            "org.apache.hadoop.record.RecordOutput"
        ], 
        "group10": [
            "org.apache.hadoop.fs.ftp.FTPInputStream", 
            "org.apache.hadoop.fs.ftp.FTPException"
        ], 
        "group11": [
            "org.apache.hadoop.mapred.join.OverrideRecordReader", 
            "org.apache.hadoop.mapred.join.ComposableRecordReader"
        ], 
        "group12": [
            "org.apache.hadoop.mapred.HistoryViewer", 
            "org.apache.hadoop.mapred.DefaultJobHistoryParser", 
            "org.apache.hadoop.mapred.JobHistory"
        ], 
        "group13": [
            "org.apache.hadoop.util.IndexedSorter", 
            "org.apache.hadoop.util.IndexedSortable"
        ], 
        "group14": [
            "org.apache.hadoop.io.compress.zlib.ZlibDecompressor", 
            "org.apache.hadoop.io.compress.zlib.ZlibFactory"
        ], 
        "group15": [
            "org.apache.hadoop.hdfs.server.namenode.metrics.NameNodeMetrics", 
            "org.apache.hadoop.hdfs.server.namenode.metrics.NameNodeStatistics"
        ], 
        "group16": [
            "org.apache.hadoop.mapred.lib.MultipleOutputFormat", 
            "org.apache.hadoop.mapred.lib.MultipleOutputs"
        ], 
        "group17": [
            "org.apache.hadoop.util.LineReader", 
            "org.apache.hadoop.mapred.LineRecordReader"
        ], 
        "group18": [
            "org.apache.hadoop.fs.s3.Jets3tFileSystemStore", 
            "org.apache.hadoop.fs.s3native.Jets3tNativeFileSystemStore"
        ], 
        "group19": [
            "org.apache.hadoop.mapred.SequenceFileRecordReader", 
            "org.apache.hadoop.mapred.SequenceFileAsTextRecordReader"
        ], 
        "group20": [
            "org.apache.hadoop.hdfs.protocol.LocatedBlock", 
            "org.apache.hadoop.hdfs.protocol.LocatedBlocks"
        ], 
        "group21": [
            "org.apache.hadoop.mapred.join.OuterJoinRecordReader", 
            "org.apache.hadoop.mapred.join.InnerJoinRecordReader"
        ], 
        "group22": [
            "org.apache.hadoop.io.compress.LzopCodec", 
            "org.apache.hadoop.io.compress.LzoCodec"
        ], 
        "group23": [
            "org.apache.hadoop.mapred.FileOutputFormat", 
            "org.apache.hadoop.mapred.MapFileOutputFormat"
        ], 
        "group24": [
            "org.apache.hadoop.fs.ftp.FTPFileSystem", 
            "org.apache.hadoop.fs.FileStatus"
        ], 
        "group25": [
            "org.apache.hadoop.io.retry.RetryPolicy", 
            "org.apache.hadoop.io.retry.RetryPolicies"
        ], 
        "group26": [
            "org.apache.hadoop.hdfs.HftpFileSystem", 
            "org.apache.hadoop.hdfs.HsftpFileSystem"
        ], 
        "group27": [
            "org.apache.hadoop.mapred.TaskScheduler", 
            "org.apache.hadoop.mapred.JobQueueTaskScheduler"
        ], 
        "group28": [
            "org.apache.hadoop.mapred.lib.ChainMapper", 
            "org.apache.hadoop.mapred.lib.ChainReducer", 
            "org.apache.hadoop.mapred.lib.Chain"
        ], 
        "group29": [
            "org.apache.hadoop.mapred.lib.aggregate.LongValueMin", 
            "org.apache.hadoop.mapred.lib.aggregate.StringValueMin"
        ], 
        "group30": [
            "org.apache.hadoop.record.compiler.generated.Rcc", 
            "org.apache.hadoop.record.compiler.generated.RccConstants"
        ], 
        "group31": [
            "org.apache.hadoop.net.DNSToSwitchMapping", 
            "org.apache.hadoop.net.CachedDNSToSwitchMapping"
        ], 
        "group32": [
            "org.apache.hadoop.hdfs.server.common.UpgradeObject", 
            "org.apache.hadoop.hdfs.server.common.UpgradeObjectCollection"
        ], 
        "group33": [
            "org.apache.hadoop.hdfs.server.namenode.INodeFileUnderConstruction", 
            "org.apache.hadoop.hdfs.server.namenode.INodeFile"
        ], 
        "group34": [
            "org.apache.hadoop.io.serializer.SerializationFactory", 
            "org.apache.hadoop.io.serializer.Serialization"
        ], 
        "group35": [
            "org.apache.hadoop.mapred.TaskUmbilicalProtocol", 
            "org.apache.hadoop.mapred.JvmTask"
        ], 
        "group36": [
            "org.apache.hadoop.mapred.StatusHttpServer", 
            "org.apache.hadoop.http.HttpServer"
        ], 
        "group37": [
            "org.apache.hadoop.mapred.TaskLogServlet", 
            "org.apache.hadoop.mapred.TaskLog"
        ], 
        "group38": [
            "org.apache.hadoop.mapred.lib.aggregate.LongValueMax", 
            "org.apache.hadoop.mapred.lib.aggregate.StringValueMax"
        ], 
        "group39": [
            "org.apache.hadoop.mapred.Partitioner", 
            "org.apache.hadoop.mapred.lib.HashPartitioner"
        ], 
        "group40": [
            "org.apache.hadoop.io.compress.CompressionCodec", 
            "org.apache.hadoop.io.compress.CompressionCodecFactory"
        ], 
        "group41": [
            "org.apache.hadoop.mapred.lib.NullOutputFormat", 
            "org.apache.hadoop.mapred.OutputFormat"
        ], 
        "group42": [
            "org.apache.hadoop.hdfs.DistributedFileSystem", 
            "org.apache.hadoop.hdfs.ChecksumDistributedFileSystem"
        ], 
        "group43": [
            "org.apache.hadoop.mapred.jobcontrol.Job", 
            "org.apache.hadoop.mapred.jobcontrol.JobControl"
        ], 
        "group44": [
            "org.apache.hadoop.record.XmlRecordInput", 
            "org.apache.hadoop.record.CsvRecordInput"
        ], 
        "group45": [
            "org.apache.hadoop.io.retry.RetryInvocationHandler", 
            "org.apache.hadoop.io.retry.RetryProxy"
        ], 
        "group46": [
            "org.apache.hadoop.io.compress.zlib.BuiltInZlibInflater", 
            "org.apache.hadoop.io.compress.zlib.BuiltInZlibDeflater"
        ], 
        "group47": [
            "org.apache.hadoop.hdfs.server.namenode.FSEditLog", 
            "org.apache.hadoop.hdfs.server.namenode.EditLogOutputStream", 
            "org.apache.hadoop.hdfs.server.namenode.EditLogInputStream"
        ], 
        "group48": [
            "org.apache.hadoop.mapred.JobStatusChangeEvent", 
            "org.apache.hadoop.mapred.JobChangeEvent"
        ], 
        "group49": [
            "org.apache.hadoop.hdfs.server.datanode.DataXceiverServer", 
            "org.apache.hadoop.hdfs.server.datanode.DataXceiver"
        ], 
        "group50": [
            "org.apache.hadoop.mapred.lib.aggregate.UserDefinedValueAggregatorDescriptor", 
            "org.apache.hadoop.mapred.lib.aggregate.ValueAggregatorDescriptor"
        ], 
        "group51": [
            "org.apache.hadoop.mapred.join.CompositeInputSplit", 
            "org.apache.hadoop.mapred.InputSplit"
        ], 
        "group52": [
            "org.apache.hadoop.hdfs.protocol.ClientProtocol", 
            "org.apache.hadoop.hdfs.DFSClient"
        ], 
        "group53": [
            "org.apache.hadoop.hdfs.server.datanode.DataStorage", 
            "org.apache.hadoop.hdfs.server.common.StorageInfo"
        ], 
        "group54": [
            "org.apache.hadoop.fs.FsUrlStreamHandler", 
            "org.apache.hadoop.fs.FsUrlStreamHandlerFactory", 
            "org.apache.hadoop.fs.FsUrlConnection"
        ], 
        "group55": [
            "org.apache.hadoop.record.compiler.CodeGenerator", 
            "org.apache.hadoop.record.compiler.CGenerator", 
            "org.apache.hadoop.record.compiler.CppGenerator"
        ], 
        "group56": [
            "org.apache.hadoop.mapred.lib.KeyFieldHelper", 
            "org.apache.hadoop.mapred.lib.KeyFieldBasedPartitioner", 
            "org.apache.hadoop.mapred.lib.KeyFieldBasedComparator"
        ], 
        "group57": [
            "org.apache.hadoop.hdfs.server.namenode.TransferFsImage", 
            "org.apache.hadoop.hdfs.server.namenode.GetImageServlet"
        ], 
        "group58": [
            "org.apache.hadoop.hdfs.protocol.QuotaExceededException", 
            "org.apache.hadoop.hdfs.server.namenode.INodeDirectoryWithQuota"
        ], 
        "group59": [
            "org.apache.hadoop.mapred.CommitTaskAction", 
            "org.apache.hadoop.mapred.KillTaskAction", 
            "org.apache.hadoop.mapred.LaunchTaskAction"
        ], 
        "group60": [
            "org.apache.hadoop.hdfs.server.datanode.metrics.DataNodeMetrics", 
            "org.apache.hadoop.hdfs.server.datanode.metrics.DataNodeStatistics"
        ], 
        "group61": [
            "org.apache.hadoop.mapred.MapTaskStatus", 
            "org.apache.hadoop.mapred.TaskStatus"
        ], 
        "group62": [
            "org.apache.hadoop.io.compress.DefaultCodec", 
            "org.apache.hadoop.io.compress.GzipCodec"
        ], 
        "group63": [
            "org.apache.hadoop.fs.permission.AccessControlException", 
            "org.apache.hadoop.security.AccessControlException"
        ], 
        "group64": [
            "org.apache.hadoop.mapred.lib.aggregate.UniqValueCount", 
            "org.apache.hadoop.mapred.lib.aggregate.ValueHistogram"
        ]
    }, 
    "groups-not-in-ground-truth": {
        "group0": [
            "org.apache.hadoop.mapred.lib.MultipleSequenceFileOutputFormat", 
            "org.apache.hadoop.mapred.SequenceFileOutputFormat"
        ], 
        "group1": [
            "org.apache.hadoop.hdfs.protocol.UnregisteredDatanodeException", 
            "org.apache.hadoop.hdfs.server.protocol.DatanodeRegistration"
        ], 
        "group2": [
            "org.apache.hadoop.util.IndexedSorter", 
            "org.apache.hadoop.util.IndexedSortable"
        ], 
        "group3": [
            "org.apache.hadoop.util.LineReader", 
            "org.apache.hadoop.mapred.LineRecordReader"
        ], 
        "group4": [
            "org.apache.hadoop.mapred.FileOutputFormat", 
            "org.apache.hadoop.mapred.MapFileOutputFormat"
        ], 
        "group5": [
            "org.apache.hadoop.hdfs.server.namenode.INodeFileUnderConstruction", 
            "org.apache.hadoop.hdfs.server.namenode.INodeFile"
        ], 
        "group6": [
            "org.apache.hadoop.mapred.TaskUmbilicalProtocol", 
            "org.apache.hadoop.mapred.JvmTask"
        ], 
        "group7": [
            "org.apache.hadoop.mapred.StatusHttpServer", 
            "org.apache.hadoop.http.HttpServer"
        ], 
        "group8": [
            "org.apache.hadoop.mapred.jobcontrol.Job", 
            "org.apache.hadoop.mapred.jobcontrol.JobControl"
        ], 
        "group9": [
            "org.apache.hadoop.hdfs.server.namenode.FSEditLog", 
            "org.apache.hadoop.hdfs.server.namenode.EditLogOutputStream", 
            "org.apache.hadoop.hdfs.server.namenode.EditLogInputStream"
        ], 
        "group10": [
            "org.apache.hadoop.mapred.join.CompositeInputSplit", 
            "org.apache.hadoop.mapred.InputSplit"
        ], 
        "group11": [
            "org.apache.hadoop.hdfs.protocol.ClientProtocol", 
            "org.apache.hadoop.hdfs.DFSClient"
        ], 
        "group12": [
            "org.apache.hadoop.hdfs.server.datanode.DataStorage", 
            "org.apache.hadoop.hdfs.server.common.StorageInfo"
        ], 
        "group13": [
            "org.apache.hadoop.hdfs.server.namenode.TransferFsImage", 
            "org.apache.hadoop.hdfs.server.namenode.GetImageServlet"
        ], 
        "group14": [
            "org.apache.hadoop.hdfs.protocol.QuotaExceededException", 
            "org.apache.hadoop.hdfs.server.namenode.INodeDirectoryWithQuota"
        ], 
        "group15": [
            "org.apache.hadoop.fs.permission.AccessControlException", 
            "org.apache.hadoop.security.AccessControlException"
        ]
    }, 
    "groups-in-gt-split-by-union": {
        "group0": [
            "org.apache.hadoop.mapred.lib.MultipleOutputFormat", 
            "org.apache.hadoop.mapred.lib.MultipleOutputs"
        ], 
        "group1": [
            "org.apache.hadoop.fs.s3.Jets3tFileSystemStore", 
            "org.apache.hadoop.fs.s3native.Jets3tNativeFileSystemStore"
        ], 
        "group2": [
            "org.apache.hadoop.mapred.lib.aggregate.LongValueMin", 
            "org.apache.hadoop.mapred.lib.aggregate.StringValueMin"
        ], 
        "group3": [
            "org.apache.hadoop.mapred.lib.aggregate.LongValueMax", 
            "org.apache.hadoop.mapred.lib.aggregate.StringValueMax"
        ]
    }
}
