alias.c,alias.h,1.0
alias.c,builtins/alias.c,1.0
y.tab.h,y.tab.c,1.0
error.h,error.c,1.0
xmalloc.c,xmalloc.h,1.0
xmalloc.c,lib/malloc/xmalloc.c,1.0
xmalloc.c,lib/readline/xmalloc.h,1.0
xmalloc.c,lib/readline/xmalloc.c,1.0
version.c,version.h,1.0
variables.h,variables.c,1.0
unwind_prot.h,unwind_prot.c,1.0
trap.h,trap.c,1.0
trap.h,builtins/trap.c,1.0
trap.c,builtins/trap.c,1.0
syntax.h,syntax.c,1.0
subst.h,subst.c,1.0
shell.h,shell.c,1.0
shell.h,lib/readline/shell.c,1.0
shell.h,lib/tilde/shell.c,1.0
shell.c,lib/readline/shell.c,1.0
shell.c,lib/tilde/shell.c,1.0
redir.c,redir.h,1.0
signames.h,support/signames.c,1.0
print_cmd.c,make_cmd.h,0.3333333333333333
print_cmd.c,make_cmd.c,0.3333333333333333
print_cmd.c,execute_cmd.h,0.3333333333333333
print_cmd.c,execute_cmd.c,0.3333333333333333
print_cmd.c,dispose_cmd.h,0.3333333333333333
print_cmd.c,dispose_cmd.c,0.3333333333333333
print_cmd.c,copy_cmd.c,0.3333333333333333
pcomplete.h,pcomplete.c,1.0
pathexp.h,pathexp.c,1.0
make_cmd.h,make_cmd.c,1.0
make_cmd.h,execute_cmd.h,0.3333333333333333
make_cmd.h,execute_cmd.c,0.3333333333333333
make_cmd.h,dispose_cmd.h,0.3333333333333333
make_cmd.h,dispose_cmd.c,0.3333333333333333
make_cmd.h,copy_cmd.c,0.3333333333333333
make_cmd.c,execute_cmd.h,0.3333333333333333
make_cmd.c,execute_cmd.c,0.3333333333333333
make_cmd.c,dispose_cmd.h,0.3333333333333333
make_cmd.c,dispose_cmd.c,0.3333333333333333
make_cmd.c,copy_cmd.c,0.3333333333333333
mailcheck.h,mailcheck.c,1.0
lib/readline/history.h,builtins/history.c,1.0
lib/readline/history.h,lib/readline/history.c,1.0
lib/malloc/watch.h,lib/malloc/watch.c,1.0
input.h,input.c,1.0
input.h,lib/readline/input.c,1.0
input.h,lib/sh/input_avail.c,0.5
input.c,lib/readline/input.c,1.0
input.c,lib/sh/input_avail.c,0.5
include/shtty.h,lib/sh/shtty.c,1.0
include/posixstat.h,lib/readline/posixstat.h,1.0
include/posixjmp.h,lib/readline/posixjmp.h,1.0
include/posixdir.h,lib/readline/posixdir.h,1.0
include/gettext.h,lib/intl/gettext.c,1.0
include/gettext.h,lib/intl/gettextP.h,1.0
include/shmbchar.h,lib/sh/shmbchar.c,1.0
include/posixselect.h,lib/readline/posixselect.h,1.0
hashlib.h,hashlib.c,1.0
hashcmd.h,hashcmd.c,1.0
general.h,general.c,1.0
flags.h,flags.c,1.0
findcmd.h,findcmd.c,1.0
execute_cmd.h,execute_cmd.c,1.0
execute_cmd.h,dispose_cmd.h,0.3333333333333333
execute_cmd.h,dispose_cmd.c,0.3333333333333333
execute_cmd.h,copy_cmd.c,0.3333333333333333
execute_cmd.c,dispose_cmd.h,0.3333333333333333
execute_cmd.c,dispose_cmd.c,0.3333333333333333
execute_cmd.c,copy_cmd.c,0.3333333333333333
eval.c,builtins/eval.c,1.0
eval.c,lib/intl/eval-plural.h,0.5
dispose_cmd.h,dispose_cmd.c,1.0
dispose_cmd.h,copy_cmd.c,0.3333333333333333
dispose_cmd.c,copy_cmd.c,0.3333333333333333
config.h,config-top.h,0.5
config.h,config-bot.h,0.5
config-top.h,config-bot.h,0.3333333333333333
bashline.h,bashline.c,1.0
bashhist.h,bashhist.c,1.0
assoc.h,assoc.c,1.0
arrayfunc.h,arrayfunc.c,1.0
array.h,array.c,1.0
alias.h,builtins/alias.c,1.0
xmalloc.h,lib/malloc/xmalloc.c,1.0
xmalloc.h,lib/readline/xmalloc.h,1.0
xmalloc.h,lib/readline/xmalloc.c,1.0
jobs.h,jobs.c,1.0
jobs.h,builtins/jobs.c,1.0
jobs.c,builtins/jobs.c,1.0
include/ansi_stdlib.h,lib/readline/ansi_stdlib.h,1.0
builtins.c,builtins.h,1.0
builtins.c,builtins/builtins.c,1.0
builtins/bashgetopt.h,builtins/bashgetopt.c,1.0
builtins/bind.c,lib/readline/bind.c,1.0
builtins/complete.c,lib/readline/complete.c,1.0
builtins/eval.c,lib/intl/eval-plural.h,0.5
builtins/hash.c,lib/intl/hash-string.h,0.5
builtins/history.c,lib/readline/history.c,1.0
builtins/kill.c,lib/readline/kill.c,1.0
builtins/common.h,builtins/common.c,1.0
builtins.h,builtins/builtins.c,1.0
builtins/times.c,lib/sh/times.c,1.0
builtins/getopt.h,builtins/getopt.c,1.0
lib/glob/strmatch.h,lib/glob/strmatch.c,1.0
lib/glob/sm_loop.c,lib/glob/glob_loop.c,0.3333333333333333
lib/glob/glob.h,lib/glob/glob.c,1.0
lib/glob/glob.h,lib/glob/glob_loop.c,0.5
lib/glob/glob.c,lib/glob/glob_loop.c,0.5
lib/intl/eval-plural.h,lib/intl/plural-exp.c,0.3333333333333333
lib/intl/eval-plural.h,lib/intl/plural-exp.h,0.3333333333333333
lib/intl/eval-plural.h,lib/intl/plural.c,0.5
lib/intl/gettext.c,lib/intl/gettextP.h,1.0
lib/intl/intl-compat.c,lib/readline/compat.c,0.5
lib/intl/localcharset.c,lib/intl/localcharset.h,1.0
lib/intl/plural-exp.c,lib/intl/plural-exp.h,1.0
lib/intl/plural-exp.c,lib/intl/plural.c,0.5
lib/intl/plural-exp.h,lib/intl/plural.c,0.5
lib/intl/relocatable.c,lib/intl/relocatable.h,1.0
lib/readline/shell.c,lib/tilde/shell.c,1.0
lib/malloc/xmalloc.c,lib/readline/xmalloc.h,1.0
lib/malloc/xmalloc.c,lib/readline/xmalloc.c,1.0
lib/readline/xmalloc.h,lib/readline/xmalloc.c,1.0
lib/readline/rltty.h,lib/readline/rltty.c,1.0
lib/readline/vi_mode.c,lib/readline/vi_keymap.c,0.3333333333333333
lib/readline/vi_keymap.c,lib/readline/emacs_keymap.c,0.3333333333333333
lib/readline/tilde.h,lib/readline/tilde.c,1.0
lib/readline/tilde.h,lib/tilde/tilde.h,1.0
lib/readline/tilde.h,lib/tilde/tilde.c,1.0
lib/readline/tilde.c,lib/tilde/tilde.h,1.0
lib/readline/tilde.c,lib/tilde/tilde.c,1.0
lib/readline/readline.h,lib/readline/readline.c,1.0
lib/readline/keymaps.h,lib/readline/keymaps.c,1.0
lib/readline/input.c,lib/sh/input_avail.c,0.5
lib/termcap/termcap.h,lib/termcap/termcap.c,1.0
lib/tilde/tilde.h,lib/tilde/tilde.c,1.0
siglist.h,siglist.c,1.0
sig.h,sig.c,1.0
