alias,builtins/alias,0.715386538990277
config-bot,config-top,0.22120579945057484
config-bot,config,0.3288110885701688
config-top,config,0.3288110885701688
copy_cmd,dispose_cmd,0.22120579945057484
copy_cmd,execute_cmd,0.22120579945057484
copy_cmd,make_cmd,0.22120579945057484
copy_cmd,print_cmd,0.22120579945057484
dispose_cmd,execute_cmd,0.22120579945057484
dispose_cmd,make_cmd,0.22120579945057484
dispose_cmd,print_cmd,0.22120579945057484
eval,builtins/eval,0.715386538990277
eval,lib/intl/eval-plural,0.3288110885701688
execute_cmd,make_cmd,0.22120579945057484
execute_cmd,print_cmd,0.22120579945057484
include/gettext,lib/intl/gettext,0.715386538990277
include/gettext,lib/intl/gettextP,0.715386538990277
include/posixdir,lib/readline/posixdir,0.715386538990277
include/posixjmp,lib/readline/posixjmp,0.715386538990277
include/posixselect,lib/readline/posixselect,0.715386538990277
include/posixstat,lib/readline/posixstat,0.715386538990277
include/shmbchar,lib/sh/shmbchar,0.715386538990277
include/shtty,lib/sh/shtty,0.715386538990277
input,lib/readline/input,0.715386538990277
input,lib/sh/input_avail,0.3288110885701688
make_cmd,print_cmd,0.22120579945057484
shell,lib/readline/shell,0.715386538990277
shell,lib/tilde/shell,0.715386538990277
signames,support/signames,0.715386538990277
trap,builtins/trap,0.715386538990277
xmalloc,lib/malloc/xmalloc,0.715386538990277
xmalloc,lib/readline/xmalloc,0.715386538990277
include/ansi_stdlib,lib/readline/ansi_stdlib,0.715386538990277
jobs,builtins/jobs,0.715386538990277
builtins,builtins/builtins,0.715386538990277
builtins/bind,lib/readline/bind,0.715386538990277
builtins/complete,lib/readline/complete,0.715386538990277
builtins/eval,lib/intl/eval-plural,0.3288110885701688
builtins/hash,lib/intl/hash-string,0.3288110885701688
builtins/history,lib/readline/history,0.715386538990277
builtins/kill,lib/readline/kill,0.715386538990277
builtins/times,lib/sh/times,0.715386538990277
lib/glob/glob,lib/glob/glob_loop,0.3288110885701688
lib/glob/glob_loop,lib/glob/sm_loop,0.22120579945057484
lib/intl/eval-plural,lib/intl/plural-exp,0.22120579945057484
lib/intl/eval-plural,lib/intl/plural,0.3288110885701688
lib/intl/gettext,lib/intl/gettextP,0.715386538990277
lib/intl/intl-compat,lib/readline/compat,0.3288110885701688
lib/intl/plural-exp,lib/intl/plural,0.3288110885701688
lib/malloc/xmalloc,lib/readline/xmalloc,0.715386538990277
lib/readline/emacs_keymap,lib/readline/vi_keymap,0.22120579945057484
lib/readline/input,lib/sh/input_avail,0.3288110885701688
lib/readline/shell,lib/tilde/shell,0.715386538990277
lib/readline/tilde,lib/tilde/tilde,0.715386538990277
lib/readline/vi_keymap,lib/readline/vi_mode,0.22120579945057484
