alias,builtins/alias,1.0
config-bot,config-top,0.3333333333333333
config-bot,config,0.5
config-top,config,0.5
copy_cmd,dispose_cmd,0.3333333333333333
copy_cmd,execute_cmd,0.3333333333333333
copy_cmd,make_cmd,0.3333333333333333
copy_cmd,print_cmd,0.3333333333333333
dispose_cmd,execute_cmd,0.3333333333333333
dispose_cmd,make_cmd,0.3333333333333333
dispose_cmd,print_cmd,0.3333333333333333
eval,builtins/eval,1.0
eval,lib/intl/eval-plural,0.5
execute_cmd,make_cmd,0.3333333333333333
execute_cmd,print_cmd,0.3333333333333333
include/gettext,lib/intl/gettext,1.0
include/gettext,lib/intl/gettextP,1.0
include/posixdir,lib/readline/posixdir,1.0
include/posixjmp,lib/readline/posixjmp,1.0
include/posixselect,lib/readline/posixselect,1.0
include/posixstat,lib/readline/posixstat,1.0
include/shmbchar,lib/sh/shmbchar,1.0
include/shtty,lib/sh/shtty,1.0
input,lib/readline/input,1.0
input,lib/sh/input_avail,0.5
make_cmd,print_cmd,0.3333333333333333
shell,lib/readline/shell,1.0
shell,lib/tilde/shell,1.0
signames,support/signames,1.0
trap,builtins/trap,1.0
xmalloc,lib/malloc/xmalloc,1.0
xmalloc,lib/readline/xmalloc,1.0
include/ansi_stdlib,lib/readline/ansi_stdlib,1.0
jobs,builtins/jobs,1.0
builtins,builtins/builtins,1.0
builtins/bind,lib/readline/bind,1.0
builtins/complete,lib/readline/complete,1.0
builtins/eval,lib/intl/eval-plural,0.5
builtins/hash,lib/intl/hash-string,0.5
builtins/history,lib/readline/history,1.0
builtins/kill,lib/readline/kill,1.0
builtins/times,lib/sh/times,1.0
lib/glob/glob,lib/glob/glob_loop,0.5
lib/glob/glob_loop,lib/glob/sm_loop,0.3333333333333333
lib/intl/eval-plural,lib/intl/plural-exp,0.3333333333333333
lib/intl/eval-plural,lib/intl/plural,0.5
lib/intl/gettext,lib/intl/gettextP,1.0
lib/intl/intl-compat,lib/readline/compat,0.5
lib/intl/plural-exp,lib/intl/plural,0.5
lib/malloc/xmalloc,lib/readline/xmalloc,1.0
lib/readline/emacs_keymap,lib/readline/vi_keymap,0.3333333333333333
lib/readline/input,lib/sh/input_avail,0.5
lib/readline/shell,lib/tilde/shell,1.0
lib/readline/tilde,lib/tilde/tilde,1.0
lib/readline/vi_keymap,lib/readline/vi_mode,0.3333333333333333
