error.c,error.h,0.6638271734573107
alias.c,alias.h,0.6638271734573107
alias.c,builtins/alias.c,0.6638271734573107
alias.h,builtins/alias.c,0.6638271734573107
array.c,array.h,0.6638271734573107
arrayfunc.c,arrayfunc.h,0.6638271734573107
assoc.c,assoc.h,0.6638271734573107
bashhist.c,bashhist.h,0.6638271734573107
bashline.c,bashline.h,0.6638271734573107
config-bot.h,config-top.h,0.1659070912883016
config-bot.h,config.h,0.260940015530623
config-top.h,config.h,0.260940015530623
copy_cmd.c,dispose_cmd.c,0.1659070912883016
copy_cmd.c,dispose_cmd.h,0.1659070912883016
copy_cmd.c,execute_cmd.c,0.1659070912883016
copy_cmd.c,execute_cmd.h,0.1659070912883016
copy_cmd.c,make_cmd.c,0.1659070912883016
copy_cmd.c,make_cmd.h,0.1659070912883016
copy_cmd.c,print_cmd.c,0.1659070912883016
dispose_cmd.c,dispose_cmd.h,0.6638271734573107
dispose_cmd.c,execute_cmd.c,0.1659070912883016
dispose_cmd.c,execute_cmd.h,0.1659070912883016
dispose_cmd.c,make_cmd.c,0.1659070912883016
dispose_cmd.c,make_cmd.h,0.1659070912883016
dispose_cmd.c,print_cmd.c,0.1659070912883016
dispose_cmd.h,execute_cmd.c,0.1659070912883016
dispose_cmd.h,execute_cmd.h,0.1659070912883016
dispose_cmd.h,make_cmd.c,0.1659070912883016
dispose_cmd.h,make_cmd.h,0.1659070912883016
dispose_cmd.h,print_cmd.c,0.1659070912883016
eval.c,builtins/eval.c,0.6638271734573107
eval.c,lib/intl/eval-plural.h,0.260940015530623
execute_cmd.c,execute_cmd.h,0.6638271734573107
execute_cmd.c,make_cmd.c,0.1659070912883016
execute_cmd.c,make_cmd.h,0.1659070912883016
execute_cmd.c,print_cmd.c,0.1659070912883016
execute_cmd.h,make_cmd.c,0.1659070912883016
execute_cmd.h,make_cmd.h,0.1659070912883016
execute_cmd.h,print_cmd.c,0.1659070912883016
findcmd.c,findcmd.h,0.6638271734573107
flags.c,flags.h,0.6638271734573107
general.c,general.h,0.6638271734573107
hashcmd.c,hashcmd.h,0.6638271734573107
hashlib.c,hashlib.h,0.6638271734573107
include/gettext.h,lib/intl/gettext.c,0.6638271734573107
include/gettext.h,lib/intl/gettextP.h,0.6638271734573107
include/posixdir.h,lib/readline/posixdir.h,0.6638271734573107
include/posixjmp.h,lib/readline/posixjmp.h,0.6638271734573107
include/posixselect.h,lib/readline/posixselect.h,0.6638271734573107
include/posixstat.h,lib/readline/posixstat.h,0.6638271734573107
include/shmbchar.h,lib/sh/shmbchar.c,0.6638271734573107
include/shtty.h,lib/sh/shtty.c,0.6638271734573107
input.c,input.h,0.6638271734573107
input.c,lib/readline/input.c,0.6638271734573107
input.c,lib/sh/input_avail.c,0.260940015530623
input.h,lib/readline/input.c,0.6638271734573107
input.h,lib/sh/input_avail.c,0.260940015530623
lib/malloc/watch.h,lib/malloc/watch.c,0.6638271734573107
mailcheck.c,mailcheck.h,0.6638271734573107
make_cmd.c,make_cmd.h,0.6638271734573107
make_cmd.c,print_cmd.c,0.1659070912883016
make_cmd.h,print_cmd.c,0.1659070912883016
pathexp.c,pathexp.h,0.6638271734573107
pcomplete.c,pcomplete.h,0.6638271734573107
redir.c,redir.h,0.6638271734573107
shell.c,shell.h,0.6638271734573107
shell.c,lib/readline/shell.c,0.6638271734573107
shell.c,lib/tilde/shell.c,0.6638271734573107
shell.h,lib/readline/shell.c,0.6638271734573107
shell.h,lib/tilde/shell.c,0.6638271734573107
signames.h,support/signames.c,0.6638271734573107
subst.c,subst.h,0.6638271734573107
syntax.c,syntax.h,0.6638271734573107
trap.c,trap.h,0.6638271734573107
trap.c,builtins/trap.c,0.6638271734573107
trap.h,builtins/trap.c,0.6638271734573107
unwind_prot.c,unwind_prot.h,0.6638271734573107
variables.c,variables.h,0.6638271734573107
version.c,version.h,0.6638271734573107
xmalloc.c,xmalloc.h,0.6638271734573107
xmalloc.c,lib/malloc/xmalloc.c,0.6638271734573107
xmalloc.c,lib/readline/xmalloc.c,0.6638271734573107
xmalloc.c,lib/readline/xmalloc.h,0.6638271734573107
y.tab.c,y.tab.h,0.6638271734573107
include/ansi_stdlib.h,lib/readline/ansi_stdlib.h,0.6638271734573107
jobs.c,jobs.h,0.6638271734573107
jobs.c,builtins/jobs.c,0.6638271734573107
jobs.h,builtins/jobs.c,0.6638271734573107
xmalloc.h,lib/malloc/xmalloc.c,0.6638271734573107
xmalloc.h,lib/readline/xmalloc.c,0.6638271734573107
xmalloc.h,lib/readline/xmalloc.h,0.6638271734573107
builtins.c,builtins.h,0.6638271734573107
builtins.c,builtins/builtins.c,0.6638271734573107
builtins.h,builtins/builtins.c,0.6638271734573107
builtins/bashgetopt.c,builtins/bashgetopt.h,0.6638271734573107
builtins/bind.c,lib/readline/bind.c,0.6638271734573107
builtins/common.c,builtins/common.h,0.6638271734573107
builtins/complete.c,lib/readline/complete.c,0.6638271734573107
builtins/eval.c,lib/intl/eval-plural.h,0.260940015530623
builtins/getopt.c,builtins/getopt.h,0.6638271734573107
builtins/hash.c,lib/intl/hash-string.h,0.260940015530623
builtins/history.c,lib/readline/history.c,0.6638271734573107
builtins/history.c,lib/readline/history.h,0.6638271734573107
builtins/kill.c,lib/readline/kill.c,0.6638271734573107
builtins/times.c,lib/sh/times.c,0.6638271734573107
lib/glob/glob.c,lib/glob/glob.h,0.6638271734573107
lib/glob/glob.c,lib/glob/glob_loop.c,0.260940015530623
lib/glob/glob.h,lib/glob/glob_loop.c,0.260940015530623
lib/glob/glob_loop.c,lib/glob/sm_loop.c,0.1659070912883016
lib/glob/strmatch.c,lib/glob/strmatch.h,0.6638271734573107
lib/intl/eval-plural.h,lib/intl/plural-exp.c,0.1659070912883016
lib/intl/eval-plural.h,lib/intl/plural-exp.h,0.1659070912883016
lib/intl/eval-plural.h,lib/intl/plural.c,0.260940015530623
lib/intl/gettext.c,lib/intl/gettextP.h,0.6638271734573107
lib/intl/intl-compat.c,lib/readline/compat.c,0.260940015530623
lib/intl/localcharset.c,lib/intl/localcharset.h,0.6638271734573107
lib/intl/plural-exp.c,lib/intl/plural-exp.h,0.6638271734573107
lib/intl/plural-exp.c,lib/intl/plural.c,0.260940015530623
lib/intl/plural-exp.h,lib/intl/plural.c,0.260940015530623
lib/intl/relocatable.c,lib/intl/relocatable.h,0.6638271734573107
lib/malloc/xmalloc.c,lib/readline/xmalloc.c,0.6638271734573107
lib/malloc/xmalloc.c,lib/readline/xmalloc.h,0.6638271734573107
lib/readline/emacs_keymap.c,lib/readline/vi_keymap.c,0.1659070912883016
lib/readline/history.c,lib/readline/history.h,0.6638271734573107
lib/readline/input.c,lib/sh/input_avail.c,0.260940015530623
lib/readline/keymaps.c,lib/readline/keymaps.h,0.6638271734573107
lib/readline/readline.c,lib/readline/readline.h,0.6638271734573107
lib/readline/rltty.c,lib/readline/rltty.h,0.6638271734573107
lib/readline/shell.c,lib/tilde/shell.c,0.6638271734573107
lib/readline/tilde.c,lib/readline/tilde.h,0.6638271734573107
lib/readline/tilde.c,lib/tilde/tilde.c,0.6638271734573107
lib/readline/tilde.c,lib/tilde/tilde.h,0.6638271734573107
lib/readline/tilde.h,lib/tilde/tilde.c,0.6638271734573107
lib/readline/tilde.h,lib/tilde/tilde.h,0.6638271734573107
lib/readline/vi_keymap.c,lib/readline/vi_mode.c,0.1659070912883016
lib/readline/xmalloc.c,lib/readline/xmalloc.h,0.6638271734573107
lib/termcap/termcap.c,lib/termcap/termcap.h,0.6638271734573107
lib/tilde/tilde.c,lib/tilde/tilde.h,0.6638271734573107
sig.c,sig.h,0.6638271734573107
siglist.c,siglist.h,0.6638271734573107
