error.c,error.h,1.0
alias.c,alias.h,1.0
alias.c,builtins/alias.c,1.0
alias.h,builtins/alias.c,1.0
array.c,array.h,1.0
arrayfunc.c,arrayfunc.h,1.0
assoc.c,assoc.h,1.0
bashhist.c,bashhist.h,1.0
bashline.c,bashline.h,1.0
config-bot.h,config-top.h,0.3333333333333333
config-bot.h,config.h,0.5
config-top.h,config.h,0.5
copy_cmd.c,dispose_cmd.c,0.3333333333333333
copy_cmd.c,dispose_cmd.h,0.3333333333333333
copy_cmd.c,execute_cmd.c,0.3333333333333333
copy_cmd.c,execute_cmd.h,0.3333333333333333
copy_cmd.c,make_cmd.c,0.3333333333333333
copy_cmd.c,make_cmd.h,0.3333333333333333
copy_cmd.c,print_cmd.c,0.3333333333333333
dispose_cmd.c,dispose_cmd.h,1.0
dispose_cmd.c,execute_cmd.c,0.3333333333333333
dispose_cmd.c,execute_cmd.h,0.3333333333333333
dispose_cmd.c,make_cmd.c,0.3333333333333333
dispose_cmd.c,make_cmd.h,0.3333333333333333
dispose_cmd.c,print_cmd.c,0.3333333333333333
dispose_cmd.h,execute_cmd.c,0.3333333333333333
dispose_cmd.h,execute_cmd.h,0.3333333333333333
dispose_cmd.h,make_cmd.c,0.3333333333333333
dispose_cmd.h,make_cmd.h,0.3333333333333333
dispose_cmd.h,print_cmd.c,0.3333333333333333
eval.c,builtins/eval.c,1.0
eval.c,lib/intl/eval-plural.h,0.5
execute_cmd.c,execute_cmd.h,1.0
execute_cmd.c,make_cmd.c,0.3333333333333333
execute_cmd.c,make_cmd.h,0.3333333333333333
execute_cmd.c,print_cmd.c,0.3333333333333333
execute_cmd.h,make_cmd.c,0.3333333333333333
execute_cmd.h,make_cmd.h,0.3333333333333333
execute_cmd.h,print_cmd.c,0.3333333333333333
findcmd.c,findcmd.h,1.0
flags.c,flags.h,1.0
general.c,general.h,1.0
hashcmd.c,hashcmd.h,1.0
hashlib.c,hashlib.h,1.0
include/gettext.h,lib/intl/gettext.c,1.0
include/gettext.h,lib/intl/gettextP.h,1.0
include/posixdir.h,lib/readline/posixdir.h,1.0
include/posixjmp.h,lib/readline/posixjmp.h,1.0
include/posixselect.h,lib/readline/posixselect.h,1.0
include/posixstat.h,lib/readline/posixstat.h,1.0
include/shmbchar.h,lib/sh/shmbchar.c,1.0
include/shtty.h,lib/sh/shtty.c,1.0
input.c,input.h,1.0
input.c,lib/readline/input.c,1.0
input.c,lib/sh/input_avail.c,0.5
input.h,lib/readline/input.c,1.0
input.h,lib/sh/input_avail.c,0.5
lib/malloc/watch.h,lib/malloc/watch.c,1.0
mailcheck.c,mailcheck.h,1.0
make_cmd.c,make_cmd.h,1.0
make_cmd.c,print_cmd.c,0.3333333333333333
make_cmd.h,print_cmd.c,0.3333333333333333
pathexp.c,pathexp.h,1.0
pcomplete.c,pcomplete.h,1.0
redir.c,redir.h,1.0
shell.c,shell.h,1.0
shell.c,lib/readline/shell.c,1.0
shell.c,lib/tilde/shell.c,1.0
shell.h,lib/readline/shell.c,1.0
shell.h,lib/tilde/shell.c,1.0
signames.h,support/signames.c,1.0
subst.c,subst.h,1.0
syntax.c,syntax.h,1.0
trap.c,trap.h,1.0
trap.c,builtins/trap.c,1.0
trap.h,builtins/trap.c,1.0
unwind_prot.c,unwind_prot.h,1.0
variables.c,variables.h,1.0
version.c,version.h,1.0
xmalloc.c,xmalloc.h,1.0
xmalloc.c,lib/malloc/xmalloc.c,1.0
xmalloc.c,lib/readline/xmalloc.c,1.0
xmalloc.c,lib/readline/xmalloc.h,1.0
y.tab.c,y.tab.h,1.0
include/ansi_stdlib.h,lib/readline/ansi_stdlib.h,1.0
jobs.c,jobs.h,1.0
jobs.c,builtins/jobs.c,1.0
jobs.h,builtins/jobs.c,1.0
xmalloc.h,lib/malloc/xmalloc.c,1.0
xmalloc.h,lib/readline/xmalloc.c,1.0
xmalloc.h,lib/readline/xmalloc.h,1.0
builtins.c,builtins.h,1.0
builtins.c,builtins/builtins.c,1.0
builtins.h,builtins/builtins.c,1.0
builtins/bashgetopt.c,builtins/bashgetopt.h,1.0
builtins/bind.c,lib/readline/bind.c,1.0
builtins/common.c,builtins/common.h,1.0
builtins/complete.c,lib/readline/complete.c,1.0
builtins/eval.c,lib/intl/eval-plural.h,0.5
builtins/getopt.c,builtins/getopt.h,1.0
builtins/hash.c,lib/intl/hash-string.h,0.5
builtins/history.c,lib/readline/history.c,1.0
builtins/history.c,lib/readline/history.h,1.0
builtins/kill.c,lib/readline/kill.c,1.0
builtins/times.c,lib/sh/times.c,1.0
lib/glob/glob.c,lib/glob/glob.h,1.0
lib/glob/glob.c,lib/glob/glob_loop.c,0.5
lib/glob/glob.h,lib/glob/glob_loop.c,0.5
lib/glob/glob_loop.c,lib/glob/sm_loop.c,0.3333333333333333
lib/glob/strmatch.c,lib/glob/strmatch.h,1.0
lib/intl/eval-plural.h,lib/intl/plural-exp.c,0.3333333333333333
lib/intl/eval-plural.h,lib/intl/plural-exp.h,0.3333333333333333
lib/intl/eval-plural.h,lib/intl/plural.c,0.5
lib/intl/gettext.c,lib/intl/gettextP.h,1.0
lib/intl/intl-compat.c,lib/readline/compat.c,0.5
lib/intl/localcharset.c,lib/intl/localcharset.h,1.0
lib/intl/plural-exp.c,lib/intl/plural-exp.h,1.0
lib/intl/plural-exp.c,lib/intl/plural.c,0.5
lib/intl/plural-exp.h,lib/intl/plural.c,0.5
lib/intl/relocatable.c,lib/intl/relocatable.h,1.0
lib/malloc/xmalloc.c,lib/readline/xmalloc.c,1.0
lib/malloc/xmalloc.c,lib/readline/xmalloc.h,1.0
lib/readline/emacs_keymap.c,lib/readline/vi_keymap.c,0.3333333333333333
lib/readline/history.c,lib/readline/history.h,1.0
lib/readline/input.c,lib/sh/input_avail.c,0.5
lib/readline/keymaps.c,lib/readline/keymaps.h,1.0
lib/readline/readline.c,lib/readline/readline.h,1.0
lib/readline/rltty.c,lib/readline/rltty.h,1.0
lib/readline/shell.c,lib/tilde/shell.c,1.0
lib/readline/tilde.c,lib/readline/tilde.h,1.0
lib/readline/tilde.c,lib/tilde/tilde.c,1.0
lib/readline/tilde.c,lib/tilde/tilde.h,1.0
lib/readline/tilde.h,lib/tilde/tilde.c,1.0
lib/readline/tilde.h,lib/tilde/tilde.h,1.0
lib/readline/vi_keymap.c,lib/readline/vi_mode.c,0.3333333333333333
lib/readline/xmalloc.c,lib/readline/xmalloc.h,1.0
lib/termcap/termcap.c,lib/termcap/termcap.h,1.0
lib/tilde/tilde.c,lib/tilde/tilde.h,1.0
sig.c,sig.h,1.0
siglist.c,siglist.h,1.0
