<?xml version="1.0"?>

<!--
   Licensed to the Apache Software Foundation (ASF) under one or more
   contributor license agreements.  See the NOTICE file distributed with
   this work for additional information regarding copyright ownership.
   The ASF licenses this file to You under the Apache License, Version 2.0
   (the "License"); you may not use this file except in compliance with
   the License.  You may obtain a copy of the License at

       http://www.apache.org/licenses/LICENSE-2.0

   Unless required by applicable law or agreed to in writing, software
   distributed under the License is distributed on an "AS IS" BASIS,
   WITHOUT WARRANTIES OR CONDITIONS OF ANY KIND, either express or implied.
   See the License for the specific language governing permissions and
   limitations under the License.
-->


<project name="hivecommon" default="jar">

  <property name="name" value="${ant.project.name}"/>

  <property name="hadoop.root" location="${basedir}/../../../.."/>
  <property name="hadoop.bin.dir" location="${hadoop.root}/bin"/>
  <property name="hadoop.conf.dir" value="${hadoop.root}/conf"/>
  <property name="hive.root" location="${basedir}/.."/>
  <property name="hive.conf.dir" value="${hive.root}/conf"/>
  <property name="dist.dir" location="${hive.root}"/>

  <property name="src.dir.hive" location="${hadoop.root}/src/contrib/hive"/>
  <property name="build.dir.hive" location="${hadoop.root}/build/contrib/hive"/>
  <property name="build.dir" location="${build.dir.hive}/${name}"/>
  <property name="build.classes" location="${build.dir}/classes"/>
  <property name="build.encoding" value="ISO-8859-1"/>
  <property name="deploy.dir" location="${build.dir.hive}"/>

  <property name="javac.debug" value="on"/>
  <property name="javac.version" value="1.5"/>
  <property name="javac.optimize" value="on"/>
  <property name="javac.deprecation" value="off"/>
  <property name="javac.args" value=""/>
  <property name="javac.args.warnings" value=""/> <!-- -Xlint:unchecked"/ -->

  <!-- configuration needed for tests -->
  <property name="test.src.dir" value="${basedir}/src/test"/>
  <property name="test.src.data.dir" value="${src.dir.hive}/data"/>
  <property name="test.build.dir" value="${build.dir}/test"/>
  <property name="test.log.dir" value="${test.build.dir}/logs"/>
  <property name="test.data.dir" value="${test.build.dir}/data"/>
  <property name="test.build.src" value="${test.build.dir}/src"/>
  <property name="test.build.classes" value="${test.build.dir}/classes"/>
  <property name="test.build.javadoc" value="${test.build.dir}/docs/api"/>
  <property name="test.include" value="Test*"/>
  <property name="test.exclude" value="TestSerDe"/>
  <property name="test.classpath.id" value="test.classpath"/>
  <property name="test.output" value="true"/>
  <property name="test.timeout" value="900000"/>
  <property name="test.junit.output.format" value="plain"/>

  <path id="test.classpath">
    <pathelement location="${test.build.classes}" />
    <pathelement location="" />
    <pathelement location="${hadoop.conf.dir}"/>
    <pathelement location="${test.data.dir}/conf"/>
    <pathelement location="${hive.conf.dir}"/>
    <fileset dir="${test.src.data.dir}" includes="files/*.jar"/>
    <path refid="classpath"/>
  </path>

  <!-- I am not sure whether we need this target any more since that package does what is needed -->
  <target name="deploy" depends="jar">
    <echo message="hive: ${name}"/>
    <mkdir dir="${deploy.dir}"/>
    <copy file="${build.dir}/hive_${name}.jar"
          todir="${deploy.dir}"/>
  </target>

  <!-- the normal classpath -->
  <path id="common-classpath">
    <pathelement location="${hadoop.root}/build/classes"/>
    <fileset dir="${hadoop.root}/lib">
      <include name="**/*.jar" />
    </fileset>
    <fileset dir="${build.dir.hive}">
      <include name="**/hive_*.jar"/>
    </fileset>
    <fileset dir="${src.dir.hive}/lib">
      <include name="**/*.jar"/>
    </fileset>
  </path>

  <path id="classpath">
    <pathelement location="${hadoop.root}/build/contrib/hive/common/classes"/>
    <pathelement location="${hadoop.root}/build/contrib/hive/serde/classes"/>
    <pathelement location="${hadoop.root}/build/contrib/hive/metastore/classes"/>
    <pathelement location="${hadoop.root}/build/contrib/hive/ql/classes"/>
    <pathelement location="${hadoop.root}/build/contrib/hive/cli/classes"/>
    <fileset dir="${test.src.data.dir}" includes="files/*.jar"/>
    <fileset dir="${basedir}" includes="lib/*.jar"/>
    <path refid="common-classpath"/>
  </path>

  <target name="init">
    <mkdir dir="${hadoop.root}/build/contrib/hive"/>
    <mkdir dir="${build.dir}"/>
    <mkdir dir="${build.classes}"/>
    <mkdir dir="${build.dir.hive}/jexl/classes"/>
    <mkdir dir="${test.build.dir}"/>
    <mkdir dir="${test.build.src}"/>
    <mkdir dir="${test.build.classes}"/>
  </target>

  <target name="test-init">
    <mkdir dir="${test.data.dir}"/>
    <copy todir="${test.data.dir}">
      <fileset dir="${test.src.data.dir}">
        <exclude name="**/.svn"/>
      </fileset>
    </copy>
  </target>

  <target name="compile" depends="init">
    <echo message="Compiling: ${name}"/>
    <javac
     encoding="${build.encoding}"
     srcdir="${src.dir}"
     includes="**/*.java"
     destdir="${build.classes}"
     debug="${javac.debug}"
     deprecation="${javac.deprecation}">
      <compilerarg line="${javac.args} ${javac.args.warnings}" />
      <classpath refid="classpath"/>
    </javac>
  </target>

  <target name="jar" depends="compile">
    <echo message="Jar: ${name}"/>
    <jar
      jarfile="${build.dir}/hive_${name}.jar"
      basedir="${build.classes}"
    />
  </target>

  <!-- target to compile tests -->
  <target name="compile-test" depends="compile">
    <javac
     encoding="${build.encoding}"
     srcdir="${test.src.dir}"
     includes="org/apache/hadoop/**/*.java"
     destdir="${test.build.classes}"
     debug="${javac.debug}"
     optimize="${javac.optimize}"
     target="${javac.version}"
     source="${javac.version}"
     deprecation="${javac.deprecation}">
      <compilerarg line="${javac.args} ${javac.args.warnings}" />
      <classpath refid="test.classpath"/>
    </javac>
    <javac
     encoding="${build.encoding}"
     srcdir="${test.build.src}"
     includes="org/apache/hadoop/**/*.java"
     destdir="${test.build.classes}"
     debug="${javac.debug}"
     optimize="${javac.optimize}"
     target="${javac.version}"
     source="${javac.version}"
     deprecation="${javac.deprecation}">
      <compilerarg line="${javac.args} ${javac.args.warnings}" />
      <classpath refid="test.classpath"/>
    </javac>
  </target>
	
  <target name="test-jar" depends="compile-test"/>

  <target name="test-conditions">
    <condition property="qfile" value="">
      <not>
        <isset property="qfile"/>
      </not>
    </condition>
    <condition property="overwrite" value="false">
      <not>
        <isset property="overwrite"/>
      </not>
    </condition>
  </target>

  <!-- target to deploy anttasks -->

  <target name="compile-ant-tasks" depends="init">
    <subant target="compile">
      <fileset dir=".." includes="ant/build.xml"/>
    </subant>
  </target>

  <target name="deploy-ant-tasks" depends="compile-ant-tasks">
    <subant target="deploy">
      <fileset dir=".." includes="ant/build.xml"/>
    </subant>
  </target>

  <target name="gen-test"/>

  <!-- target to run the tests -->
  <target name="test"
  	depends="test-conditions,gen-test,compile-test,test-jar,test-init">
    <delete dir="${test.log.dir}"/>
    <mkdir dir="${test.log.dir}"/>
    <junit showoutput="${test.output}" printsummary="yes" haltonfailure="no"
           fork="yes" maxmemory="256m" dir="${basedir}" timeout="${test.timeout}"
           errorProperty="tests.failed" failureProperty="tests.failed" filtertrace="off">
      <!--
      <jvmarg value="-Xdebug"/>
      <jvmarg value="-Xrunjdwp:transport=dt_socket,address=8000,server=y,suspend=y"/> -->
      <sysproperty key="test.output.overwrite" value="${overwrite}"/>
      <sysproperty key="log4j.configuration" value="file://${test.data.dir}/conf/hive-log4j.properties"/>
      <sysproperty key="derby.stream.error.file" value="${test.build.dir}/derby.log"/>
      <sysproperty key="hive.aux.jars.path" value="${test.build.dir}/test-udfs.jar,${test.src.data.dir}/files/TestSerDe.jar"/>
      <classpath refid="${test.classpath.id}"/>
      <formatter type="${test.junit.output.format}" />
      <batchtest todir="${test.build.dir}" unless="testcase">
        <fileset dir="${test.build.classes}"
                 includes="**/${test.include}.class"
                 excludes="**/${test.exclude}.class" />
      </batchtest>
      <batchtest todir="${test.build.dir}" if="testcase">
        <fileset dir="${test.build.classes}" includes="**/${testcase}.class"/>
      </batchtest>
    </junit>
    <fail if="tests.failed">Tests failed!</fail>
  </target>

  <target name="clean-test">
    <delete dir="${test.build.dir}"/>
    <delete dir="${build.dir.hive}/test"/>
  </target>

  <target name="clean">
    <echo message="Cleaning: ${name}"/>
    <delete dir="${build.dir}"/>
  </target>

</project>
