{
    "all-groups": {
        "group0": [
            "waitable_event", 
            "waitable_event_posix"
        ], 
        "group1": [
            "nsUCvCnCID", 
            "nsUnicodeToISO2022CN"
        ], 
        "group2": [
            "cairo-qpainter-surface", 
            "cairo-qpainter"
        ], 
        "group3": [
            "NPEventWindows", 
            "NPEventX11"
        ], 
        "group4": [
            "nsMediaStream", 
            "nsMediaCache"
        ], 
        "group5": [
            "nsXTFInterfaceAggregator", 
            "nsXTFWeakTearoff"
        ], 
        "group6": [
            "nsLayoutDebugCIID", 
            "nsLayoutDebugCLH"
        ], 
        "group7": [
            "nsLocale", 
            "nsLocaleService"
        ], 
        "group8": [
            "gfxBlur", 
            "gfxPath", 
            "gfxRect"
        ], 
        "group9": [
            "base_paths", 
            "base_paths_linux", 
            "base_paths_win"
        ], 
        "group10": [
            "nsMacIcelandicToUnicode", 
            "nsUnicodeToMacIcelandic"
        ], 
        "group11": [
            "arm-wince-gcc", 
            "arm-wince-link"
        ], 
        "group12": [
            "nsILanguageAtomService", 
            "nsLanguageAtomService"
        ], 
        "group13": [
            "nsSVGPathElement", 
            "nsSVGPathGeometryElement"
        ], 
        "group14": [
            "nsContentSink", 
            "nsHTMLContentSink"
        ], 
        "group15": [
            "nsMimeTypeArray", 
            "nsPluginArray"
        ], 
        "group16": [
            "filter_policy", 
            "security_filter_peer"
        ], 
        "group17": [
            "nsHTMLBodyElement", 
            "nsHTMLDivElement", 
            "nsHTMLHeadingElement", 
            "nsHTMLParagraphElement", 
            "nsHTMLPreElement", 
            "nsHTMLTableCaptionElement", 
            "nsHTMLTableColElement"
        ], 
        "group18": [
            "transport_dib", 
            "transport_dib_linux", 
            "transport_dib_mac", 
            "transport_dib_win"
        ], 
        "group19": [
            "directory_watcher", 
            "directory_watcher_stub"
        ], 
        "group20": [
            "nsIPrivateTextEvent", 
            "nsDOMTextEvent"
        ], 
        "group21": [
            "shared_memory", 
            "shared_memory_posix", 
            "shared_memory_win"
        ], 
        "group22": [
            "nsIAttribute", 
            "nsDOMAttribute"
        ], 
        "group23": [
            "CAccessibleImage", 
            "nsHTMLImageMapAccessible"
        ], 
        "group24": [
            "cairo-fixed-type-private", 
            "cairo-fixed-private"
        ], 
        "group25": [
            "nsAccessibilityFactory", 
            "nsAccessibilityService"
        ], 
        "group26": [
            "worker_pool", 
            "worker_pool_win"
        ], 
        "group27": [
            "nsDOMClassInfo", 
            "nsIDOMClassInfo"
        ], 
        "group28": [
            "cairo-freelist-private", 
            "cairo-freelist"
        ], 
        "group29": [
            "nsT61ToUnicode", 
            "nsUnicodeToT61"
        ], 
        "group30": [
            "nsXBLEventHandler", 
            "nsXBLPrototypeHandler"
        ], 
        "group31": [
            "nsCharsetAlias", 
            "nsCharsetAliasImp"
        ], 
        "group32": [
            "nsCP1250ToUnicode", 
            "nsUnicodeToCP1250"
        ], 
        "group33": [
            "nsXMLContentSerializer", 
            "nsHTMLContentSerializer", 
            "nsXHTMLContentSerializer"
        ], 
        "group34": [
            "nsISOIR111ToUnicode", 
            "nsUnicodeToISOIR111"
        ], 
        "group35": [
            "BasicLayers", 
            "Layers"
        ], 
        "group36": [
            "thread_local_storage", 
            "thread_local_storage_win"
        ], 
        "group37": [
            "rand_util", 
            "rand_util_win"
        ], 
        "group38": [
            "nsRootAccessible", 
            "nsRootAccessibleWrap"
        ], 
        "group39": [
            "nsSMILMilestone", 
            "nsSMILTypes"
        ], 
        "group40": [
            "nsUCvIBMDll", 
            "nsUCvMinDll"
        ], 
        "group41": [
            "nsXBLBinding", 
            "nsXBLPrototypeBinding"
        ], 
        "group42": [
            "time", 
            "time_mac", 
            "time_posix"
        ], 
        "group43": [
            "nsHTMLObjectElement", 
            "nsHTMLSharedObjectElement"
        ], 
        "group44": [
            "nsStringBundleService", 
            "nsStringBundle"
        ], 
        "group45": [
            "nsCookieModule", 
            "nsCookiePromptService"
        ], 
        "group46": [
            "nsIContentIterator", 
            "nsContentIterator"
        ], 
        "group47": [
            "nsMacDevanagariToUnicode", 
            "nsUnicodeToMacDevanagari"
        ], 
        "group48": [
            "nsICharsetDetector", 
            "nsDebugDetector"
        ], 
        "group49": [
            "nsMetaCharsetObserver", 
            "nsIMetaCharsetService"
        ], 
        "group50": [
            "morkDeque", 
            "morkZone"
        ], 
        "group51": [
            "nsMacFarsiToUnicode", 
            "nsUnicodeToMacFarsi"
        ], 
        "group52": [
            "gfxGDIFont", 
            "gfxGDIShaper"
        ], 
        "group53": [
            "file_version_info", 
            "file_version_info_linux"
        ], 
        "group54": [
            "nsIDOMFormListener", 
            "nsIDOMCompositionListener", 
            "nsIDOMTextListener"
        ], 
        "group55": [
            "cairo-path-fixed-private", 
            "cairo-path-fixed"
        ], 
        "group56": [
            "txStylesheetCompiler", 
            "txStylesheetCompileHandlers"
        ], 
        "group57": [
            "nsISO885916ToUnicode", 
            "nsUnicodeToISO885916"
        ], 
        "group58": [
            "SharedDIB", 
            "SharedDIBWin"
        ], 
        "group59": [
            "nsUnicodeToUserDefined", 
            "nsUserDefinedToUnicode"
        ], 
        "group60": [
            "nsMacGurmukhiToUnicode", 
            "nsUnicodeToMacGurmukhi"
        ], 
        "group61": [
            "nsDOMStorageDBWrapper", 
            "nsDOMStorageMemoryDB", 
            "nsDOMStoragePersistentDB"
        ], 
        "group62": [
            "txHTMLOutput", 
            "txXMLOutput"
        ], 
        "group63": [
            "nsAccessProxy", 
            "nsAccessProxyRegistration"
        ], 
        "group64": [
            "nsDateTimeFormatCID", 
            "nsScriptableDateFormat"
        ], 
        "group65": [
            "nsSVGNumberList", 
            "nsSVGNumber"
        ], 
        "group66": [
            "nsAuth", 
            "nsAuthSambaNTLM", 
            "nsAuthSSPI"
        ], 
        "group67": [
            "gfxMatrix", 
            "gfx3DMatrix"
        ], 
        "group68": [
            "nsPosixLocale", 
            "nsIPosixLocale"
        ], 
        "group69": [
            "nsGLPbufferEGL", 
            "nsGLPbufferGLX", 
            "nsGLPbufferWGL"
        ], 
        "group70": [
            "evrpc", 
            "evrpc-internal"
        ], 
        "group71": [
            "strlcpy-internal", 
            "strlcpy"
        ], 
        "group72": [
            "nsMacArabicToUnicode", 
            "nsUnicodeToMacArabic"
        ], 
        "group73": [
            "nsCompressedCharMap", 
            "nsICharRepresentable"
        ], 
        "group74": [
            "nsIDateTimeFormat", 
            "nsDateTimeFormatMac", 
            "nsDateTimeFormatOS2", 
            "nsDateTimeFormatWin"
        ], 
        "group75": [
            "cairo-atomic-private", 
            "cairo-reference-count-private"
        ], 
        "group76": [
            "nsBIG5ToUnicode", 
            "nsUnicodeToBIG5"
        ], 
        "group77": [
            "PluginModuleParent", 
            "PluginStreamParent"
        ], 
        "group78": [
            "observer_list", 
            "observer_list_threadsafe"
        ], 
        "group79": [
            "nsAuthFactory", 
            "nsAuthSASL"
        ], 
        "group80": [
            "nsISO88595ToUnicode", 
            "nsUnicodeToISO88595"
        ], 
        "group81": [
            "x11_util", 
            "x11_util_internal"
        ], 
        "group82": [
            "nsCarbonBreaker", 
            "nsComplexBreaker", 
            "nsPangoBreaker", 
            "nsUniscribeBreaker"
        ], 
        "group83": [
            "cairo-truetype-subset-private", 
            "cairo-truetype-subset"
        ], 
        "group84": [
            "nsCP1257ToUnicode", 
            "nsUnicodeToCP1257"
        ], 
        "group85": [
            "cairo-quartz-image-surface", 
            "cairo-quartz-surface"
        ], 
        "group86": [
            "nsJSShModule", 
            "nsJSShServer"
        ], 
        "group87": [
            "cairo-region-private", 
            "cairo-region"
        ], 
        "group88": [
            "nsSVGViewBox", 
            "SVGViewBoxSMILType"
        ], 
        "group89": [
            "txTextHandler", 
            "txTextOutput"
        ], 
        "group90": [
            "nsSMILNullType", 
            "SMILBoolType"
        ], 
        "group91": [
            "nsGLPbuffer", 
            "nsGLPbufferOSMesa"
        ], 
        "group92": [
            "thread_local", 
            "thread_local_win"
        ], 
        "group93": [
            "nsEUCTWToUnicode", 
            "nsUnicodeToEUCTW"
        ], 
        "group94": [
            "nsDOMStorage", 
            "nsPIDOMStorage"
        ], 
        "group95": [
            "nsIScriptElement", 
            "nsScriptElement", 
            "nsHTMLScriptElement", 
            "nsSVGScriptElement"
        ], 
        "group96": [
            "nsSVGAnimatedLengthList", 
            "nsSVGAnimatedNumberList"
        ], 
        "group97": [
            "nsSVGTextElement", 
            "nsSVGTextPathElement", 
            "nsSVGTextContentElement"
        ], 
        "group98": [
            "nsSystemPrefService", 
            "nsSystemPrefFactory"
        ], 
        "group99": [
            "sqlite3", 
            "sqlite_compiled_statement", 
            "sqlite_utils"
        ], 
        "group100": [
            "sys_info", 
            "sys_info_mac", 
            "sys_info_win"
        ], 
        "group101": [
            "nsISO885915ToUnicode", 
            "nsUnicodeToISO885915"
        ], 
        "group102": [
            "nsContentList", 
            "nsINodeList"
        ], 
        "group103": [
            "ContainerLayerOGL", 
            "LayerManagerOGL", 
            "LayerManagerOGLShaders", 
            "ThebesLayerOGL"
        ], 
        "group104": [
            "nsCollation", 
            "nsCollationOS2", 
            "nsCollationWin"
        ], 
        "group105": [
            "epoll", 
            "epoll_sub"
        ], 
        "group106": [
            "app_cache_context_impl", 
            "app_cache_dispatcher"
        ], 
        "group107": [
            "notification_observer", 
            "notification_registrar"
        ], 
        "group108": [
            "nsXULTreeGridAccessibleWrap", 
            "nsXULTreeGridAccessible", 
            "nsXULTreeAccessible"
        ], 
        "group109": [
            "nsCollationUnix", 
            "nsDateTimeFormatUnix"
        ], 
        "group110": [
            "nsTCVN5712ToUnicode", 
            "nsUnicodeToTCVN5712"
        ], 
        "group111": [
            "nsCP1253ToUnicode", 
            "nsUnicodeToCP1253"
        ], 
        "group112": [
            "nsCP850ToUnicode", 
            "nsUnicodeToCP850"
        ], 
        "group113": [
            "nsICharsetDetectionAdaptor", 
            "nsDetectionAdaptor"
        ], 
        "group114": [
            "nsCP866ToUnicode", 
            "nsUnicodeToCP866"
        ], 
        "group115": [
            "platform_thread", 
            "platform_thread_win"
        ], 
        "group116": [
            "woff", 
            "woff-private"
        ], 
        "group117": [
            "nsIXPathEvaluatorInternal", 
            "nsXPathEvaluator", 
            "nsXPathNSResolver"
        ], 
        "group118": [
            "ipc_channel", 
            "ipc_channel_posix", 
            "ipc_channel_win"
        ], 
        "group119": [
            "nsApplicationAccessibleWrap", 
            "nsApplicationAccessible"
        ], 
        "group120": [
            "nsCP1256ToUnicode", 
            "nsUnicodeToCP1256"
        ], 
        "group121": [
            "nsISMILAnimationElement", 
            "nsSVGAnimationElement"
        ], 
        "group122": [
            "nsDOMTransitionEvent", 
            "nsDOMPageTransitionEvent"
        ], 
        "group123": [
            "nsLoadListenerProxy", 
            "nsIDOMLoadListener"
        ], 
        "group124": [
            "atomicops", 
            "atomicops_internals_arm_gcc", 
            "atomicops_internals_x86_gcc", 
            "atomicops_internals_x86_macosx", 
            "atomicops_internals_x86_msvc"
        ], 
        "group125": [
            "gssapi", 
            "nsAuthGSSAPI"
        ], 
        "group126": [
            "WebGLContextNotSupported", 
            "WebGLArray"
        ], 
        "group127": [
            "nsXULFormControlAccessible", 
            "nsFormControlAccessible"
        ], 
        "group128": [
            "nsCaminoProfileMigrator", 
            "nsICabProfileMigrator", 
            "nsMacIEProfileMigrator", 
            "nsOmniWebProfileMigrator"
        ], 
        "group129": [
            "nsSVGDataParser", 
            "nsSVGPathDataParser"
        ], 
        "group130": [
            "cairo-hash-private", 
            "cairo-hash"
        ], 
        "group131": [
            "clipboard_util", 
            "clipboard_win"
        ], 
        "group132": [
            "nsMacRomanianToUnicode", 
            "nsUnicodeToMacRomanian"
        ], 
        "group133": [
            "nsSVGPathSeg", 
            "nsSVGPathSegList"
        ], 
        "group134": [
            "nsWyciwygChannel", 
            "nsWyciwygProtocolHandler"
        ], 
        "group135": [
            "notification_details", 
            "notification_service", 
            "notification_type"
        ], 
        "group136": [
            "cairo-surface-fallback-private", 
            "cairo-surface-fallback"
        ], 
        "group137": [
            "nsISVGValueObserver", 
            "nsISVGValue"
        ], 
        "group138": [
            "transform-sse1", 
            "transform-sse2"
        ], 
        "group139": [
            "nsMacTurkishToUnicode", 
            "nsUnicodeToMacTurkish"
        ], 
        "group140": [
            "nsXULTemplateBuilder", 
            "nsTemplateMatch", 
            "nsTemplateRule"
        ], 
        "group141": [
            "nsJavaXPTCStub", 
            "nsJavaXPTCStubWeakRef"
        ], 
        "group142": [
            "nsPermissionManager", 
            "nsPermission"
        ], 
        "group143": [
            "nsMacCEToUnicode", 
            "nsUnicodeToMacCE"
        ], 
        "group144": [
            "child_process_host", 
            "GeckoChildProcessHost"
        ], 
        "group145": [
            "nsIRenderingContext", 
            "nsThebesRenderingContext"
        ], 
        "group146": [
            "txXPathNode", 
            "txNodeSet"
        ], 
        "group147": [
            "nsCP857ToUnicode", 
            "nsUnicodeToCP857"
        ], 
        "group148": [
            "nsMacGujaratiToUnicode", 
            "nsUnicodeToMacGujarati"
        ], 
        "group149": [
            "nsMacCyrillicToUnicode", 
            "nsUnicodeToMacCyrillic"
        ], 
        "group150": [
            "txNodeSetAdaptor", 
            "txXPathObjectAdaptor"
        ], 
        "group151": [
            "nsHTMLButtonElement", 
            "nsHTMLLabelElement", 
            "nsHTMLLegendElement"
        ], 
        "group152": [
            "nsCP1254ToUnicode", 
            "nsUnicodeToCP1254"
        ], 
        "group153": [
            "gfxDWriteShaper", 
            "gfxDWriteTextAnalysis"
        ], 
        "group154": [
            "nsDOMWorkerXHRProxy", 
            "nsDOMWorkerXHRProxiedFunctions"
        ], 
        "group155": [
            "nsUniversalCharDetDll", 
            "nsUniversalCharDetModule"
        ], 
        "group156": [
            "nsICanvasElement", 
            "nsHTMLCanvasElement"
        ], 
        "group157": [
            "nsDocAccessibleWrap", 
            "nsDocAccessible", 
            "nsOuterDocAccessible"
        ], 
        "group158": [
            "nsXBLProtoImplMember", 
            "nsXBLProtoImplMethod", 
            "nsXBLProtoImplProperty"
        ], 
        "group159": [
            "nsISO88593ToUnicode", 
            "nsUnicodeToISO88593"
        ], 
        "group160": [
            "ImageLayers", 
            "BasicImages"
        ], 
        "group161": [
            "gfxTextRunCache", 
            "gfxTextRunWordCache"
        ], 
        "group162": [
            "mozSpellCheckerFactory", 
            "mozSpellChecker"
        ], 
        "group163": [
            "CAccessibleComponent", 
            "CAccessibleTable"
        ], 
        "group164": [
            "nsUCvIBMCID", 
            "nsUCvKOCID", 
            "nsUCvTWCID"
        ], 
        "group165": [
            "message_pump_default", 
            "MessagePump"
        ], 
        "group166": [
            "nsISO88594ToUnicode", 
            "nsUnicodeToISO88594"
        ], 
        "group167": [
            "gfxPlatformMac", 
            "gfxMacFont"
        ], 
        "group168": [
            "nsIDocument", 
            "nsDocument"
        ], 
        "group169": [
            "nsKOI8RToUnicode", 
            "nsKOI8UToUnicode", 
            "nsUnicodeToKOI8R", 
            "nsUnicodeToKOI8U"
        ], 
        "group170": [
            "nsXULTemplateQueryProcessorRDF", 
            "nsRDFQuery"
        ], 
        "group171": [
            "nsSystemFontsBeOS", 
            "nsSystemFontsOS2", 
            "nsSystemFontsWin"
        ], 
        "group172": [
            "render_messages", 
            "render_messages_internal"
        ], 
        "group173": [
            "nsCP855ToUnicode", 
            "nsUnicodeToCP855"
        ], 
        "group174": [
            "pixman-pict", 
            "pixman-region32"
        ], 
        "group175": [
            "nsXMLEncodingObserver", 
            "nsIXMLEncodingService"
        ], 
        "group176": [
            "nsXULListboxAccessibleWrap", 
            "nsXULListboxAccessible"
        ], 
        "group177": [
            "nsHTMLOptionElement", 
            "nsIOptionElement"
        ], 
        "group178": [
            "mozISanitizingSerializer", 
            "mozSanitizingSerializer"
        ], 
        "group179": [
            "nsAccUtils", 
            "nsAccCache"
        ], 
        "group180": [
            "gfxPlatform", 
            "gfxWindowsPlatform"
        ], 
        "group181": [
            "nsAccessibleRelationWrap", 
            "nsAccessibleRelation"
        ], 
        "group182": [
            "cairo-arc-private", 
            "cairo-arc"
        ], 
        "group183": [
            "nsBeOSCharset", 
            "nsOS2Charset"
        ], 
        "group184": [
            "cairo-beos-surface", 
            "cairo-beos"
        ], 
        "group185": [
            "idle_timer", 
            "idle_timer_none"
        ], 
        "group186": [
            "nsIFrameSetElement", 
            "nsHTMLFrameSetElement"
        ], 
        "group187": [
            "PluginScriptableObjectParent", 
            "PluginScriptableObjectUtils"
        ], 
        "group188": [
            "sys_string_conversions", 
            "sys_string_conversions_linux"
        ], 
        "group189": [
            "cairo-skiplist-private", 
            "cairo-skiplist"
        ], 
        "group190": [
            "nsIDOMScriptObjectFactory", 
            "nsDOMScriptObjectFactory"
        ], 
        "group191": [
            "nsSVGFeatures", 
            "nsSVGFeaturesList"
        ], 
        "group192": [
            "nsSMILTimeValueSpec", 
            "nsSMILTimeValue"
        ], 
        "group193": [
            "cairo-win32-surface", 
            "cairo-win32-printing-surface"
        ], 
        "group194": [
            "file_util", 
            "file_util_posix"
        ], 
        "group195": [
            "pixman-arm-simd-asm", 
            "pixman-arm-simd"
        ], 
        "group196": [
            "txExpr", 
            "txLiteralExpr", 
            "txUnaryExpr"
        ], 
        "group197": [
            "gfxFT2FontBase", 
            "gfxFT2Utils"
        ], 
        "group198": [
            "cairo-user-font-private", 
            "cairo-user-font"
        ], 
        "group199": [
            "nsDOMEvent", 
            "nsDOMCommandEvent"
        ], 
        "group200": [
            "morkProbeMap", 
            "morkThumb"
        ], 
        "group201": [
            "nsIMacLocale", 
            "nsMacLocale"
        ], 
        "group202": [
            "nsIXMLContentSink", 
            "nsXULContentSink"
        ], 
        "group203": [
            "nsMacCroatianToUnicode", 
            "nsUnicodeToMacCroatian"
        ], 
        "group204": [
            "nsUConvModule", 
            "nsUConvCID"
        ], 
        "group205": [
            "nsINodeInfo", 
            "nsNodeInfo"
        ], 
        "group206": [
            "platform_file", 
            "platform_file_posix", 
            "platform_file_win"
        ], 
        "group207": [
            "cairo-scaled-font-subsets", 
            "cairo-type1-subset"
        ], 
        "group208": [
            "nsISO88599ToUnicode", 
            "nsUnicodeToISO88599"
        ], 
        "group209": [
            "nsISO88597ToUnicode", 
            "nsUnicodeToISO88597"
        ], 
        "group210": [
            "PluginLibrary", 
            "PluginPRLibrary"
        ], 
        "group211": [
            "nsMaiHyperlink", 
            "nsMaiInterfaceHyperlinkImpl"
        ], 
        "group212": [
            "file_util_icu", 
            "icu_util", 
            "string_util_icu"
        ], 
        "group213": [
            "file_descriptor_posix", 
            "file_descriptor_set_posix"
        ], 
        "group214": [
            "morkBead", 
            "morkYarn"
        ], 
        "group215": [
            "nsOperaProfileMigrator", 
            "nsPhoenixProfileMigrator", 
            "nsIEProfileMigrator", 
            "nsSafariProfileMigrator"
        ], 
        "group216": [
            "WebGLContext", 
            "WebGLContextValidate"
        ], 
        "group217": [
            "nsILineBreaker", 
            "nsJISx4501LineBreaker"
        ], 
        "group218": [
            "nsMacGreekToUnicode", 
            "nsUnicodeToMacGreek"
        ], 
        "group219": [
            "txErrorExpr", 
            "txFilterExpr", 
            "txUnionExpr"
        ], 
        "group220": [
            "nsIRange", 
            "nsIRangeUtils", 
            "nsRange"
        ], 
        "group221": [
            "cairo-quartz-font", 
            "cairo-quartz"
        ], 
        "group222": [
            "message_pump", 
            "message_pump_mac", 
            "message_pump_win"
        ], 
        "group223": [
            "nsMutationEvent", 
            "nsDOMMutationEvent"
        ], 
        "group224": [
            "nsCP862ToUnicode", 
            "nsUnicodeToCP862"
        ], 
        "group225": [
            "nsISO88591ToUnicode", 
            "nsUnicodeToISO88591"
        ], 
        "group226": [
            "nsDOMFile", 
            "nsDOMFileReader"
        ], 
        "group227": [
            "process", 
            "process_posix", 
            "process_win"
        ], 
        "group228": [
            "nsCP1252ToUnicode", 
            "nsUnicodeToCP1252"
        ], 
        "group229": [
            "nsUnicodeToVISCII", 
            "nsVISCIIToUnicode"
        ], 
        "group230": [
            "morkSearchRowCursor", 
            "morkTableRowCursor", 
            "morkUniqRowCursor"
        ], 
        "group231": [
            "nsDogbertProfileMigrator", 
            "nsSeamonkeyProfileMigrator", 
            "nsNetscapeProfileMigratorBase"
        ], 
        "group232": [
            "nsCP1131ToUnicode", 
            "nsUnicodeToCP1131"
        ], 
        "group233": [
            "chrome_plugin_api", 
            "gears_api"
        ], 
        "group234": [
            "nsCP864iToUnicode", 
            "nsCP864ToUnicode", 
            "nsUnicodeToCP864", 
            "nsUnicodeToCP864i"
        ], 
        "group235": [
            "lock_impl", 
            "lock_impl_win", 
            "lock_impl_posix"
        ], 
        "group236": [
            "nsXULMenuAccessibleWrap", 
            "nsXULMenuAccessible"
        ], 
        "group237": [
            "nsAsciiToUnicode", 
            "nsUnicodeToAscii"
        ], 
        "group238": [
            "nsShellService", 
            "nsMacShellService"
        ], 
        "group239": [
            "nsBIG5HKSCSToUnicode", 
            "nsUnicodeToBIG5HKSCS"
        ], 
        "group240": [
            "cairo-glitz", 
            "gfxGlitzSurface"
        ], 
        "group241": [
            "pixman-access-accessors", 
            "pixman-compose-accessors", 
            "pixman-compose"
        ], 
        "group242": [
            "cairo-meta-surface-private", 
            "cairo-meta-surface"
        ], 
        "group243": [
            "morkAtomSpace", 
            "morkSpace", 
            "morkRowSpace"
        ], 
        "group244": [
            "nsICanvasRenderingContextInternal", 
            "nsCanvasRenderingContext2D"
        ], 
        "group245": [
            "txKey", 
            "txKeyFunctionCall"
        ], 
        "group246": [
            "nsMai", 
            "nsMaiInterfaceDocument", 
            "nsMaiInterfaceSelection", 
            "nsMaiInterfaceTable"
        ], 
        "group247": [
            "nsIEventListenerManager", 
            "nsEventListenerManager"
        ], 
        "group248": [
            "arm-wince-as", 
            "arm-wince-lib", 
            "arm-wince-res"
        ], 
        "group249": [
            "pixman-conical-gradient", 
            "pixman-linear-gradient"
        ], 
        "group250": [
            "mozAccessible", 
            "mozAccessibleWrapper"
        ], 
        "group251": [
            "mozInlineSpellChecker", 
            "mozInlineSpellWordUtil"
        ], 
        "group252": [
            "pixman-combine32", 
            "pixman-vmx"
        ], 
        "group253": [
            "nsIStyleSheetLinkingElement", 
            "nsStyleLinkElement", 
            "nsSVGStyleElement"
        ], 
        "group254": [
            "nsIRadioGroupContainer", 
            "nsIRadioVisitor"
        ], 
        "group255": [
            "nsIWin32Locale", 
            "nsIWin32LocaleImpl"
        ], 
        "group256": [
            "nsCP1251ToUnicode", 
            "nsUnicodeToCP1251"
        ], 
        "group257": [
            "string_util_posix", 
            "string_util_win"
        ], 
        "group258": [
            "nsIMutationObserver", 
            "nsStubMutationObserver"
        ], 
        "group259": [
            "hmac", 
            "hmac_win"
        ], 
        "group260": [
            "nsSVGAnimateElement", 
            "nsSVGAnimateTransformElement"
        ], 
        "group261": [
            "nsCP852ToUnicode", 
            "nsUnicodeToCP852"
        ], 
        "group262": [
            "nsHTMLTableAccessible", 
            "nsHTMLTableAccessibleWrap"
        ], 
        "group263": [
            "nsISO885913ToUnicode", 
            "nsUnicodeToISO885913"
        ], 
        "group264": [
            "nsWinCEUConvService", 
            "nsNativeUConvService"
        ], 
        "group265": [
            "nsARMSCII8ToUnicode", 
            "nsUnicodeToARMSCII8"
        ], 
        "group266": [
            "txStandaloneXSLTProcessor", 
            "txStandaloneStylesheetCompiler"
        ], 
        "group267": [
            "devtools_messages", 
            "devtools_messages_internal"
        ], 
        "group268": [
            "nsISO88592ToUnicode", 
            "nsUnicodeToISO88592"
        ], 
        "group269": [
            "nsGEOSTD8ToUnicode", 
            "nsUnicodeToGEOSTD8"
        ], 
        "group270": [
            "event_recorder", 
            "event_recorder_stubs"
        ], 
        "group271": [
            "cairo-type3-glyph-surface-private", 
            "cairo-type3-glyph-surface"
        ], 
        "group272": [
            "nsIPrivateTextRange", 
            "nsPrivateTextRange"
        ], 
        "group273": [
            "native_web_keyboard_event", 
            "native_web_keyboard_event_linux", 
            "native_web_keyboard_event_win"
        ], 
        "group274": [
            "txMozillaTextOutput", 
            "txMozillaXSLTProcessor"
        ], 
        "group275": [
            "nsISO885914ToUnicode", 
            "nsUnicodeToISO885914"
        ], 
        "group276": [
            "SharedMemory", 
            "SharedMemory_posix", 
            "SharedMemory_windows"
        ], 
        "group277": [
            "nsCP1258ToUnicode", 
            "nsUnicodeToCP1258"
        ], 
        "group278": [
            "nsXBLWindowKeyHandler", 
            "nsIDOMKeyListener"
        ], 
        "group279": [
            "nsCP869ToUnicode", 
            "nsUnicodeToCP869"
        ], 
        "group280": [
            "gfxASurface", 
            "gfxWindowsSurface"
        ], 
        "group281": [
            "ref_counted", 
            "ref_counted_util"
        ], 
        "group282": [
            "nsARIAGridAccessibleWrap", 
            "nsARIAGridAccessible"
        ], 
        "group283": [
            "nsSVGTransformList", 
            "nsSVGTransformSMILAttr"
        ], 
        "group284": [
            "nsIThebesFontMetrics", 
            "nsThebesFontMetrics"
        ], 
        "group285": [
            "cairo-path-fill", 
            "cairo-path-in-fill"
        ], 
        "group286": [
            "nsUnicodeToVPS", 
            "nsVPSToUnicode"
        ], 
        "group287": [
            "nsMathMLElement", 
            "nsMathMLElementFactory"
        ], 
        "group288": [
            "process_watcher", 
            "process_watcher_posix", 
            "process_watcher_posix_sigchld"
        ], 
        "group289": [
            "nsContentPolicyUtils", 
            "nsContentPolicy"
        ], 
        "group290": [
            "nsCP1255ToUnicode", 
            "nsUnicodeToCP1255"
        ], 
        "group291": [
            "nsDOMWorkerMacros", 
            "nsDOMWorkerLocation"
        ], 
        "group292": [
            "condition_variable", 
            "condition_variable_posix"
        ], 
        "group293": [
            "txXSLTNumber", 
            "txXSLTNumberCounters"
        ], 
        "group294": [
            "process_util", 
            "process_util_linux"
        ], 
        "group295": [
            "nsINameSpaceManager", 
            "nsNameSpaceManager"
        ], 
        "group296": [
            "nsCP1125ToUnicode", 
            "nsUnicodeToCP1125"
        ], 
        "group297": [
            "nsIScriptTimeoutHandler", 
            "nsJSTimeoutHandler"
        ], 
        "group298": [
            "cairo-xcb-surface", 
            "cairo-xcb-xrender", 
            "cairo-xcb"
        ], 
        "group299": [
            "nsISO885910ToUnicode", 
            "nsUnicodeToISO885910"
        ], 
        "group300": [
            "nsMacHebrewToUnicode", 
            "nsUnicodeToMacHebrew"
        ], 
        "group301": [
            "cairo-gstate-private", 
            "cairo-gstate"
        ], 
        "group302": [
            "cairo-paginated-surface-private", 
            "cairo-paginated-surface"
        ], 
        "group303": [
            "nsHTMLImageAccessibleWrap", 
            "nsHTMLImageAccessible"
        ], 
        "group304": [
            "nsSMILAnimationFunction", 
            "nsSMILSetAnimationFunction"
        ], 
        "group305": [
            "xpidl", 
            "xpidl_header", 
            "xpidl_idl", 
            "xpidl_java", 
            "xpidl_javastub", 
            "xpidl_typelib"
        ], 
        "group306": [
            "system_monitor", 
            "system_monitor_posix", 
            "system_monitor_win"
        ], 
        "group307": [
            "signature_verifier", 
            "signature_verifier_nss"
        ], 
        "group308": [
            "nsXULAlertAccessible", 
            "nsXULComboboxAccessible", 
            "nsXULSliderAccessible"
        ], 
        "group309": [
            "keyboard_codes", 
            "keyboard_codes_posix"
        ], 
        "group310": [
            "mozHunspell", 
            "mozHunspellDirProvider"
        ], 
        "group311": [
            "waitable_event_watcher", 
            "waitable_event_watcher_posix", 
            "waitable_event_watcher_win"
        ], 
        "group312": [
            "nsJohabToUnicode", 
            "nsUnicodeToJohab"
        ], 
        "group313": [
            "chrome_plugin_lib", 
            "chrome_plugin_util"
        ], 
        "group314": [
            "nsISVGLength", 
            "nsSVGLengthList", 
            "nsSVGLength"
        ], 
        "group315": [
            "cairo-mutex-private", 
            "cairo-mutex-list-private"
        ], 
        "group316": [
            "nsBaseWidgetAccessible", 
            "nsXFormsWidgetsAccessible"
        ], 
        "group317": [
            "nsIEventStateManager", 
            "nsEventStateManager"
        ], 
        "group318": [
            "nsMacRomanToUnicode", 
            "nsUnicodeToMacRoman"
        ], 
        "group319": [
            "nsIScriptNameSpaceManager", 
            "nsScriptNameSpaceManager"
        ], 
        "group320": [
            "nsSystemPrefLog", 
            "nsSystemPref"
        ], 
        "group321": [
            "LangBulgarianModel", 
            "LangHungarianModel", 
            "LangThaiModel"
        ]
    }, 
    "groups-not-in-ground-truth": {
        "group0": [
            "nsContentSink", 
            "nsHTMLContentSink"
        ], 
        "group1": [
            "CAccessibleImage", 
            "nsHTMLImageMapAccessible"
        ], 
        "group2": [
            "nsAccessibilityFactory", 
            "nsAccessibilityService"
        ], 
        "group3": [
            "nsRootAccessible", 
            "nsRootAccessibleWrap"
        ], 
        "group4": [
            "time", 
            "time_mac", 
            "time_posix"
        ], 
        "group5": [
            "nsCompressedCharMap", 
            "nsICharRepresentable"
        ], 
        "group6": [
            "nsIScriptElement", 
            "nsScriptElement", 
            "nsHTMLScriptElement", 
            "nsSVGScriptElement"
        ], 
        "group7": [
            "sqlite3", 
            "sqlite_compiled_statement", 
            "sqlite_utils"
        ], 
        "group8": [
            "nsXULTreeGridAccessibleWrap", 
            "nsXULTreeGridAccessible", 
            "nsXULTreeAccessible"
        ], 
        "group9": [
            "nsIXPathEvaluatorInternal", 
            "nsXPathEvaluator", 
            "nsXPathNSResolver"
        ], 
        "group10": [
            "nsApplicationAccessibleWrap", 
            "nsApplicationAccessible"
        ], 
        "group11": [
            "nsISMILAnimationElement", 
            "nsSVGAnimationElement"
        ], 
        "group12": [
            "nsLoadListenerProxy", 
            "nsIDOMLoadListener"
        ], 
        "group13": [
            "nsXULFormControlAccessible", 
            "nsFormControlAccessible"
        ], 
        "group14": [
            "child_process_host", 
            "GeckoChildProcessHost"
        ], 
        "group15": [
            "nsIRenderingContext", 
            "nsThebesRenderingContext"
        ], 
        "group16": [
            "nsICanvasElement", 
            "nsHTMLCanvasElement"
        ], 
        "group17": [
            "nsDocAccessibleWrap", 
            "nsDocAccessible", 
            "nsOuterDocAccessible"
        ], 
        "group18": [
            "message_pump_default", 
            "MessagePump"
        ], 
        "group19": [
            "nsXULListboxAccessibleWrap", 
            "nsXULListboxAccessible"
        ], 
        "group20": [
            "nsAccessibleRelationWrap", 
            "nsAccessibleRelation"
        ], 
        "group21": [
            "nsIXMLContentSink", 
            "nsXULContentSink"
        ], 
        "group22": [
            "process", 
            "process_posix", 
            "process_win"
        ], 
        "group23": [
            "nsXULMenuAccessibleWrap", 
            "nsXULMenuAccessible"
        ], 
        "group24": [
            "cairo-glitz", 
            "gfxGlitzSurface"
        ], 
        "group25": [
            "nsIStyleSheetLinkingElement", 
            "nsStyleLinkElement", 
            "nsSVGStyleElement"
        ], 
        "group26": [
            "nsHTMLTableAccessible", 
            "nsHTMLTableAccessibleWrap"
        ], 
        "group27": [
            "nsXBLWindowKeyHandler", 
            "nsIDOMKeyListener"
        ], 
        "group28": [
            "nsARIAGridAccessibleWrap", 
            "nsARIAGridAccessible"
        ], 
        "group29": [
            "nsHTMLImageAccessibleWrap", 
            "nsHTMLImageAccessible"
        ], 
        "group30": [
            "nsBaseWidgetAccessible", 
            "nsXFormsWidgetsAccessible"
        ]
    }, 
    "groups-in-gt-split-by-union": {
        "group0": [
            "waitable_event", 
            "waitable_event_posix"
        ], 
        "group1": [
            "gfxBlur", 
            "gfxPath", 
            "gfxRect"
        ], 
        "group2": [
            "base_paths", 
            "base_paths_linux", 
            "base_paths_win"
        ], 
        "group3": [
            "nsSVGPathElement", 
            "nsSVGPathGeometryElement"
        ], 
        "group4": [
            "nsHTMLBodyElement", 
            "nsHTMLDivElement", 
            "nsHTMLHeadingElement", 
            "nsHTMLParagraphElement", 
            "nsHTMLPreElement", 
            "nsHTMLTableCaptionElement", 
            "nsHTMLTableColElement"
        ], 
        "group5": [
            "shared_memory", 
            "shared_memory_posix", 
            "shared_memory_win"
        ], 
        "group6": [
            "nsDOMClassInfo", 
            "nsIDOMClassInfo"
        ], 
        "group7": [
            "thread_local_storage", 
            "thread_local_storage_win"
        ], 
        "group8": [
            "rand_util", 
            "rand_util_win"
        ], 
        "group9": [
            "nsSMILMilestone", 
            "nsSMILTypes"
        ], 
        "group10": [
            "nsUCvIBMDll", 
            "nsUCvMinDll"
        ], 
        "group11": [
            "nsXBLBinding", 
            "nsXBLPrototypeBinding"
        ], 
        "group12": [
            "nsIDOMFormListener", 
            "nsIDOMCompositionListener", 
            "nsIDOMTextListener"
        ], 
        "group13": [
            "PluginModuleParent", 
            "PluginStreamParent"
        ], 
        "group14": [
            "cairo-quartz-image-surface", 
            "cairo-quartz-surface"
        ], 
        "group15": [
            "cairo-region-private", 
            "cairo-region"
        ], 
        "group16": [
            "txTextHandler", 
            "txTextOutput"
        ], 
        "group17": [
            "nsSVGTextElement", 
            "nsSVGTextPathElement", 
            "nsSVGTextContentElement"
        ], 
        "group18": [
            "platform_thread", 
            "platform_thread_win"
        ], 
        "group19": [
            "ipc_channel", 
            "ipc_channel_posix", 
            "ipc_channel_win"
        ], 
        "group20": [
            "notification_details", 
            "notification_service", 
            "notification_type"
        ], 
        "group21": [
            "txXPathNode", 
            "txNodeSet"
        ], 
        "group22": [
            "gfxTextRunCache", 
            "gfxTextRunWordCache"
        ], 
        "group23": [
            "nsIDocument", 
            "nsDocument"
        ], 
        "group24": [
            "nsSystemFontsBeOS", 
            "nsSystemFontsOS2", 
            "nsSystemFontsWin"
        ], 
        "group25": [
            "pixman-pict", 
            "pixman-region32"
        ], 
        "group26": [
            "sys_string_conversions", 
            "sys_string_conversions_linux"
        ], 
        "group27": [
            "nsIDOMScriptObjectFactory", 
            "nsDOMScriptObjectFactory"
        ], 
        "group28": [
            "file_util", 
            "file_util_posix"
        ], 
        "group29": [
            "txExpr", 
            "txLiteralExpr", 
            "txUnaryExpr"
        ], 
        "group30": [
            "morkProbeMap", 
            "morkThumb"
        ], 
        "group31": [
            "nsIMacLocale", 
            "nsMacLocale"
        ], 
        "group32": [
            "nsUConvModule", 
            "nsUConvCID"
        ], 
        "group33": [
            "nsINodeInfo", 
            "nsNodeInfo"
        ], 
        "group34": [
            "platform_file", 
            "platform_file_posix", 
            "platform_file_win"
        ], 
        "group35": [
            "file_descriptor_posix", 
            "file_descriptor_set_posix"
        ], 
        "group36": [
            "morkBead", 
            "morkYarn"
        ], 
        "group37": [
            "nsOperaProfileMigrator", 
            "nsPhoenixProfileMigrator", 
            "nsIEProfileMigrator", 
            "nsSafariProfileMigrator"
        ], 
        "group38": [
            "nsILineBreaker", 
            "nsJISx4501LineBreaker"
        ], 
        "group39": [
            "txErrorExpr", 
            "txFilterExpr", 
            "txUnionExpr"
        ], 
        "group40": [
            "cairo-quartz-font", 
            "cairo-quartz"
        ], 
        "group41": [
            "nsDOMFile", 
            "nsDOMFileReader"
        ], 
        "group42": [
            "cairo-meta-surface-private", 
            "cairo-meta-surface"
        ], 
        "group43": [
            "nsIEventListenerManager", 
            "nsEventListenerManager"
        ], 
        "group44": [
            "string_util_posix", 
            "string_util_win"
        ], 
        "group45": [
            "nsSVGAnimateElement", 
            "nsSVGAnimateTransformElement"
        ], 
        "group46": [
            "cairo-type3-glyph-surface-private", 
            "cairo-type3-glyph-surface"
        ], 
        "group47": [
            "txMozillaTextOutput", 
            "txMozillaXSLTProcessor"
        ], 
        "group48": [
            "SharedMemory", 
            "SharedMemory_posix", 
            "SharedMemory_windows"
        ], 
        "group49": [
            "gfxASurface", 
            "gfxWindowsSurface"
        ], 
        "group50": [
            "ref_counted", 
            "ref_counted_util"
        ], 
        "group51": [
            "nsSVGTransformList", 
            "nsSVGTransformSMILAttr"
        ], 
        "group52": [
            "nsContentPolicyUtils", 
            "nsContentPolicy"
        ], 
        "group53": [
            "nsDOMWorkerMacros", 
            "nsDOMWorkerLocation"
        ], 
        "group54": [
            "process_util", 
            "process_util_linux"
        ], 
        "group55": [
            "xpidl", 
            "xpidl_header", 
            "xpidl_idl", 
            "xpidl_java", 
            "xpidl_javastub", 
            "xpidl_typelib"
        ], 
        "group56": [
            "system_monitor", 
            "system_monitor_posix", 
            "system_monitor_win"
        ], 
        "group57": [
            "waitable_event_watcher", 
            "waitable_event_watcher_posix", 
            "waitable_event_watcher_win"
        ], 
        "group58": [
            "chrome_plugin_lib", 
            "chrome_plugin_util"
        ], 
        "group59": [
            "nsIEventStateManager", 
            "nsEventStateManager"
        ], 
        "group60": [
            "nsIScriptNameSpaceManager", 
            "nsScriptNameSpaceManager"
        ]
    }
}
