ConflictingRequestException,BadRequestException,0.3028526893457012
CatalogController,CatalogItem,0.4186798215634759
CatalogController,CatalogItemsRepository,0.3172798446516411
CatalogController,RepositoryFactory,0.1641148481702792
CatalogController,Utility,0.25104830008398804
DealerController,RepositoryFactory,0.1641148481702792
DealerController,Utility,0.25104830008398804
OrderController,BadRequestException,0.18466927352340076
OrderController,ConflictingRequestException,0.1641148481702792
OrderController,Order,0.3377289663568689
OrderController,OrderEventInfo,0.20621750944900594
OrderController,OrderStatus,0.1641148481702792
OrderController,OrderUpdateInfo,0.18466927352340076
OrderController,Quote,0.1641148481702792
OrderController,OrderRepository,0.3746864312909841
OrderController,QuoteRepository,0.18466927352340076
OrderController,RepositoryFactory,0.18466927352340076
OrderController,Utility,0.295811770830844
QuoteController,BadRequestException,0.1641148481702792
QuoteController,Quote,0.3172798446516411
QuoteController,QuoteRepository,0.27362105137441595
QuoteController,RepositoryFactory,0.1641148481702792
QuoteController,Utility,0.25104830008398804
ShipmentController,BadRequestException,0.1641148481702792
ShipmentController,Delivery,0.3172798446516411
ShipmentController,Order,0.18466927352340076
ShipmentController,OrderStatus,0.18466927352340076
ShipmentController,Quote,0.1641148481702792
ShipmentController,ShipmentEventInfo,0.20621750944900594
ShipmentController,ShipmentRecord,0.45699285771791404
ShipmentController,OrderRepository,0.20621750944900594
ShipmentController,QuoteRepository,0.20621750944900594
ShipmentController,RepositoryFactory,0.20621750944900594
ShipmentController,ShipmentRepository,0.3746864312909841
ShipmentController,Utility,0.27362105137441595
CatalogItem,Utility,0.18466927352340076
CatalogItem,CatalogController,0.1817930645295151
Delivery,Order,0.20621750944900594
Delivery,Quote,0.20621750944900594
Delivery,ShipmentRecord,0.20621750944900594
Order,OrderEventInfo,0.4102515076088029
Order,OrderStatus,0.4102515076088029
Order,Utility,0.18466927352340076
Order,OrderUpdateInfo,0.1817930645295151
Order,OrderController,0.39112068957164076
OrderUpdateInfo,OrderEventInfo,0.36923171590628845
OrderUpdateInfo,OrderStatus,0.22845844307928784
OrderUpdateInfo,OrderController,0.1817930645295151
Quote,QuoteItemInfo,0.35692156046027
Quote,Utility,0.18466927352340076
Quote,QuoteController,0.39112068957164076
ShipmentRecord,DeliveryAddress,0.22845844307928784
ShipmentRecord,PhoneInfo,0.27362105137441595
ShipmentRecord,ShipmentEventInfo,0.4751049762825704
ShipmentRecord,ShipmentController,0.1817930645295151
CatalogItemsRepository,CatalogItem,0.5973381990206467
CatalogItemsRepository,MockCatalogItemsRepository,0.39112068957164076
CatalogItemsRepository,MongoCatalogItemsRepository,0.39112068957164076
CatalogItemsRepository,QuoteItemInfo,0.11818341582230041
CatalogItemsRepository,CatalogController,0.1817930645295151
OrderDetails,Order,0.6120677048995505
OrderDetails,OrderEventInfo,0.36923171590628845
OrderDetails,OrderStatus,0.2822982639925796
OrderDetails,ShipmentDetails,0.11818341582230041
OrderDetails,OrderUpdateInfo,0.11818341582230041
OrderDetails,OrderController,0.1817930645295151
QuoteDetails,Quote,0.6688942036293777
QuoteDetails,QuoteItemInfo,0.4139951866531444
QuoteDetails,OrderDetails,0.11818341582230041
QuoteDetails,ShipmentDetails,0.11818341582230041
QuoteDetails,QuoteController,0.1817930645295151
ShipmentDetails,DeliveryAddress,0.1641148481702792
ShipmentDetails,PhoneInfo,0.18466927352340076
ShipmentDetails,ShipmentEventInfo,0.3466418589015883
ShipmentDetails,ShipmentRecord,0.5817832652985961
ShipmentDetails,ShipmentController,0.1817930645295151
MongoCatalogItemsRepository,CatalogItem,0.8315720687976302
MongoCatalogItemsRepository,CatalogItemsRepository,0.1641148481702792
MongoCatalogItemsRepository,TestPath,0.1641148481702792
MongoCatalogItemsRepository,QuoteItemInfo,0.11818341582230041
MongoCatalogItemsRepository,CatalogController,0.1817930645295151
MongoDealersRepository,Dealer,0.7820403728178578
MongoDealersRepository,TestPath,0.1641148481702792
MongoDealersRepository,DealerController,0.39112068957164076
MongoOrderRepository,BadRequestException,0.22845844307928784
MongoOrderRepository,ConflictingRequestException,0.18466927352340076
MongoOrderRepository,Order,0.8693159299707602
MongoOrderRepository,OrderStatus,0.43284136461350314
MongoOrderRepository,OrderUpdateInfo,0.388010573978521
MongoOrderRepository,Quote,0.1641148481702792
MongoOrderRepository,OrderDetails,0.6634686784472728
MongoOrderRepository,OrderRepository,0.1641148481702792
MongoOrderRepository,QuoteRepository,0.22845844307928784
MongoOrderRepository,TestPath,0.1641148481702792
MongoOrderRepository,OrderEventInfo,0.1817930645295151
MongoOrderRepository,OrderController,0.39112068957164076
MongoQuoteRepository,BadRequestException,0.20621750944900594
MongoQuoteRepository,Quote,0.8315720687976302
MongoQuoteRepository,QuoteDetails,0.6453929140058109
MongoQuoteRepository,QuoteRepository,0.1641148481702792
MongoQuoteRepository,TestPath,0.1641148481702792
MongoQuoteRepository,QuoteItemInfo,0.1817930645295151
MongoQuoteRepository,QuoteController,0.39112068957164076
MongoShipmentRepository,BadRequestException,0.20621750944900594
MongoShipmentRepository,ConflictingRequestException,0.18466927352340076
MongoShipmentRepository,Order,0.22845844307928784
MongoShipmentRepository,OrderStatus,0.1641148481702792
MongoShipmentRepository,ShipmentEventInfo,0.34590791269979426
MongoShipmentRepository,ShipmentRecord,0.6222444437555046
MongoShipmentRepository,ShipmentDetails,0.6453929140058109
MongoShipmentRepository,OrderRepository,0.22845844307928784
MongoShipmentRepository,ShipmentRepository,0.1641148481702792
MongoShipmentRepository,TestPath,0.1641148481702792
MongoShipmentRepository,ShipmentController,0.39112068957164076
OrderRepository,BadRequestException,0.18466927352340076
OrderRepository,Order,0.6647417409460568
OrderRepository,OrderStatus,0.36646233805291584
OrderRepository,OrderUpdateInfo,0.34590791269979426
OrderRepository,MockOrderRepository,0.39112068957164076
OrderRepository,MongoOrderRepository,0.39112068957164076
OrderRepository,OrderDetails,0.1817930645295151
OrderRepository,OrderEventInfo,0.1817930645295151
OrderRepository,OrderController,0.39112068957164076
QuoteRepository,BadRequestException,0.1641148481702792
QuoteRepository,Quote,0.6421689896556289
QuoteRepository,MockQuoteRepository,0.39112068957164076
QuoteRepository,MongoQuoteRepository,0.39112068957164076
QuoteRepository,QuoteDetails,0.1817930645295151
QuoteRepository,QuoteItemInfo,0.1817930645295151
QuoteRepository,QuoteController,0.39112068957164076
RepositoryFactory,CatalogItemsRepository,0.18466927352340076
RepositoryFactory,MongoCatalogItemsRepository,0.18466927352340076
RepositoryFactory,MongoDealersRepository,0.18466927352340076
RepositoryFactory,MongoOrderRepository,0.18466927352340076
RepositoryFactory,MongoQuoteRepository,0.18466927352340076
RepositoryFactory,MongoShipmentRepository,0.18466927352340076
RepositoryFactory,OrderRepository,0.18466927352340076
RepositoryFactory,QuoteRepository,0.18466927352340076
RepositoryFactory,ShipmentRepository,0.18466927352340076
ShipmentRepository,BadRequestException,0.1641148481702792
ShipmentRepository,OrderStatus,0.1641148481702792
ShipmentRepository,ShipmentEventInfo,0.34590791269979426
ShipmentRepository,ShipmentRecord,0.43284136461350314
ShipmentRepository,MockShipmentRepository,0.39112068957164076
ShipmentRepository,MongoShipmentRepository,0.39112068957164076
ShipmentRepository,ShipmentDetails,0.1817930645295151
ShipmentRepository,ShipmentController,0.39112068957164076
MockOrderRepository,MongoOrderRepository,0.39112068957164076
MockOrderRepository,OrderDetails,0.1817930645295151
MockOrderRepository,Order,0.39112068957164076
MockOrderRepository,OrderStatus,0.1817930645295151
MockOrderRepository,OrderUpdateInfo,0.1817930645295151
MockOrderRepository,OrderEventInfo,0.1817930645295151
MockOrderRepository,OrderController,0.39112068957164076
MockShipmentRepository,MongoShipmentRepository,0.39112068957164076
MockShipmentRepository,ShipmentDetails,0.1817930645295151
MockShipmentRepository,ShipmentRecord,0.1817930645295151
MockShipmentRepository,ShipmentEventInfo,0.1817930645295151
MockShipmentRepository,ShipmentController,0.39112068957164076
MockDealersRepository,MongoDealersRepository,0.39112068957164076
MockDealersRepository,Dealer,0.39112068957164076
MockDealersRepository,DealerController,0.39112068957164076
MockQuoteRepository,MongoQuoteRepository,0.39112068957164076
MockQuoteRepository,QuoteDetails,0.1817930645295151
MockQuoteRepository,QuoteItemInfo,0.1817930645295151
MockQuoteRepository,Quote,0.39112068957164076
MockQuoteRepository,QuoteController,0.39112068957164076
MockCatalogItemsRepository,MongoCatalogItemsRepository,0.39112068957164076
MockCatalogItemsRepository,QuoteItemInfo,0.11818341582230041
MockCatalogItemsRepository,CatalogItem,0.39112068957164076
MockCatalogItemsRepository,CatalogController,0.1817930645295151
Dealer,DealerController,0.39112068957164076
DeliveryAddress,Delivery,0.1817930645295151
OrderStatus,OrderUpdateInfo,0.11818341582230041
OrderStatus,OrderEventInfo,0.11818341582230041
OrderStatus,OrderController,0.1817930645295151
QuoteItemInfo,Quote,0.1817930645295151
QuoteItemInfo,CatalogItem,0.11818341582230041
QuoteItemInfo,QuoteController,0.1817930645295151
ShipmentEventInfo,OrderEventInfo,0.11818341582230041
ShipmentEventInfo,ShipmentController,0.1817930645295151
OrderEventInfo,OrderController,0.1817930645295151
