{
    "all-groups": {
        "group0": [
            "Dealer", 
            "MongoDealersRepository"
        ], 
        "group1": [
            "BadRequestException", 
            "ConflictingRequestException"
        ], 
        "group2": [
            "MongoShipmentRepository", 
            "ShipmentController", 
            "ShipmentDetails", 
            "ShipmentEventInfo", 
            "ShipmentRecord", 
            "ShipmentRepository"
        ], 
        "group3": [
            "CatalogController", 
            "CatalogItem", 
            "CatalogItemsRepository", 
            "MongoCatalogItemsRepository"
        ], 
        "group4": [
            "MongoOrderRepository", 
            "Order", 
            "OrderController", 
            "OrderDetails", 
            "OrderEventInfo", 
            "OrderRepository", 
            "OrderStatus", 
            "OrderUpdateInfo"
        ], 
        "group5": [
            "MongoQuoteRepository", 
            "Quote", 
            "QuoteController", 
            "QuoteDetails", 
            "QuoteItemInfo", 
            "QuoteRepository"
        ], 
        "group6": [
            "Delivery", 
            "DeliveryAddress"
        ]
    }, 
    "groups-not-in-ground-truth": {}, 
    "groups-in-gt-split-by-union": {
        "group0": [
            "BadRequestException", 
            "ConflictingRequestException"
        ]
    }
}
