ConflictingRequestException,BadRequestException,0.23636683164460082
OrderRepository,MockOrderRepository,0.7822413791432815
OrderRepository,MongoOrderRepository,0.7822413791432815
OrderRepository,OrderDetails,0.3635861290590302
OrderRepository,Order,0.7822413791432815
OrderRepository,OrderStatus,0.3635861290590302
OrderRepository,OrderUpdateInfo,0.3635861290590302
OrderRepository,OrderEventInfo,0.3635861290590302
OrderRepository,OrderController,0.7822413791432815
ShipmentRepository,MockShipmentRepository,0.7822413791432815
ShipmentRepository,MongoShipmentRepository,0.7822413791432815
ShipmentRepository,ShipmentDetails,0.3635861290590302
ShipmentRepository,ShipmentRecord,0.3635861290590302
ShipmentRepository,ShipmentEventInfo,0.3635861290590302
ShipmentRepository,ShipmentController,0.7822413791432815
CatalogItemsRepository,MockCatalogItemsRepository,0.7822413791432815
CatalogItemsRepository,MongoCatalogItemsRepository,0.7822413791432815
CatalogItemsRepository,QuoteItemInfo,0.23636683164460082
CatalogItemsRepository,CatalogItem,0.7822413791432815
CatalogItemsRepository,CatalogController,0.3635861290590302
QuoteRepository,MockQuoteRepository,0.7822413791432815
QuoteRepository,MongoQuoteRepository,0.7822413791432815
QuoteRepository,QuoteDetails,0.3635861290590302
QuoteRepository,QuoteItemInfo,0.3635861290590302
QuoteRepository,Quote,0.7822413791432815
QuoteRepository,QuoteController,0.7822413791432815
MockOrderRepository,MongoOrderRepository,0.7822413791432815
MockOrderRepository,OrderDetails,0.3635861290590302
MockOrderRepository,Order,0.7822413791432815
MockOrderRepository,OrderStatus,0.3635861290590302
MockOrderRepository,OrderUpdateInfo,0.3635861290590302
MockOrderRepository,OrderEventInfo,0.3635861290590302
MockOrderRepository,OrderController,0.7822413791432815
MockShipmentRepository,MongoShipmentRepository,0.7822413791432815
MockShipmentRepository,ShipmentDetails,0.3635861290590302
MockShipmentRepository,ShipmentRecord,0.3635861290590302
MockShipmentRepository,ShipmentEventInfo,0.3635861290590302
MockShipmentRepository,ShipmentController,0.7822413791432815
MockDealersRepository,MongoDealersRepository,0.7822413791432815
MockDealersRepository,Dealer,0.7822413791432815
MockDealersRepository,DealerController,0.7822413791432815
MockQuoteRepository,MongoQuoteRepository,0.7822413791432815
MockQuoteRepository,QuoteDetails,0.3635861290590302
MockQuoteRepository,QuoteItemInfo,0.3635861290590302
MockQuoteRepository,Quote,0.7822413791432815
MockQuoteRepository,QuoteController,0.7822413791432815
MockCatalogItemsRepository,MongoCatalogItemsRepository,0.7822413791432815
MockCatalogItemsRepository,QuoteItemInfo,0.23636683164460082
MockCatalogItemsRepository,CatalogItem,0.7822413791432815
MockCatalogItemsRepository,CatalogController,0.3635861290590302
MongoQuoteRepository,QuoteDetails,0.3635861290590302
MongoQuoteRepository,QuoteItemInfo,0.3635861290590302
MongoQuoteRepository,Quote,0.7822413791432815
MongoQuoteRepository,QuoteController,0.7822413791432815
MongoCatalogItemsRepository,QuoteItemInfo,0.23636683164460082
MongoCatalogItemsRepository,CatalogItem,0.7822413791432815
MongoCatalogItemsRepository,CatalogController,0.3635861290590302
MongoShipmentRepository,ShipmentDetails,0.3635861290590302
MongoShipmentRepository,ShipmentRecord,0.3635861290590302
MongoShipmentRepository,ShipmentEventInfo,0.3635861290590302
MongoShipmentRepository,ShipmentController,0.7822413791432815
MongoOrderRepository,OrderDetails,0.3635861290590302
MongoOrderRepository,Order,0.7822413791432815
MongoOrderRepository,OrderStatus,0.3635861290590302
MongoOrderRepository,OrderUpdateInfo,0.3635861290590302
MongoOrderRepository,OrderEventInfo,0.3635861290590302
MongoOrderRepository,OrderController,0.7822413791432815
MongoDealersRepository,Dealer,0.7822413791432815
MongoDealersRepository,DealerController,0.7822413791432815
QuoteDetails,OrderDetails,0.23636683164460082
QuoteDetails,ShipmentDetails,0.23636683164460082
QuoteDetails,QuoteItemInfo,0.23636683164460082
QuoteDetails,Quote,0.3635861290590302
QuoteDetails,QuoteController,0.3635861290590302
OrderDetails,ShipmentDetails,0.23636683164460082
OrderDetails,Order,0.3635861290590302
OrderDetails,OrderStatus,0.23636683164460082
OrderDetails,OrderUpdateInfo,0.23636683164460082
OrderDetails,OrderEventInfo,0.23636683164460082
OrderDetails,OrderController,0.3635861290590302
ShipmentDetails,ShipmentRecord,0.23636683164460082
ShipmentDetails,ShipmentEventInfo,0.23636683164460082
ShipmentDetails,ShipmentController,0.3635861290590302
Dealer,DealerController,0.7822413791432815
DeliveryAddress,Delivery,0.3635861290590302
Order,OrderStatus,0.3635861290590302
Order,OrderUpdateInfo,0.3635861290590302
Order,OrderEventInfo,0.3635861290590302
Order,OrderController,0.7822413791432815
OrderStatus,OrderUpdateInfo,0.23636683164460082
OrderStatus,OrderEventInfo,0.23636683164460082
OrderStatus,OrderController,0.3635861290590302
QuoteItemInfo,Quote,0.3635861290590302
QuoteItemInfo,CatalogItem,0.23636683164460082
QuoteItemInfo,QuoteController,0.3635861290590302
ShipmentRecord,ShipmentEventInfo,0.23636683164460082
ShipmentRecord,ShipmentController,0.3635861290590302
Quote,QuoteController,0.7822413791432815
ShipmentEventInfo,OrderEventInfo,0.23636683164460082
ShipmentEventInfo,ShipmentController,0.3635861290590302
OrderUpdateInfo,OrderEventInfo,0.23636683164460082
OrderUpdateInfo,OrderController,0.3635861290590302
OrderEventInfo,OrderController,0.3635861290590302
CatalogItem,CatalogController,0.3635861290590302
