ConflictingRequestException,BadRequestException,0.3333333333333333
OrderRepository,MockOrderRepository,1.0
OrderRepository,MongoOrderRepository,1.0
OrderRepository,OrderDetails,0.5
OrderRepository,Order,1.0
OrderRepository,OrderStatus,0.5
OrderRepository,OrderUpdateInfo,0.5
OrderRepository,OrderEventInfo,0.5
OrderRepository,OrderController,1.0
ShipmentRepository,MockShipmentRepository,1.0
ShipmentRepository,MongoShipmentRepository,1.0
ShipmentRepository,ShipmentDetails,0.5
ShipmentRepository,ShipmentRecord,0.5
ShipmentRepository,ShipmentEventInfo,0.5
ShipmentRepository,ShipmentController,1.0
CatalogItemsRepository,MockCatalogItemsRepository,1.0
CatalogItemsRepository,MongoCatalogItemsRepository,1.0
CatalogItemsRepository,QuoteItemInfo,0.3333333333333333
CatalogItemsRepository,CatalogItem,1.0
CatalogItemsRepository,CatalogController,0.5
QuoteRepository,MockQuoteRepository,1.0
QuoteRepository,MongoQuoteRepository,1.0
QuoteRepository,QuoteDetails,0.5
QuoteRepository,QuoteItemInfo,0.5
QuoteRepository,Quote,1.0
QuoteRepository,QuoteController,1.0
MockOrderRepository,MongoOrderRepository,1.0
MockOrderRepository,OrderDetails,0.5
MockOrderRepository,Order,1.0
MockOrderRepository,OrderStatus,0.5
MockOrderRepository,OrderUpdateInfo,0.5
MockOrderRepository,OrderEventInfo,0.5
MockOrderRepository,OrderController,1.0
MockShipmentRepository,MongoShipmentRepository,1.0
MockShipmentRepository,ShipmentDetails,0.5
MockShipmentRepository,ShipmentRecord,0.5
MockShipmentRepository,ShipmentEventInfo,0.5
MockShipmentRepository,ShipmentController,1.0
MockDealersRepository,MongoDealersRepository,1.0
MockDealersRepository,Dealer,1.0
MockDealersRepository,DealerController,1.0
MockQuoteRepository,MongoQuoteRepository,1.0
MockQuoteRepository,QuoteDetails,0.5
MockQuoteRepository,QuoteItemInfo,0.5
MockQuoteRepository,Quote,1.0
MockQuoteRepository,QuoteController,1.0
MockCatalogItemsRepository,MongoCatalogItemsRepository,1.0
MockCatalogItemsRepository,QuoteItemInfo,0.3333333333333333
MockCatalogItemsRepository,CatalogItem,1.0
MockCatalogItemsRepository,CatalogController,0.5
MongoQuoteRepository,QuoteDetails,0.5
MongoQuoteRepository,QuoteItemInfo,0.5
MongoQuoteRepository,Quote,1.0
MongoQuoteRepository,QuoteController,1.0
MongoCatalogItemsRepository,QuoteItemInfo,0.3333333333333333
MongoCatalogItemsRepository,CatalogItem,1.0
MongoCatalogItemsRepository,CatalogController,0.5
MongoShipmentRepository,ShipmentDetails,0.5
MongoShipmentRepository,ShipmentRecord,0.5
MongoShipmentRepository,ShipmentEventInfo,0.5
MongoShipmentRepository,ShipmentController,1.0
MongoOrderRepository,OrderDetails,0.5
MongoOrderRepository,Order,1.0
MongoOrderRepository,OrderStatus,0.5
MongoOrderRepository,OrderUpdateInfo,0.5
MongoOrderRepository,OrderEventInfo,0.5
MongoOrderRepository,OrderController,1.0
MongoDealersRepository,Dealer,1.0
MongoDealersRepository,DealerController,1.0
QuoteDetails,OrderDetails,0.3333333333333333
QuoteDetails,ShipmentDetails,0.3333333333333333
QuoteDetails,QuoteItemInfo,0.3333333333333333
QuoteDetails,Quote,0.5
QuoteDetails,QuoteController,0.5
OrderDetails,ShipmentDetails,0.3333333333333333
OrderDetails,Order,0.5
OrderDetails,OrderStatus,0.3333333333333333
OrderDetails,OrderUpdateInfo,0.3333333333333333
OrderDetails,OrderEventInfo,0.3333333333333333
OrderDetails,OrderController,0.5
ShipmentDetails,ShipmentRecord,0.3333333333333333
ShipmentDetails,ShipmentEventInfo,0.3333333333333333
ShipmentDetails,ShipmentController,0.5
Dealer,DealerController,1.0
DeliveryAddress,Delivery,0.5
Order,OrderStatus,0.5
Order,OrderUpdateInfo,0.5
Order,OrderEventInfo,0.5
Order,OrderController,1.0
OrderStatus,OrderUpdateInfo,0.3333333333333333
OrderStatus,OrderEventInfo,0.3333333333333333
OrderStatus,OrderController,0.5
QuoteItemInfo,Quote,0.5
QuoteItemInfo,CatalogItem,0.3333333333333333
QuoteItemInfo,QuoteController,0.5
ShipmentRecord,ShipmentEventInfo,0.3333333333333333
ShipmentRecord,ShipmentController,0.5
Quote,QuoteController,1.0
ShipmentEventInfo,OrderEventInfo,0.3333333333333333
ShipmentEventInfo,ShipmentController,0.5
OrderUpdateInfo,OrderEventInfo,0.3333333333333333
OrderUpdateInfo,OrderController,0.5
OrderEventInfo,OrderController,0.5
CatalogItem,CatalogController,0.5
