alias,bashansi,0.43368786371443335
alias,builtins/mkbuiltins,0.4475077840490542
alias,command,0.43368786371443335
alias,config,0.47071176564257505
alias,externs,0.4567676902212445
alias,general,0.45213359482895965
alias,hashlib,0.5775247771717293
alias,include/ansi_stdlib,0.43368786371443335
alias,include/chartypes,0.46140928091795497
alias,lib/termcap/termcap,0.43368786371443335
alias,pcomplete,0.49404303208707173
alias,support/printenv,0.5080607827576635
alias,xmalloc,0.5080607827576635
alias,y.tab,0.54532003768332
alias,include/stdc,0.43368786371443335
array,bashansi,0.43368786371443335
array,builtins/common,0.43368786371443335
array,command,0.5406817241218731
array,config,0.4428910414812079
array,externs,0.4660575724334529
array,general,0.5313847165451066
array,make_cmd,0.4800346407191987
array,shell,0.5499504998388604
array,subst,0.7244867979042667
array,support/printenv,0.49404303208707173
array,xmalloc,0.5127316388331388
array,y.tab,0.5220658702054061
array,include/stdc,0.43368786371443335
arrayfunc,array,0.6976192542288212
arrayfunc,assoc,0.4753710573255936
arrayfunc,bashintl,0.47071176564257505
arrayfunc,bashjmp,0.43368786371443335
arrayfunc,builtins/common,0.4475077840490542
arrayfunc,builtins/mkbuiltins,0.43368786371443335
arrayfunc,command,0.6568008787037781
arrayfunc,config,0.4475077840490542
arrayfunc,dispose_cmd,0.4475077840490542
arrayfunc,error,0.5220658702054061
arrayfunc,externs,0.46140928091795497
arrayfunc,general,0.4567676902212445
arrayfunc,hashlib,0.4847017060727033
arrayfunc,include/shmbchar,0.46140928091795497
arrayfunc,include/shmbutil,0.4428910414812079
arrayfunc,make_cmd,0.4567676902212445
arrayfunc,pathexp,0.43828414449455183
arrayfunc,shell,0.4428910414812079
arrayfunc,sig,0.43828414449455183
arrayfunc,subst,0.6651774977042115
arrayfunc,support/printenv,0.47071176564257505
arrayfunc,variables,0.9976056894807028
arrayfunc,xmalloc,0.4847017060727033
arrayfunc,y.tab,0.5313847165451066
assoc,array,0.45213359482895965
assoc,bashansi,0.43368786371443335
assoc,builtins/common,0.43368786371443335
assoc,command,0.5499504998388604
assoc,config,0.4428910414812079
assoc,dispose_cmd,0.43368786371443335
assoc,externs,0.46140928091795497
assoc,general,0.5220658702054061
assoc,hashlib,0.961893416636878
assoc,make_cmd,0.4475077840490542
assoc,shell,0.46140928091795497
assoc,subst,0.5545723237858121
assoc,support/printenv,0.4847017060727033
assoc,xmalloc,0.4893714412086607
assoc,y.tab,0.5127316388331388
assoc,include/stdc,0.43368786371443335
bashansi,config,0.45213359482895965
bashhist,bashansi,0.43368786371443335
bashhist,bashintl,0.43828414449455183
bashhist,bashline,0.4847017060727033
bashhist,bashtypes,0.43368786371443335
bashhist,builtins/common,0.4428910414812079
bashhist,builtins/mkbuiltins,0.43368786371443335
bashhist,config,0.5174002724061559
bashhist,error,0.4475077840490542
bashhist,execute_cmd,0.4475077840490542
bashhist,externs,0.45213359482895965
bashhist,flags,0.45213359482895965
bashhist,general,0.4475077840490542
bashhist,include/filecntl,0.43368786371443335
bashhist,include/posixstat,0.43368786371443335
bashhist,input,0.4475077840490542
bashhist,lib/glob/glob,0.43368786371443335
bashhist,lib/glob/strmatch,0.43828414449455183
bashhist,lib/readline/histexpand,0.43368786371443335
bashhist,lib/readline/histfile,0.43828414449455183
bashhist,lib/readline/history,0.818895992595623
bashhist,lib/termcap/termcap,0.43828414449455183
bashhist,parser,0.45213359482895965
bashhist,pathexp,0.5313847165451066
bashhist,shell,0.4753710573255936
bashhist,support/printenv,0.45213359482895965
bashhist,variables,0.5729577203105619
bashhist,xmalloc,0.4428910414812079
bashhist,y.tab,0.54532003768332
bashhist,include/stdc,0.43368786371443335
bashintl,config,0.4428910414812079
bashintl,include/gettext,0.43368786371443335
bashjmp,include/posixjmp,0.45213359482895965
bashline,alias,0.47071176564257505
bashline,bashansi,0.43368786371443335
bashline,bashintl,0.45213359482895965
bashline,bashtypes,0.43368786371443335
bashline,builtins,0.5080607827576635
bashline,builtins/common,0.4753710573255936
bashline,builtins/mkbuiltins,0.5080607827576635
bashline,command,0.4428910414812079
bashline,config,0.617947464131599
bashline,dispose_cmd,0.43828414449455183
bashline,error,0.43368786371443335
bashline,execute_cmd,0.43368786371443335
bashline,externs,0.5956535413242007
bashline,findcmd,0.4475077840490542
bashline,general,0.6896756169449387
bashline,include/ansi_stdlib,0.43368786371443335
bashline,include/chartypes,0.43828414449455183
bashline,include/posixstat,0.43368786371443335
bashline,include/shmbchar,0.6568008787037781
bashline,include/shmbutil,0.4753710573255936
bashline,input,0.43368786371443335
bashline,lib/glob/glob,0.4567676902212445
bashline,lib/readline/bind,0.5820786176415951
bashline,lib/readline/compat,0.49871566337235207
bashline,lib/readline/complete,0.6734513142835247
bashline,lib/readline/display,0.4567676902212445
bashline,lib/readline/emacs_keymap,0.54532003768332
bashline,lib/readline/histexpand,0.43368786371443335
bashline,lib/readline/histlib,0.43828414449455183
bashline,lib/readline/history,0.4800346407191987
bashline,lib/readline/input,0.43368786371443335
bashline,lib/readline/keymaps,0.6046241975546219
bashline,lib/readline/kill,0.43828414449455183
bashline,lib/readline/misc,0.43368786371443335
bashline,lib/readline/readline,0.9996229423301678
bashline,lib/readline/rlconf,0.46140928091795497
bashline,lib/readline/rltty,0.4475077840490542
bashline,lib/readline/rltypedefs,0.46140928091795497
bashline,lib/readline/text,0.45213359482895965
bashline,lib/termcap/termcap,0.46140928091795497
bashline,pathexp,0.526727621076589
bashline,pathnames,0.43368786371443335
bashline,pcomplete,0.50338851900222
bashline,shell,0.47071176564257505
bashline,subst,0.5499504998388604
bashline,support/printenv,0.8521893809811136
bashline,syntax,0.559184728666023
bashline,variables,0.5956535413242007
bashline,xmalloc,0.7863860700835629
bashline,y.tab,0.7533131182669922
bashline,include/stdc,0.43368786371443335
bashtypes,config,0.43828414449455183
bracecomp,bashansi,0.43368786371443335
bracecomp,config,0.4475077840490542
bracecomp,externs,0.45213359482895965
bracecomp,general,0.43368786371443335
bracecomp,include/ansi_stdlib,0.43368786371443335
bracecomp,include/shmbchar,0.4567676902212445
bracecomp,include/shmbutil,0.43368786371443335
bracecomp,lib/readline/compat,0.43828414449455183
bracecomp,lib/readline/complete,0.4847017060727033
bracecomp,lib/readline/readline,0.4847017060727033
bracecomp,lib/readline/rltypedefs,0.4428910414812079
bracecomp,lib/termcap/termcap,0.43368786371443335
bracecomp,shell,0.43368786371443335
bracecomp,support/printenv,0.46140928091795497
bracecomp,xmalloc,0.46140928091795497
bracecomp,y.tab,0.45213359482895965
braces,bashansi,0.43368786371443335
braces,config,0.4428910414812079
braces,general,0.4428910414812079
braces,include/chartypes,0.47071176564257505
braces,include/shmbchar,0.47071176564257505
braces,include/shmbutil,0.4660575724334529
braces,lib/sh/strstr,0.43368786371443335
braces,support/printenv,0.4567676902212445
braces,xmalloc,0.47071176564257505
braces,y.tab,0.4847017060727033
builtins,alias,0.43368786371443335
builtins,command,0.43368786371443335
builtins,config,0.4428910414812079
builtins,general,0.43828414449455183
builtins/bashgetopt,bashansi,0.43368786371443335
builtins/bashgetopt,builtins/common,0.46140928091795497
builtins/bashgetopt,command,0.7533131182669922
builtins/bashgetopt,config,0.43828414449455183
builtins/bashgetopt,general,0.43368786371443335
builtins/bashgetopt,include/chartypes,0.43828414449455183
builtins/bashgetopt,lib/readline/histlib,0.43368786371443335
builtins/bashgetopt,shell,0.43368786371443335
builtins/bashgetopt,include/stdc,0.43368786371443335
builtins/builtext,command,0.681618536628717
builtins/builtext,config-top,0.43828414449455183
builtins/builtext,config,0.4893714412086607
builtins/builtins,bashintl,0.9158608704639675
builtins/builtins,builtins,0.9575628314464013
builtins/builtins,builtins/builtext,0.6856610566625214
builtins/builtins,config-top,0.4475077840490542
builtins/builtins,config,0.8216515576336378
builtins/builtins,general,0.50338851900222
builtins/common,bashansi,0.43368786371443335
builtins/common,bashintl,0.5683781906166564
builtins/common,bashjmp,0.43828414449455183
builtins/common,bashtypes,0.43368786371443335
builtins/common,builtins,0.6046241975546219
builtins/common,builtins/builtext,0.4428910414812079
builtins/common,command,0.7207402285467855
builtins/common,config-bot,0.4428910414812079
builtins/common,config,0.45213359482895965
builtins/common,dispose_cmd,0.43368786371443335
builtins/common,error,0.43828414449455183
builtins/common,execute_cmd,0.4753710573255936
builtins/common,externs,0.43828414449455183
builtins/common,flags,0.43828414449455183
builtins/common,general,0.5406817241218731
builtins/common,include/ansi_stdlib,0.43368786371443335
builtins/common,include/chartypes,0.43368786371443335
builtins/common,include/maxpath,0.43368786371443335
builtins/common,include/posixstat,0.43368786371443335
builtins/common,include/stdc,0.4428910414812079
builtins/common,input,0.43368786371443335
builtins/common,jobs,0.4660575724334529
builtins/common,lib/termcap/termcap,0.43828414449455183
builtins/common,lib/tilde/tilde,0.43368786371443335
builtins/common,shell,0.5956535413242007
builtins/common,sig,0.4660575724334529
builtins/common,support/printenv,0.4800346407191987
builtins/common,trap,0.5220658702054061
builtins/common,variables,0.5313847165451066
builtins/common,xmalloc,0.4567676902212445
builtins/common,y.tab,0.49404303208707173
builtins/evalfile,array,0.6483254892558662
builtins/evalfile,bashansi,0.43368786371443335
builtins/evalfile,bashhist,0.43368786371443335
builtins/evalfile,bashintl,0.4567676902212445
builtins/evalfile,bashjmp,0.4660575724334529
builtins/evalfile,bashtypes,0.43368786371443335
builtins/evalfile,builtins,0.43368786371443335
builtins/evalfile,builtins/common,0.4567676902212445
builtins/evalfile,config,0.4847017060727033
builtins/evalfile,error,0.43828414449455183
builtins/evalfile,execute_cmd,0.4428910414812079
builtins/evalfile,externs,0.4475077840490542
builtins/evalfile,flags,0.43368786371443335
builtins/evalfile,general,0.4428910414812079
builtins/evalfile,include/filecntl,0.43368786371443335
builtins/evalfile,include/posixjmp,0.4428910414812079
builtins/evalfile,include/posixstat,0.43368786371443335
builtins/evalfile,include/typemax,0.43368786371443335
builtins/evalfile,input,0.43368786371443335
builtins/evalfile,jobs,0.43368786371443335
builtins/evalfile,shell,0.50338851900222
builtins/evalfile,sig,0.43368786371443335
builtins/evalfile,support/printenv,0.43368786371443335
builtins/evalfile,trap,0.43828414449455183
builtins/evalfile,unwind_prot,0.49404303208707173
builtins/evalfile,variables,0.6223505084620323
builtins/evalfile,xmalloc,0.43368786371443335
builtins/evalfile,y.tab,0.4567676902212445
builtins/evalstring,bashansi,0.43368786371443335
builtins/evalstring,bashhist,0.4660575724334529
builtins/evalstring,bashintl,0.43368786371443335
builtins/evalstring,bashjmp,0.49404303208707173
builtins/evalstring,builtins,0.43368786371443335
builtins/evalstring,builtins/builtext,0.4428910414812079
builtins/evalstring,builtins/common,0.4800346407191987
builtins/evalstring,command,0.7282020581370385
builtins/evalstring,config-top,0.43368786371443335
builtins/evalstring,config,0.46140928091795497
builtins/evalstring,dispose_cmd,0.45213359482895965
builtins/evalstring,error,0.4428910414812079
builtins/evalstring,execute_cmd,0.4567676902212445
builtins/evalstring,externs,0.4567676902212445
builtins/evalstring,flags,0.4475077840490542
builtins/evalstring,general,0.43368786371443335
builtins/evalstring,include/filecntl,0.43368786371443335
builtins/evalstring,input,0.5406817241218731
builtins/evalstring,jobs,0.43828414449455183
builtins/evalstring,quit,0.43828414449455183
builtins/evalstring,redir,0.4428910414812079
builtins/evalstring,shell,0.5545723237858121
builtins/evalstring,sig,0.4428910414812079
builtins/evalstring,trap,0.4475077840490542
builtins/evalstring,unwind_prot,0.6397555965359274
builtins/evalstring,xmalloc,0.43368786371443335
builtins/evalstring,y.tab,0.4475077840490542
builtins/getopt,bashintl,0.45213359482895965
builtins/getopt,config,0.43828414449455183
builtins/getopt,include/memalloc,0.43368786371443335
builtins/getopt,lib/readline/histlib,0.43368786371443335
builtins/getopt,shell,0.43368786371443335
builtins/getopt,include/stdc,0.43368786371443335
builtins/mkbuiltins,bashansi,0.43368786371443335
builtins/mkbuiltins,bashtypes,0.43368786371443335
builtins/mkbuiltins,config,0.45213359482895965
builtins/mkbuiltins,execute_cmd,0.45213359482895965
builtins/mkbuiltins,include/ansi_stdlib,0.46140928091795497
builtins/mkbuiltins,include/filecntl,0.43368786371443335
builtins/mkbuiltins,include/posixstat,0.43368786371443335
builtins/mkbuiltins,include/stdc,0.43368786371443335
builtins/mkbuiltins,lib/intl/eval-plural,0.43368786371443335
builtins/mkbuiltins,lib/termcap/termcap,0.4753710573255936
builtins/mkbuiltins,support/printenv,0.5174002724061559
builtins/mkbuiltins,y.tab,0.5313847165451066
builtins/psize,bashtypes,0.43368786371443335
builtins/psize,command,0.43368786371443335
builtins/psize,config,0.4428910414812079
builtins/psize,general,0.43368786371443335
builtins/psize,include/ansi_stdlib,0.43368786371443335
builtins/psize,sig,0.43828414449455183
command,config,0.4428910414812079
command,include/stdc,0.43368786371443335
config-bot,config-top,0.43368786371443335
config-bot,config,0.6483254892558662
config,config-top,0.43368786371443335
copy_cmd,bashtypes,0.43368786371443335
copy_cmd,command,0.9990040031142801
copy_cmd,config,0.4847017060727033
copy_cmd,externs,0.4428910414812079
copy_cmd,general,0.46140928091795497
copy_cmd,make_cmd,0.43828414449455183
copy_cmd,shell,0.43368786371443335
copy_cmd,support/printenv,0.4567676902212445
copy_cmd,xmalloc,0.5313847165451066
dispose_cmd,bashansi,0.43368786371443335
dispose_cmd,bashtypes,0.43368786371443335
dispose_cmd,command,0.9436035812073302
dispose_cmd,config,0.47071176564257505
dispose_cmd,error,0.43368786371443335
dispose_cmd,general,0.43828414449455183
dispose_cmd,include/ocache,0.5360363513747941
dispose_cmd,shell,0.4428910414812079
dispose_cmd,xmalloc,0.4428910414812079
dispose_cmd,y.tab,0.5683781906166564
dispose_cmd,include/stdc,0.43368786371443335
error,array,0.4428910414812079
error,bashansi,0.43368786371443335
error,bashintl,0.5080607827576635
error,bashtypes,0.43368786371443335
error,command,0.4475077840490542
error,config-bot,0.4660575724334529
error,config,0.4660575724334529
error,externs,0.4428910414812079
error,flags,0.4428910414812079
error,general,0.4475077840490542
error,include/ansi_stdlib,0.43368786371443335
error,include/stdc,0.4660575724334529
error,input,0.4567676902212445
error,lib/termcap/termcap,0.43368786371443335
error,shell,0.50338851900222
error,variables,0.5174002724061559
eval,bashansi,0.43368786371443335
eval,bashhist,0.43368786371443335
eval,bashintl,0.43828414449455183
eval,bashjmp,0.46140928091795497
eval,builtins/common,0.4428910414812079
eval,command,0.49871566337235207
eval,config,0.4567676902212445
eval,dispose_cmd,0.4428910414812079
eval,error,0.43368786371443335
eval,execute_cmd,0.43828414449455183
eval,externs,0.43828414449455183
eval,flags,0.4475077840490542
eval,include/ansi_stdlib,0.43368786371443335
eval,input,0.4567676902212445
eval,quit,0.4660575724334529
eval,shell,0.5080607827576635
eval,sig,0.49404303208707173
eval,subst,0.43368786371443335
eval,trap,0.4428910414812079
eval,variables,0.4847017060727033
execute_cmd,alias,0.43828414449455183
execute_cmd,array,0.5729577203105619
execute_cmd,arrayfunc,0.4428910414812079
execute_cmd,bashansi,0.43368786371443335
execute_cmd,bashintl,0.4800346407191987
execute_cmd,bashjmp,0.5127316388331388
execute_cmd,bashtypes,0.43368786371443335
execute_cmd,builtins,0.4753710573255936
execute_cmd,builtins/builtext,0.49871566337235207
execute_cmd,command,0.999999938959719
execute_cmd,config-bot,0.43368786371443335
execute_cmd,config-top,0.43828414449455183
execute_cmd,config,0.8323457081519016
execute_cmd,dispose_cmd,0.54532003768332
execute_cmd,error,0.5127316388331388
execute_cmd,externs,0.6310956968517237
execute_cmd,findcmd,0.4475077840490542
execute_cmd,flags,0.5637869400841629
execute_cmd,general,0.6651774977042115
execute_cmd,hashcmd,0.43368786371443335
execute_cmd,hashlib,0.4428910414812079
execute_cmd,include/ansi_stdlib,0.5127316388331388
execute_cmd,include/chartypes,0.43828414449455183
execute_cmd,include/filecntl,0.4428910414812079
execute_cmd,include/memalloc,0.43368786371443335
execute_cmd,include/posixjmp,0.43368786371443335
execute_cmd,include/posixstat,0.43368786371443335
execute_cmd,include/posixtime,0.43368786371443335
execute_cmd,input,0.4475077840490542
execute_cmd,jobs,0.6223505084620323
execute_cmd,lib/glob/strmatch,0.43828414449455183
execute_cmd,lib/readline/histlib,0.43368786371443335
execute_cmd,lib/termcap/termcap,0.43828414449455183
execute_cmd,lib/tilde/tilde,0.43368786371443335
execute_cmd,make_cmd,0.4475077840490542
execute_cmd,pathexp,0.47071176564257505
execute_cmd,quit,0.8270640025044353
execute_cmd,redir,0.6775484772294812
execute_cmd,shell,0.991358838330931
execute_cmd,sig,0.7355376663423726
execute_cmd,subst,0.6135249632910228
execute_cmd,support/printenv,0.6135249632910228
execute_cmd,test,0.4567676902212445
execute_cmd,trap,0.837497797612816
execute_cmd,unwind_prot,0.7925985916955632
execute_cmd,variables,0.9350976635046908
execute_cmd,xmalloc,0.6775484772294812
execute_cmd,y.tab,0.6046241975546219
execute_cmd,include/stdc,0.43368786371443335
expr,array,0.47071176564257505
expr,arrayfunc,0.45213359482895965
expr,bashansi,0.43368786371443335
expr,bashintl,0.5313847165451066
expr,bashjmp,0.43828414449455183
expr,builtins/mkbuiltins,0.45213359482895965
expr,config,0.47071176564257505
expr,error,0.43828414449455183
expr,externs,0.45213359482895965
expr,general,0.5080607827576635
expr,include/chartypes,0.49404303208707173
expr,include/posixjmp,0.43828414449455183
expr,shell,0.4428910414812079
expr,sig,0.4428910414812079
expr,support/printenv,0.46140928091795497
expr,variables,0.47071176564257505
expr,xmalloc,0.4753710573255936
expr,y.tab,0.5313847165451066
externs,command,0.5220658702054061
externs,config-bot,0.43368786371443335
externs,config,0.5637869400841629
externs,general,0.5360363513747941
externs,include/stdc,0.43368786371443335
externs,redir,0.49404303208707173
externs,shell,0.4800346407191987
externs,variables,0.6936618125843689
externs,y.tab,0.6046241975546219
findcmd,bashansi,0.43368786371443335
findcmd,bashtypes,0.43368786371443335
findcmd,config,0.4428910414812079
findcmd,externs,0.4428910414812079
findcmd,flags,0.43828414449455183
findcmd,general,0.6896756169449387
findcmd,hashcmd,0.4567676902212445
findcmd,hashlib,0.43368786371443335
findcmd,include/chartypes,0.43368786371443335
findcmd,include/filecntl,0.43368786371443335
findcmd,include/memalloc,0.43368786371443335
findcmd,include/posixstat,0.43828414449455183
findcmd,pathexp,0.43368786371443335
findcmd,quit,0.4475077840490542
findcmd,shell,0.46140928091795497
findcmd,sig,0.43828414449455183
findcmd,support/printenv,0.49404303208707173
findcmd,variables,0.50338851900222
findcmd,xmalloc,0.4847017060727033
findcmd,y.tab,0.4847017060727033
findcmd,include/stdc,0.43368786371443335
flags,config,0.5174002724061559
flags,externs,0.43828414449455183
flags,shell,0.626733460402999
flags,xmalloc,0.43368786371443335
flags,include/stdc,0.43368786371443335
general,bashansi,0.43368786371443335
general,bashintl,0.4475077840490542
general,bashtypes,0.43828414449455183
general,builtins/mkbuiltins,0.43828414449455183
general,command,0.4893714412086607
general,config,0.559184728666023
general,include/chartypes,0.5080607827576635
general,include/filecntl,0.43368786371443335
general,include/posixstat,0.43828414449455183
general,lib/termcap/termcap,0.43368786371443335
general,lib/tilde/tilde,0.46140928091795497
general,shell,0.6734513142835247
general,sig,0.4567676902212445
general,support/printenv,0.49404303208707173
general,syntax,0.46140928091795497
general,test,0.4567676902212445
general,variables,0.789509139623013
general,xmalloc,0.49871566337235207
general,y.tab,0.8915834331615667
general,include/stdc,0.43368786371443335
hashcmd,bashansi,0.43368786371443335
hashcmd,bashtypes,0.43368786371443335
hashcmd,config,0.43828414449455183
hashcmd,general,0.43368786371443335
hashcmd,hashlib,0.5545723237858121
hashcmd,include/posixstat,0.43368786371443335
hashcmd,shell,0.43368786371443335
hashcmd,support/printenv,0.4800346407191987
hashcmd,xmalloc,0.4847017060727033
hashcmd,y.tab,0.4567676902212445
hashcmd,include/stdc,0.43368786371443335
hashlib,bashansi,0.43368786371443335
hashlib,config,0.43828414449455183
hashlib,general,0.4660575724334529
hashlib,lib/termcap/termcap,0.43828414449455183
hashlib,shell,0.43368786371443335
hashlib,support/printenv,0.4475077840490542
hashlib,xmalloc,0.4753710573255936
hashlib,y.tab,0.45213359482895965
hashlib,include/stdc,0.43368786371443335
include/chartypes,config,0.46140928091795497
include/chartypes,lib/readline/chardefs,0.43368786371443335
include/gettext,config,0.43368786371443335
include/maxpath,config,0.43368786371443335
include/memalloc,config,0.4475077840490542
include/posixselect,lib/readline/posixselect,0.43828414449455183
include/posixwait,config,0.43368786371443335
include/shmbchar,config-bot,0.43368786371443335
include/shmbutil,config-bot,0.4893714412086607
include/shmbutil,config,0.43368786371443335
include/shmbutil,include/shmbchar,0.43368786371443335
include/shmbutil,include/stdc,0.43368786371443335
include/shtty,config,0.43828414449455183
include/shtty,include/stdc,0.43368786371443335
include/stdc,config-bot,0.43368786371443335
include/stdc,config,0.43368786371443335
include/systimes,include/stdc,0.43368786371443335
include/typemax,config,0.43828414449455183
include/typemax,general,0.43368786371443335
input,bashansi,0.43368786371443335
input,bashintl,0.4475077840490542
input,bashtypes,0.43368786371443335
input,command,0.43368786371443335
input,config-top,0.4428910414812079
input,config,0.4428910414812079
input,externs,0.4567676902212445
input,general,0.4428910414812079
input,include/filecntl,0.43828414449455183
input,include/posixstat,0.43368786371443335
input,lib/termcap/termcap,0.45213359482895965
input,quit,0.4893714412086607
input,xmalloc,0.4475077840490542
input,y.tab,0.9327916312766662
input,include/stdc,0.43368786371443335
jobs,bashansi,0.43368786371443335
jobs,bashintl,0.5820786176415951
jobs,bashtypes,0.43368786371443335
jobs,builtins/builtext,0.45213359482895965
jobs,command,0.4753710573255936
jobs,config-top,0.45213359482895965
jobs,config,0.5866185070619989
jobs,error,0.526727621076589
jobs,externs,0.46140928091795497
jobs,flags,0.46140928091795497
jobs,general,0.49871566337235207
jobs,include/ansi_stdlib,0.43368786371443335
jobs,include/filecntl,0.43828414449455183
jobs,include/posixjmp,0.43368786371443335
jobs,include/posixtime,0.43368786371443335
jobs,include/posixwait,0.5313847165451066
jobs,include/shtty,0.4660575724334529
jobs,input,0.45213359482895965
jobs,lib/intl/eval-plural,0.46140928091795497
jobs,lib/readline/rldefs,0.4567676902212445
jobs,lib/sh/dprintf,0.43368786371443335
jobs,lib/termcap/termcap,0.4475077840490542
jobs,quit,0.5820786176415951
jobs,shell,0.5683781906166564
jobs,sig,0.7635850601777343
jobs,siglist,0.43828414449455183
jobs,support/printenv,0.47071176564257505
jobs,test,0.43368786371443335
jobs,trap,0.5545723237858121
jobs,unwind_prot,0.5406817241218731
jobs,variables,0.4428910414812079
jobs,xmalloc,0.5080607827576635
jobs,y.tab,0.47071176564257505
jobs,include/stdc,0.43368786371443335
lib/glob/collsyms,lib/glob/glob,0.9638964097270559
lib/glob/collsyms,lib/glob/smatch,0.972976623720133
lib/glob/glob,bashansi,0.43368786371443335
lib/glob/glob,bashtypes,0.43368786371443335
lib/glob/glob,config-bot,0.46140928091795497
lib/glob/glob,config,0.45213359482895965
lib/glob/glob,externs,0.4428910414812079
lib/glob/glob,general,0.4475077840490542
lib/glob/glob,include/filecntl,0.43368786371443335
lib/glob/glob,include/memalloc,0.43368786371443335
lib/glob/glob,include/shmbchar,0.4800346407191987
lib/glob/glob,include/shmbutil,0.45213359482895965
lib/glob/glob,include/stdc,0.43828414449455183
lib/glob/glob,lib/glob/glob_loop,0.43828414449455183
lib/glob/glob,lib/glob/ndir,0.43368786371443335
lib/glob/glob,lib/glob/strmatch,0.43828414449455183
lib/glob/glob,lib/intl/dcigettext,0.4567676902212445
lib/glob/glob,lib/intl/localcharset,0.6693274989641346
lib/glob/glob,lib/malloc/malloc,0.6693274989641346
lib/glob/glob,lib/readline/ansi_stdlib,0.6693274989641346
lib/glob/glob,lib/readline/posixdir,0.45213359482895965
lib/glob/glob,lib/readline/posixstat,0.43368786371443335
lib/glob/glob,lib/readline/xmalloc,0.43368786371443335
lib/glob/glob,lib/sh/eaccess,0.43368786371443335
lib/glob/glob,lib/sh/shquote,0.47071176564257505
lib/glob/glob,lib/termcap/termcap,0.7054463959820484
lib/glob/glob,lib/termcap/tparam,0.559184728666023
lib/glob/glob,quit,0.4753710573255936
lib/glob/glob,shell,0.43368786371443335
lib/glob/glob,sig,0.43828414449455183
lib/glob/glob,test,0.43368786371443335
lib/glob/glob,y.tab,0.6568008787037781
lib/glob/gmisc,bashansi,0.43368786371443335
lib/glob/gmisc,bashtypes,0.43368786371443335
lib/glob/gmisc,config-bot,0.43368786371443335
lib/glob/gmisc,config,0.43828414449455183
lib/glob/gmisc,include/shmbutil,0.43368786371443335
lib/glob/gmisc,include/stdc,0.43368786371443335
lib/glob/smatch,bashansi,0.43368786371443335
lib/glob/smatch,config-bot,0.43828414449455183
lib/glob/smatch,config,0.4475077840490542
lib/glob/smatch,include/chartypes,0.5545723237858121
lib/glob/smatch,include/shmbchar,0.43368786371443335
lib/glob/smatch,include/shmbutil,0.4428910414812079
lib/glob/smatch,lib/glob/sm_loop,0.43828414449455183
lib/glob/smatch,lib/glob/strmatch,0.43828414449455183
lib/glob/smatch,lib/intl/localcharset,0.4567676902212445
lib/glob/smatch,lib/malloc/malloc,0.4567676902212445
lib/glob/smatch,lib/readline/ansi_stdlib,0.4567676902212445
lib/glob/smatch,lib/readline/xmalloc,0.43368786371443335
lib/glob/smatch,lib/termcap/termcap,0.46140928091795497
lib/glob/smatch,lib/termcap/tparam,0.43368786371443335
lib/glob/smatch,support/printenv,0.43368786371443335
lib/glob/smatch,y.tab,0.4567676902212445
lib/glob/strmatch,config-bot,0.4428910414812079
lib/glob/strmatch,config,0.43828414449455183
lib/glob/strmatch,include/stdc,0.43828414449455183
lib/glob/xmbsrtowcs,bashansi,0.43368786371443335
lib/glob/xmbsrtowcs,config-bot,0.43368786371443335
lib/glob/xmbsrtowcs,config,0.4428910414812079
lib/glob/xmbsrtowcs,include/shmbchar,0.4428910414812079
lib/glob/xmbsrtowcs,include/shmbutil,0.43828414449455183
lib/glob/xmbsrtowcs,lib/intl/localcharset,0.50338851900222
lib/glob/xmbsrtowcs,lib/malloc/malloc,0.50338851900222
lib/glob/xmbsrtowcs,lib/readline/ansi_stdlib,0.50338851900222
lib/glob/xmbsrtowcs,lib/sh/shquote,0.43368786371443335
lib/glob/xmbsrtowcs,lib/termcap/termcap,0.5080607827576635
lib/glob/xmbsrtowcs,lib/termcap/tparam,0.46140928091795497
lib/glob/xmbsrtowcs,y.tab,0.4893714412086607
lib/intl/bindtextdom,lib/intl/gettextP,0.6354366077834268
lib/intl/bindtextdom,lib/intl/localcharset,0.47071176564257505
lib/intl/bindtextdom,lib/sh/shquote,0.45213359482895965
lib/intl/bindtextdom,lib/termcap/termcap,0.4847017060727033
lib/intl/bindtextdom,lib/termcap/tparam,0.45213359482895965
lib/intl/dcgettext,lib/intl/gettextP,0.43828414449455183
lib/intl/dcigettext,lib/intl/eval-plural,0.4428910414812079
lib/intl/dcigettext,lib/intl/gettextP,0.6856610566625214
lib/intl/dcigettext,lib/intl/gmo,0.50338851900222
lib/intl/dcigettext,lib/intl/hash-string,0.43368786371443335
lib/intl/dcigettext,lib/intl/loadinfo,0.5174002724061559
lib/intl/dcigettext,lib/intl/localcharset,0.43828414449455183
lib/intl/dcigettext,lib/intl/plural-exp,0.43828414449455183
lib/intl/dcigettext,lib/readline/histlib,0.4567676902212445
lib/intl/dcigettext,lib/sh/shquote,0.45213359482895965
lib/intl/dcigettext,lib/termcap/termcap,0.4847017060727033
lib/intl/dcigettext,lib/termcap/tparam,0.45213359482895965
lib/intl/dcigettext,redir,0.45213359482895965
lib/intl/dcngettext,lib/intl/gettextP,0.43828414449455183
lib/intl/dgettext,lib/intl/gettextP,0.43368786371443335
lib/intl/dngettext,lib/intl/gettextP,0.43368786371443335
lib/intl/eval-plural,lib/intl/gettextP,0.43828414449455183
lib/intl/eval-plural,lib/intl/loadinfo,0.43828414449455183
lib/intl/eval-plural,lib/intl/plural-exp,0.6046241975546219
lib/intl/explodename,lib/intl/loadinfo,0.4893714412086607
lib/intl/explodename,lib/intl/localcharset,0.43368786371443335
lib/intl/explodename,lib/readline/histlib,0.43368786371443335
lib/intl/explodename,lib/termcap/termcap,0.43368786371443335
lib/intl/finddomain,lib/intl/gettextP,0.4567676902212445
lib/intl/finddomain,lib/intl/loadinfo,0.54532003768332
lib/intl/finddomain,lib/intl/localcharset,0.4428910414812079
lib/intl/finddomain,lib/sh/shquote,0.4428910414812079
lib/intl/finddomain,lib/termcap/termcap,0.4428910414812079
lib/intl/finddomain,lib/termcap/tparam,0.4428910414812079
lib/intl/gettext,lib/intl/gettextP,0.43368786371443335
lib/intl/gettextP,lib/intl/gmo,0.47071176564257505
lib/intl/gettextP,lib/intl/loadinfo,0.4847017060727033
lib/intl/intl-compat,lib/intl/gettextP,0.43368786371443335
lib/intl/l10nflist,lib/intl/loadinfo,0.6693274989641346
lib/intl/l10nflist,lib/intl/localcharset,0.4475077840490542
lib/intl/l10nflist,lib/readline/histlib,0.43368786371443335
lib/intl/l10nflist,lib/sh/shquote,0.4847017060727033
lib/intl/l10nflist,lib/termcap/termcap,0.4893714412086607
lib/intl/l10nflist,lib/termcap/tparam,0.4847017060727033
lib/intl/loadmsgcat,lib/glob/glob,0.43368786371443335
lib/intl/loadmsgcat,lib/intl/gettextP,0.818895992595623
lib/intl/loadmsgcat,lib/intl/gmo,0.813285621938575
lib/intl/loadmsgcat,lib/intl/hash-string,0.43368786371443335
lib/intl/loadmsgcat,lib/intl/loadinfo,0.4800346407191987
lib/intl/loadmsgcat,lib/intl/localcharset,0.4660575724334529
lib/intl/loadmsgcat,lib/intl/plural-exp,0.4428910414812079
lib/intl/loadmsgcat,lib/malloc/malloc,0.49404303208707173
lib/intl/loadmsgcat,lib/readline/ansi_stdlib,0.49404303208707173
lib/intl/loadmsgcat,lib/sh/shquote,0.43828414449455183
lib/intl/loadmsgcat,lib/termcap/termcap,0.43828414449455183
lib/intl/loadmsgcat,lib/termcap/tparam,0.43828414449455183
lib/intl/loadmsgcat,redir,0.43368786371443335
lib/intl/localcharset,lib/intl/eval-plural,0.43368786371443335
lib/intl/localcharset,lib/sh/shquote,0.46140928091795497
lib/intl/localcharset,lib/termcap/termcap,0.4660575724334529
lib/intl/localcharset,lib/termcap/tparam,0.46140928091795497
lib/intl/localealias,lib/glob/glob,0.43368786371443335
lib/intl/localealias,lib/intl/gettextP,0.4428910414812079
lib/intl/localealias,lib/intl/loadinfo,0.45213359482895965
lib/intl/localealias,lib/intl/localcharset,0.43828414449455183
lib/intl/localealias,lib/readline/ansi_stdlib,0.43368786371443335
lib/intl/localealias,lib/readline/histlib,0.43368786371443335
lib/intl/localealias,lib/sh/shquote,0.43828414449455183
lib/intl/localealias,lib/termcap/termcap,0.43828414449455183
lib/intl/localealias,lib/termcap/tparam,0.43828414449455183
lib/intl/localealias,redir,0.43368786371443335
lib/intl/localename,lib/intl/localcharset,0.4428910414812079
lib/intl/log,lib/intl/localcharset,0.43828414449455183
lib/intl/log,lib/sh/shquote,0.43368786371443335
lib/intl/log,lib/termcap/termcap,0.43828414449455183
lib/intl/log,lib/termcap/tparam,0.43368786371443335
lib/intl/ngettext,lib/intl/gettextP,0.43368786371443335
lib/intl/os2compat,lib/intl/localcharset,0.43828414449455183
lib/intl/os2compat,lib/sh/shquote,0.4475077840490542
lib/intl/os2compat,lib/termcap/termcap,0.4475077840490542
lib/intl/os2compat,lib/termcap/tparam,0.4475077840490542
lib/intl/plural-exp,lib/intl/loadinfo,0.4475077840490542
lib/intl/plural-exp,lib/sh/strstr,0.43828414449455183
lib/intl/plural-exp,lib/intl/gettextP,0.43828414449455183
lib/intl/plural,lib/intl/loadinfo,0.43368786371443335
lib/intl/plural,lib/intl/localcharset,0.45213359482895965
lib/intl/plural,lib/intl/plural-exp,0.7863860700835629
lib/intl/textdomain,lib/intl/gettextP,0.4475077840490542
lib/intl/textdomain,lib/intl/localcharset,0.43828414449455183
lib/intl/textdomain,lib/sh/shquote,0.43368786371443335
lib/intl/textdomain,lib/termcap/termcap,0.4428910414812079
lib/intl/textdomain,lib/termcap/tparam,0.43368786371443335
lib/malloc/malloc,include/stdc,0.45213359482895965
lib/malloc/malloc,lib/malloc/getpagesize,0.43368786371443335
lib/malloc/malloc,lib/malloc/imalloc,0.49404303208707173
lib/malloc/mstats,lib/malloc/imalloc,0.43368786371443335
lib/malloc/stats,lib/malloc/imalloc,0.43368786371443335
lib/malloc/table,lib/malloc/imalloc,0.43828414449455183
lib/malloc/trace,lib/malloc/imalloc,0.43368786371443335
lib/malloc/watch,lib/malloc/imalloc,0.43828414449455183
lib/malloc/xmalloc,lib/readline/ansi_stdlib,0.4567676902212445
lib/readline/bind,builtins/mkbuiltins,0.4893714412086607
lib/readline/bind,lib/readline/ansi_stdlib,0.4660575724334529
lib/readline/bind,lib/readline/chardefs,0.8879166245915168
lib/readline/bind,lib/readline/histlib,0.43828414449455183
lib/readline/bind,lib/readline/history,0.45213359482895965
lib/readline/bind,lib/readline/keymaps,0.8968859486710872
lib/readline/bind,lib/readline/posixstat,0.43368786371443335
lib/readline/bind,lib/readline/readline,0.681618536628717
lib/readline/bind,lib/readline/rlconf,0.4800346407191987
lib/readline/bind,lib/readline/rldefs,0.6936618125843689
lib/readline/bind,lib/readline/rlprivate,0.8474182225922349
lib/readline/bind,lib/readline/rlshell,0.43828414449455183
lib/readline/bind,lib/readline/rltypedefs,0.5499504998388604
lib/readline/bind,lib/readline/tilde,0.43368786371443335
lib/readline/bind,lib/readline/xmalloc,0.6483254892558662
lib/readline/bind,lib/sh/shquote,0.5174002724061559
lib/readline/bind,lib/termcap/termcap,0.5174002724061559
lib/readline/bind,lib/termcap/tparam,0.5174002724061559
lib/readline/bind,support/printenv,0.43368786371443335
lib/readline/callback,lib/readline/ansi_stdlib,0.43828414449455183
lib/readline/callback,lib/readline/posixjmp,0.4428910414812079
lib/readline/callback,lib/readline/readline,0.7131542388962996
lib/readline/callback,lib/readline/rlconf,0.4567676902212445
lib/readline/callback,lib/readline/rldefs,0.43368786371443335
lib/readline/callback,lib/readline/rlprivate,0.701547568095078
lib/readline/callback,lib/readline/rltypedefs,0.43828414449455183
lib/readline/callback,lib/readline/xmalloc,0.4475077840490542
lib/readline/compat,lib/readline/rlstdc,0.43368786371443335
lib/readline/compat,lib/readline/rltypedefs,0.4428910414812079
lib/readline/complete,lib/readline/ansi_stdlib,0.5499504998388604
lib/readline/complete,lib/readline/chardefs,0.617947464131599
lib/readline/complete,lib/readline/histlib,0.46140928091795497
lib/readline/complete,lib/readline/posixdir,0.4475077840490542
lib/readline/complete,lib/readline/posixstat,0.43368786371443335
lib/readline/complete,lib/readline/readline,0.9560174609246229
lib/readline/complete,lib/readline/rlconf,0.46140928091795497
lib/readline/complete,lib/readline/rldefs,0.4660575724334529
lib/readline/complete,lib/readline/rlmbutil,0.4428910414812079
lib/readline/complete,lib/readline/rlprivate,0.5545723237858121
lib/readline/complete,lib/readline/rltypedefs,0.5683781906166564
lib/readline/complete,lib/readline/tilde,0.4475077840490542
lib/readline/complete,lib/readline/xmalloc,0.6568008787037781
lib/readline/complete,lib/sh/shquote,0.5866185070619989
lib/readline/complete,lib/termcap/termcap,0.5866185070619989
lib/readline/complete,lib/termcap/tparam,0.5866185070619989
lib/readline/complete,support/printenv,0.43828414449455183
lib/readline/display,config-bot,0.43368786371443335
lib/readline/display,lib/readline/ansi_stdlib,0.45213359482895965
lib/readline/display,lib/readline/chardefs,0.5775247771717293
lib/readline/display,lib/readline/histlib,0.43368786371443335
lib/readline/display,lib/readline/history,0.4428910414812079
lib/readline/display,lib/readline/posixstat,0.43368786371443335
lib/readline/display,lib/readline/readline,0.661001792084345
lib/readline/display,lib/readline/rlconf,0.4428910414812079
lib/readline/display,lib/readline/rldefs,0.43368786371443335
lib/readline/display,lib/readline/rlmbutil,0.6001472653558588
lib/readline/display,lib/readline/rlprivate,0.9651750297933702
lib/readline/display,lib/readline/rltypedefs,0.43368786371443335
lib/readline/display,lib/readline/tcap,0.5313847165451066
lib/readline/display,lib/readline/xmalloc,0.5545723237858121
lib/readline/display,lib/sh/shquote,0.50338851900222
lib/readline/display,lib/termcap/termcap,0.50338851900222
lib/readline/display,lib/termcap/tparam,0.50338851900222
lib/readline/emacs_keymap,lib/readline/keymaps,0.9999993195494827
lib/readline/emacs_keymap,lib/readline/readline,0.9982234946623935
lib/readline/emacs_keymap,lib/readline/rltypedefs,0.9994312605146138
lib/readline/funmap,lib/readline/ansi_stdlib,0.43828414449455183
lib/readline/funmap,lib/readline/readline,0.9186971919174065
lib/readline/funmap,lib/readline/rlconf,0.43828414449455183
lib/readline/funmap,lib/readline/rltypedefs,0.43828414449455183
lib/readline/funmap,lib/readline/xmalloc,0.45213359482895965
lib/readline/histexpand,builtins/mkbuiltins,0.5080607827576635
lib/readline/histexpand,lib/readline/ansi_stdlib,0.46140928091795497
lib/readline/histexpand,lib/readline/chardefs,0.4567676902212445
lib/readline/histexpand,lib/readline/histlib,0.5866185070619989
lib/readline/histexpand,lib/readline/history,0.5313847165451066
lib/readline/histexpand,lib/readline/rlmbutil,0.43368786371443335
lib/readline/histexpand,lib/readline/rlshell,0.43828414449455183
lib/readline/histexpand,lib/readline/rltypedefs,0.43368786371443335
lib/readline/histexpand,lib/readline/xmalloc,0.789509139623013
lib/readline/histexpand,lib/sh/shquote,0.5956535413242007
lib/readline/histexpand,lib/termcap/termcap,0.5956535413242007
lib/readline/histexpand,lib/termcap/tparam,0.5956535413242007
lib/readline/histexpand,support/printenv,0.43368786371443335
lib/readline/histfile,builtins/mkbuiltins,0.43368786371443335
lib/readline/histfile,lib/readline/ansi_stdlib,0.4847017060727033
lib/readline/histfile,lib/readline/histlib,0.4428910414812079
lib/readline/histfile,lib/readline/history,0.5545723237858121
lib/readline/histfile,lib/readline/posixstat,0.43368786371443335
lib/readline/histfile,lib/readline/rlshell,0.43828414449455183
lib/readline/histfile,lib/readline/xmalloc,0.46140928091795497
lib/readline/histfile,lib/sh/shquote,0.46140928091795497
lib/readline/histfile,lib/termcap/termcap,0.46140928091795497
lib/readline/histfile,lib/termcap/tparam,0.46140928091795497
lib/readline/history,builtins/mkbuiltins,0.4567676902212445
lib/readline/history,lib/readline/ansi_stdlib,0.4475077840490542
lib/readline/history,lib/readline/histlib,0.43368786371443335
lib/readline/history,lib/readline/xmalloc,0.526727621076589
lib/readline/history,lib/sh/shquote,0.49404303208707173
lib/readline/history,lib/termcap/termcap,0.49404303208707173
lib/readline/history,lib/termcap/tparam,0.49404303208707173
lib/readline/history,lib/readline/callback,0.43368786371443335
lib/readline/history,lib/readline/compat,0.43368786371443335
lib/readline/history,lib/readline/complete,0.43368786371443335
lib/readline/history,lib/readline/funmap,0.43368786371443335
lib/readline/history,lib/readline/histsearch,0.49871566337235207
lib/readline/history,lib/readline/input,0.43368786371443335
lib/readline/history,lib/readline/isearch,0.4660575724334529
lib/readline/history,lib/readline/keymaps,0.43828414449455183
lib/readline/history,lib/readline/kill,0.47071176564257505
lib/readline/history,lib/readline/macro,0.43828414449455183
lib/readline/history,lib/readline/mbutil,0.43368786371443335
lib/readline/history,lib/readline/misc,0.6734513142835247
lib/readline/history,lib/readline/nls,0.43368786371443335
lib/readline/history,lib/readline/parens,0.43368786371443335
lib/readline/history,lib/readline/readline,0.47071176564257505
lib/readline/history,lib/readline/rlstdc,0.43368786371443335
lib/readline/history,lib/readline/rltty,0.43368786371443335
lib/readline/history,lib/readline/rltypedefs,0.43828414449455183
lib/readline/history,lib/readline/savestring,0.43368786371443335
lib/readline/history,lib/readline/search,0.5637869400841629
lib/readline/history,lib/readline/shell,0.43368786371443335
lib/readline/history,lib/readline/signals,0.45213359482895965
lib/readline/history,lib/readline/terminal,0.43828414449455183
lib/readline/history,lib/readline/text,0.43828414449455183
lib/readline/history,lib/readline/undo,0.4660575724334529
lib/readline/history,lib/readline/util,0.43368786371443335
lib/readline/history,lib/readline/vi_mode,0.4475077840490542
lib/readline/history,lib/readline/xfree,0.43368786371443335
lib/readline/histsearch,lib/readline/ansi_stdlib,0.43368786371443335
lib/readline/histsearch,lib/readline/histlib,0.4800346407191987
lib/readline/histsearch,lib/sh/shquote,0.43828414449455183
lib/readline/histsearch,lib/termcap/termcap,0.43828414449455183
lib/readline/histsearch,lib/termcap/tparam,0.43828414449455183
lib/readline/histsearch,support/printenv,0.4428910414812079
lib/readline/input,config,0.45213359482895965
lib/readline/input,lib/readline/ansi_stdlib,0.43368786371443335
lib/readline/input,lib/readline/chardefs,0.43368786371443335
lib/readline/input,lib/readline/keymaps,0.4475077840490542
lib/readline/input,lib/readline/posixselect,0.43828414449455183
lib/readline/input,lib/readline/readline,0.559184728666023
lib/readline/input,lib/readline/rldefs,0.43368786371443335
lib/readline/input,lib/readline/rlmbutil,0.43368786371443335
lib/readline/input,lib/readline/rlprivate,0.526727621076589
lib/readline/input,lib/readline/rlshell,0.43828414449455183
lib/readline/input,lib/readline/rltypedefs,0.4428910414812079
lib/readline/input,lib/readline/xmalloc,0.4475077840490542
lib/readline/isearch,lib/readline/ansi_stdlib,0.45213359482895965
lib/readline/isearch,lib/readline/chardefs,0.4893714412086607
lib/readline/isearch,lib/readline/histlib,0.43828414449455183
lib/readline/isearch,lib/readline/keymaps,0.4660575724334529
lib/readline/isearch,lib/readline/readline,0.7318857592335051
lib/readline/isearch,lib/readline/rlconf,0.43368786371443335
lib/readline/isearch,lib/readline/rldefs,0.4428910414812079
lib/readline/isearch,lib/readline/rlmbutil,0.46140928091795497
lib/readline/isearch,lib/readline/rlprivate,0.9935781456550037
lib/readline/isearch,lib/readline/rltypedefs,0.43828414449455183
lib/readline/isearch,lib/readline/xmalloc,0.4893714412086607
lib/readline/isearch,lib/sh/shquote,0.45213359482895965
lib/readline/isearch,lib/termcap/termcap,0.45213359482895965
lib/readline/isearch,lib/termcap/tparam,0.45213359482895965
lib/readline/isearch,support/printenv,0.43368786371443335
lib/readline/keymaps,lib/readline/ansi_stdlib,0.43368786371443335
lib/readline/keymaps,lib/readline/chardefs,0.43828414449455183
lib/readline/keymaps,lib/readline/readline,0.8545283638502578
lib/readline/keymaps,lib/readline/rlconf,0.43828414449455183
lib/readline/keymaps,lib/readline/rltypedefs,0.4428910414812079
lib/readline/keymaps,lib/readline/vi_keymap,0.9999154486185877
lib/readline/keymaps,lib/readline/xmalloc,0.46140928091795497
lib/readline/keymaps,lib/readline/callback,0.43368786371443335
lib/readline/keymaps,lib/readline/compat,0.43368786371443335
lib/readline/keymaps,lib/readline/complete,0.43368786371443335
lib/readline/keymaps,lib/readline/display,0.43368786371443335
lib/readline/keymaps,lib/readline/funmap,0.43368786371443335
lib/readline/keymaps,lib/readline/histexpand,0.43368786371443335
lib/readline/keymaps,lib/readline/histfile,0.43368786371443335
lib/readline/keymaps,lib/readline/histsearch,0.43368786371443335
lib/readline/keymaps,lib/readline/kill,0.43368786371443335
lib/readline/keymaps,lib/readline/macro,0.43368786371443335
lib/readline/keymaps,lib/readline/mbutil,0.43368786371443335
lib/readline/keymaps,lib/readline/misc,0.4567676902212445
lib/readline/keymaps,lib/readline/nls,0.43368786371443335
lib/readline/keymaps,lib/readline/parens,0.46140928091795497
lib/readline/keymaps,lib/readline/rlstdc,0.43368786371443335
lib/readline/keymaps,lib/readline/rltty,0.5174002724061559
lib/readline/keymaps,lib/readline/savestring,0.43368786371443335
lib/readline/keymaps,lib/readline/search,0.43368786371443335
lib/readline/keymaps,lib/readline/shell,0.43368786371443335
lib/readline/keymaps,lib/readline/signals,0.43368786371443335
lib/readline/keymaps,lib/readline/terminal,0.46140928091795497
lib/readline/keymaps,lib/readline/text,0.43828414449455183
lib/readline/keymaps,lib/readline/undo,0.43368786371443335
lib/readline/keymaps,lib/readline/util,0.43368786371443335
lib/readline/keymaps,lib/readline/vi_mode,0.5174002724061559
lib/readline/keymaps,lib/readline/xfree,0.43368786371443335
lib/readline/kill,builtins/mkbuiltins,0.4475077840490542
lib/readline/kill,lib/readline/ansi_stdlib,0.43828414449455183
lib/readline/kill,lib/readline/readline,0.9002922763313633
lib/readline/kill,lib/readline/rlconf,0.43368786371443335
lib/readline/kill,lib/readline/rldefs,0.4475077840490542
lib/readline/kill,lib/readline/rlprivate,0.4847017060727033
lib/readline/kill,lib/readline/xmalloc,0.47071176564257505
lib/readline/kill,lib/sh/shquote,0.4428910414812079
lib/readline/kill,lib/termcap/termcap,0.4428910414812079
lib/readline/kill,lib/termcap/tparam,0.4428910414812079
lib/readline/kill,support/printenv,0.43368786371443335
lib/readline/macro,lib/readline/ansi_stdlib,0.4428910414812079
lib/readline/macro,lib/readline/readline,0.5911437201274378
lib/readline/macro,lib/readline/rlconf,0.43368786371443335
lib/readline/macro,lib/readline/rldefs,0.43368786371443335
lib/readline/macro,lib/readline/rlprivate,0.45213359482895965
lib/readline/macro,lib/readline/xmalloc,0.4800346407191987
lib/readline/macro,lib/sh/shquote,0.4475077840490542
lib/readline/macro,lib/termcap/termcap,0.4475077840490542
lib/readline/macro,lib/termcap/tparam,0.4475077840490542
lib/readline/mbutil,lib/readline/ansi_stdlib,0.43368786371443335
lib/readline/mbutil,lib/readline/posixjmp,0.43368786371443335
lib/readline/mbutil,lib/readline/readline,0.43828414449455183
lib/readline/mbutil,lib/readline/rldefs,0.43368786371443335
lib/readline/mbutil,lib/readline/rlmbutil,0.4428910414812079
lib/readline/mbutil,lib/readline/rlprivate,0.43368786371443335
lib/readline/mbutil,lib/readline/xmalloc,0.43828414449455183
lib/readline/misc,lib/readline/ansi_stdlib,0.45213359482895965
lib/readline/misc,lib/readline/chardefs,0.4428910414812079
lib/readline/misc,lib/readline/readline,0.9254102615425236
lib/readline/misc,lib/readline/rlconf,0.4428910414812079
lib/readline/misc,lib/readline/rldefs,0.45213359482895965
lib/readline/misc,lib/readline/rlmbutil,0.43368786371443335
lib/readline/misc,lib/readline/rlprivate,0.54532003768332
lib/readline/misc,lib/readline/rlshell,0.43368786371443335
lib/readline/misc,lib/readline/xmalloc,0.4893714412086607
lib/readline/misc,lib/sh/shquote,0.4567676902212445
lib/readline/misc,lib/termcap/termcap,0.4567676902212445
lib/readline/misc,lib/termcap/tparam,0.4567676902212445
lib/readline/nls,lib/readline/ansi_stdlib,0.43828414449455183
lib/readline/nls,lib/readline/chardefs,0.4800346407191987
lib/readline/nls,lib/readline/readline,0.43828414449455183
lib/readline/nls,lib/readline/rldefs,0.43368786371443335
lib/readline/nls,lib/readline/rlprivate,0.4475077840490542
lib/readline/nls,lib/readline/rlshell,0.4475077840490542
lib/readline/nls,lib/sh/shquote,0.43828414449455183
lib/readline/nls,lib/termcap/termcap,0.43828414449455183
lib/readline/nls,lib/termcap/tparam,0.43828414449455183
lib/readline/parens,config,0.43828414449455183
lib/readline/parens,lib/readline/histlib,0.43368786371443335
lib/readline/parens,lib/readline/posixselect,0.43828414449455183
lib/readline/parens,lib/readline/readline,0.5313847165451066
lib/readline/parens,lib/readline/rlconf,0.43368786371443335
lib/readline/parens,lib/readline/rlprivate,0.4428910414812079
lib/readline/posixdir,config,0.45213359482895965
lib/readline/readline,lib/readline/ansi_stdlib,0.43828414449455183
lib/readline/readline,lib/readline/chardefs,0.5360363513747941
lib/readline/readline,lib/readline/posixjmp,0.43828414449455183
lib/readline/readline,lib/readline/posixstat,0.43368786371443335
lib/readline/readline,lib/readline/rlconf,0.5220658702054061
lib/readline/readline,lib/readline/rldefs,0.4893714412086607
lib/readline/readline,lib/readline/rlmbutil,0.43368786371443335
lib/readline/readline,lib/readline/rlprivate,0.818895992595623
lib/readline/readline,lib/readline/rlshell,0.43828414449455183
lib/readline/readline,lib/readline/rltypedefs,0.6693274989641346
lib/readline/readline,lib/readline/xmalloc,0.50338851900222
lib/readline/readline,lib/sh/shquote,0.4660575724334529
lib/readline/readline,lib/termcap/termcap,0.4660575724334529
lib/readline/readline,lib/termcap/tparam,0.4660575724334529
lib/readline/readline,config-bot,0.43828414449455183
lib/readline/readline,lib/readline/compat,0.43368786371443335
lib/readline/readline,lib/readline/histexpand,0.43368786371443335
lib/readline/readline,lib/readline/histfile,0.43368786371443335
lib/readline/readline,lib/readline/histsearch,0.43368786371443335
lib/readline/readline,lib/readline/rlstdc,0.43368786371443335
lib/readline/readline,lib/readline/rltty,0.5729577203105619
lib/readline/readline,lib/readline/savestring,0.43368786371443335
lib/readline/readline,lib/readline/search,0.780039101581963
lib/readline/readline,lib/readline/shell,0.43368786371443335
lib/readline/readline,lib/readline/signals,0.54532003768332
lib/readline/readline,lib/readline/terminal,0.5683781906166564
lib/readline/readline,lib/readline/text,0.9975606252074464
lib/readline/readline,lib/readline/tilde,0.43368786371443335
lib/readline/readline,lib/readline/undo,0.8161073814066292
lib/readline/readline,lib/readline/util,0.5729577203105619
lib/readline/readline,lib/readline/vi_mode,0.9999956704281048
lib/readline/readline,lib/readline/xfree,0.43368786371443335
lib/readline/rldefs,config-bot,0.43368786371443335
lib/readline/rldefs,lib/readline/rlconf,0.43368786371443335
lib/readline/rldefs,lib/readline/rlstdc,0.43368786371443335
lib/readline/rlmbutil,lib/readline/rlstdc,0.43368786371443335
lib/readline/rlprivate,config-bot,0.43828414449455183
lib/readline/rlprivate,lib/readline/keymaps,0.46140928091795497
lib/readline/rlprivate,lib/readline/posixjmp,0.43828414449455183
lib/readline/rlprivate,lib/readline/rlconf,0.4428910414812079
lib/readline/rlprivate,lib/readline/rldefs,0.43828414449455183
lib/readline/rlprivate,lib/readline/rlstdc,0.43368786371443335
lib/readline/rlshell,lib/readline/rlstdc,0.43368786371443335
lib/readline/rltty,include/shtty,0.4428910414812079
lib/readline/rltty,lib/readline/rlconf,0.4428910414812079
lib/readline/rltty,lib/readline/rldefs,0.4660575724334529
lib/readline/rltty,lib/readline/rlprivate,0.5360363513747941
lib/readline/rltty,lib/readline/rltypedefs,0.4475077840490542
lib/readline/rltty,lib/readline/rlwinsize,0.43368786371443335
lib/readline/savestring,config,0.43828414449455183
lib/readline/savestring,lib/readline/xmalloc,0.4428910414812079
lib/readline/savestring,lib/sh/shquote,0.43368786371443335
lib/readline/savestring,lib/termcap/termcap,0.43368786371443335
lib/readline/savestring,lib/termcap/tparam,0.43368786371443335
lib/readline/search,lib/readline/ansi_stdlib,0.43828414449455183
lib/readline/search,lib/readline/chardefs,0.4567676902212445
lib/readline/search,lib/readline/rlconf,0.4428910414812079
lib/readline/search,lib/readline/rldefs,0.4428910414812079
lib/readline/search,lib/readline/rlmbutil,0.43368786371443335
lib/readline/search,lib/readline/rlprivate,0.5911437201274378
lib/readline/search,lib/readline/xmalloc,0.4567676902212445
lib/readline/search,lib/sh/shquote,0.43828414449455183
lib/readline/search,lib/termcap/termcap,0.43828414449455183
lib/readline/search,lib/termcap/tparam,0.43828414449455183
lib/readline/shell,lib/readline/ansi_stdlib,0.43828414449455183
lib/readline/shell,lib/readline/rlshell,0.43368786371443335
lib/readline/shell,lib/readline/rlstdc,0.43368786371443335
lib/readline/shell,lib/readline/xmalloc,0.4428910414812079
lib/readline/shell,lib/sh/shquote,0.43368786371443335
lib/readline/shell,lib/termcap/termcap,0.43368786371443335
lib/readline/shell,lib/termcap/tparam,0.43368786371443335
lib/readline/signals,lib/readline/chardefs,0.47071176564257505
lib/readline/signals,lib/readline/rlconf,0.43368786371443335
lib/readline/signals,lib/readline/rldefs,0.43368786371443335
lib/readline/signals,lib/readline/rlprivate,0.4660575724334529
lib/readline/terminal,lib/readline/ansi_stdlib,0.45213359482895965
lib/readline/terminal,lib/readline/posixstat,0.43368786371443335
lib/readline/terminal,lib/readline/rlconf,0.43368786371443335
lib/readline/terminal,lib/readline/rldefs,0.4567676902212445
lib/readline/terminal,lib/readline/rlprivate,0.4847017060727033
lib/readline/terminal,lib/readline/rlshell,0.45213359482895965
lib/readline/terminal,lib/readline/rltty,0.43368786371443335
lib/readline/terminal,lib/readline/tcap,0.50338851900222
lib/readline/terminal,lib/readline/xmalloc,0.4475077840490542
lib/readline/text,builtins/mkbuiltins,0.43828414449455183
lib/readline/text,lib/readline/ansi_stdlib,0.43368786371443335
lib/readline/text,lib/readline/chardefs,0.49404303208707173
lib/readline/text,lib/readline/rlconf,0.4847017060727033
lib/readline/text,lib/readline/rldefs,0.49871566337235207
lib/readline/text,lib/readline/rlmbutil,0.5956535413242007
lib/readline/text,lib/readline/rlprivate,0.7169626153370886
lib/readline/text,lib/readline/rlshell,0.43368786371443335
lib/readline/text,lib/readline/xmalloc,0.46140928091795497
lib/readline/text,lib/sh/shquote,0.4428910414812079
lib/readline/text,lib/termcap/termcap,0.4428910414812079
lib/readline/text,lib/termcap/tparam,0.4428910414812079
lib/readline/text,support/printenv,0.43368786371443335
lib/readline/tilde,lib/readline/ansi_stdlib,0.43368786371443335
lib/readline/tilde,lib/readline/histlib,0.43368786371443335
lib/readline/tilde,lib/readline/xmalloc,0.5127316388331388
lib/readline/tilde,lib/sh/shquote,0.49871566337235207
lib/readline/tilde,lib/termcap/termcap,0.49871566337235207
lib/readline/tilde,lib/termcap/tparam,0.49871566337235207
lib/readline/tilde,support/printenv,0.43828414449455183
lib/readline/undo,lib/readline/ansi_stdlib,0.43368786371443335
lib/readline/undo,lib/readline/rlconf,0.43368786371443335
lib/readline/undo,lib/readline/rldefs,0.43828414449455183
lib/readline/undo,lib/readline/rlprivate,0.43368786371443335
lib/readline/undo,lib/readline/xmalloc,0.47071176564257505
lib/readline/undo,lib/sh/shquote,0.43828414449455183
lib/readline/undo,lib/termcap/termcap,0.43828414449455183
lib/readline/undo,lib/termcap/tparam,0.43828414449455183
lib/readline/util,builtins/mkbuiltins,0.4428910414812079
lib/readline/util,config-bot,0.43828414449455183
lib/readline/util,lib/readline/ansi_stdlib,0.43828414449455183
lib/readline/util,lib/readline/chardefs,0.6397555965359274
lib/readline/util,lib/readline/histlib,0.43368786371443335
lib/readline/util,lib/readline/posixjmp,0.43368786371443335
lib/readline/util,lib/readline/rldefs,0.43828414449455183
lib/readline/util,lib/readline/rlmbutil,0.43368786371443335
lib/readline/util,lib/readline/rlprivate,0.4753710573255936
lib/readline/util,lib/readline/rltypedefs,0.43368786371443335
lib/readline/util,lib/readline/tilde,0.43828414449455183
lib/readline/util,lib/readline/xmalloc,0.4753710573255936
lib/readline/util,lib/sh/shquote,0.4475077840490542
lib/readline/util,lib/termcap/termcap,0.4475077840490542
lib/readline/util,lib/termcap/tparam,0.4475077840490542
lib/readline/vi_keymap,lib/readline/readline,0.9978188532906281
lib/readline/vi_keymap,lib/readline/rltypedefs,0.9474528866823999
lib/readline/vi_mode,builtins/mkbuiltins,0.54532003768332
lib/readline/vi_mode,lib/readline/ansi_stdlib,0.43368786371443335
lib/readline/vi_mode,lib/readline/chardefs,0.8216515576336378
lib/readline/vi_mode,lib/readline/histlib,0.45213359482895965
lib/readline/vi_mode,lib/readline/rlconf,0.5127316388331388
lib/readline/vi_mode,lib/readline/rldefs,0.45213359482895965
lib/readline/vi_mode,lib/readline/rlmbutil,0.5080607827576635
lib/readline/vi_mode,lib/readline/rlprivate,0.9186971919174065
lib/readline/vi_mode,lib/readline/xmalloc,0.45213359482895965
lib/readline/xfree,lib/readline/ansi_stdlib,0.43828414449455183
lib/readline/xfree,lib/readline/xmalloc,0.43828414449455183
lib/readline/xmalloc,lib/readline/ansi_stdlib,0.45213359482895965
lib/readline/xmalloc,lib/readline/compat,0.43368786371443335
lib/readline/xmalloc,lib/readline/histsearch,0.43368786371443335
lib/readline/xmalloc,lib/readline/nls,0.43368786371443335
lib/readline/xmalloc,lib/readline/parens,0.43368786371443335
lib/readline/xmalloc,lib/readline/rlstdc,0.43368786371443335
lib/readline/xmalloc,lib/readline/rltty,0.43368786371443335
lib/readline/xmalloc,lib/readline/signals,0.43368786371443335
lib/sh/casemod,bashansi,0.43368786371443335
lib/sh/casemod,bashintl,0.43368786371443335
lib/sh/casemod,bashtypes,0.43368786371443335
lib/sh/casemod,config-bot,0.45213359482895965
lib/sh/casemod,include/chartypes,0.4893714412086607
lib/sh/casemod,include/shmbchar,0.4475077840490542
lib/sh/casemod,include/shmbutil,0.4567676902212445
lib/sh/casemod,include/stdc,0.43368786371443335
lib/sh/casemod,lib/glob/strmatch,0.43828414449455183
lib/sh/casemod,lib/intl/localcharset,0.43368786371443335
lib/sh/casemod,lib/malloc/malloc,0.43368786371443335
lib/sh/casemod,lib/readline/ansi_stdlib,0.43368786371443335
lib/sh/casemod,lib/readline/xmalloc,0.4428910414812079
lib/sh/casemod,lib/sh/shquote,0.43828414449455183
lib/sh/casemod,lib/termcap/termcap,0.43368786371443335
lib/sh/casemod,y.tab,0.43368786371443335
lib/sh/clktck,bashtypes,0.43368786371443335
lib/sh/clktck,config,0.45213359482895965
lib/sh/clock,config,0.4428910414812079
lib/sh/clock,include/posixtime,0.43368786371443335
lib/sh/clock,include/stdc,0.43368786371443335
lib/sh/dprintf,config-bot,0.43828414449455183
lib/sh/dprintf,include/stdc,0.43368786371443335
lib/sh/eaccess,bashansi,0.43368786371443335
lib/sh/eaccess,bashtypes,0.43368786371443335
lib/sh/eaccess,general,0.47071176564257505
lib/sh/eaccess,include/filecntl,0.43368786371443335
lib/sh/eaccess,lib/readline/posixstat,0.43828414449455183
lib/sh/eaccess,lib/termcap/termcap,0.4567676902212445
lib/sh/eaccess,shell,0.4893714412086607
lib/sh/eaccess,support/printenv,0.4475077840490542
lib/sh/fmtullong,config,0.43828414449455183
lib/sh/fmtullong,lib/sh/fmtulong,0.43368786371443335
lib/sh/fmtulong,bashansi,0.43368786371443335
lib/sh/fmtulong,bashintl,0.43828414449455183
lib/sh/fmtulong,include/chartypes,0.4660575724334529
lib/sh/fmtulong,include/stdc,0.43368786371443335
lib/sh/fmtulong,include/typemax,0.43368786371443335
lib/sh/fmtumax,config,0.43368786371443335
lib/sh/fmtumax,lib/sh/fmtulong,0.43368786371443335
lib/sh/fnxform,bashansi,0.43368786371443335
lib/sh/fnxform,bashintl,0.43368786371443335
lib/sh/fnxform,bashtypes,0.43368786371443335
lib/sh/fnxform,config,0.4567676902212445
lib/sh/fnxform,include/stdc,0.43368786371443335
lib/sh/fnxform,lib/readline/xmalloc,0.43368786371443335
lib/sh/fpurge,config,0.4475077840490542
lib/sh/fpurge,include/stdc,0.43368786371443335
lib/sh/getcwd,bashansi,0.43368786371443335
lib/sh/getcwd,bashtypes,0.43368786371443335
lib/sh/getcwd,config,0.45213359482895965
lib/sh/getcwd,include/maxpath,0.43368786371443335
lib/sh/getcwd,include/memalloc,0.43368786371443335
lib/sh/getcwd,lib/glob/glob,0.43368786371443335
lib/sh/getcwd,lib/glob/ndir,0.43368786371443335
lib/sh/getcwd,lib/intl/localcharset,0.47071176564257505
lib/sh/getcwd,lib/malloc/malloc,0.47071176564257505
lib/sh/getcwd,lib/readline/ansi_stdlib,0.47071176564257505
lib/sh/getcwd,lib/readline/posixdir,0.43828414449455183
lib/sh/getcwd,lib/readline/posixstat,0.43368786371443335
lib/sh/getcwd,lib/readline/xmalloc,0.43368786371443335
lib/sh/getcwd,lib/termcap/termcap,0.47071176564257505
lib/sh/getcwd,lib/termcap/tparam,0.45213359482895965
lib/sh/getcwd,redir,0.43368786371443335
lib/sh/getcwd,y.tab,0.46140928091795497
lib/sh/getenv,config,0.43368786371443335
lib/sh/inet_aton,config-bot,0.43368786371443335
lib/sh/inet_aton,config,0.4475077840490542
lib/sh/input_avail,bashansi,0.43368786371443335
lib/sh/input_avail,config,0.43828414449455183
lib/sh/input_avail,lib/readline/posixselect,0.43368786371443335
lib/sh/itos,bashansi,0.43368786371443335
lib/sh/itos,externs,0.43828414449455183
lib/sh/itos,general,0.4567676902212445
lib/sh/itos,shell,0.43368786371443335
lib/sh/mailstat,bashansi,0.43368786371443335
lib/sh/mailstat,bashtypes,0.43368786371443335
lib/sh/mailstat,config,0.4428910414812079
lib/sh/mailstat,include/maxpath,0.43368786371443335
lib/sh/mailstat,lib/glob/ndir,0.43368786371443335
lib/sh/mailstat,lib/readline/posixdir,0.43368786371443335
lib/sh/mailstat,lib/readline/posixstat,0.43368786371443335
lib/sh/mailstat,lib/sh/shquote,0.4428910414812079
lib/sh/makepath,bashansi,0.43368786371443335
lib/sh/makepath,config,0.43828414449455183
lib/sh/makepath,externs,0.45213359482895965
lib/sh/makepath,general,0.43368786371443335
lib/sh/makepath,lib/intl/localcharset,0.43368786371443335
lib/sh/makepath,lib/malloc/malloc,0.43368786371443335
lib/sh/makepath,lib/readline/ansi_stdlib,0.43368786371443335
lib/sh/makepath,lib/sh/shquote,0.45213359482895965
lib/sh/makepath,lib/termcap/termcap,0.43368786371443335
lib/sh/makepath,lib/tilde/tilde,0.43368786371443335
lib/sh/makepath,shell,0.43368786371443335
lib/sh/makepath,variables,0.43368786371443335
lib/sh/makepath,xmalloc,0.45213359482895965
lib/sh/makepath,y.tab,0.43368786371443335
lib/sh/mbscasecmp,config-bot,0.43368786371443335
lib/sh/mbscasecmp,config,0.43368786371443335
lib/sh/mbscasecmp,lib/sh/shquote,0.43828414449455183
lib/sh/mbschr,bashansi,0.43368786371443335
lib/sh/mbschr,config-bot,0.43368786371443335
lib/sh/mbschr,config,0.4428910414812079
lib/sh/mbschr,include/shmbchar,0.43368786371443335
lib/sh/mbschr,include/shmbutil,0.43368786371443335
lib/sh/mbschr,lib/readline/histlib,0.43368786371443335
lib/sh/mbschr,lib/sh/shquote,0.43368786371443335
lib/sh/mbscmp,config-bot,0.43368786371443335
lib/sh/mbscmp,config,0.43368786371443335
lib/sh/mbscmp,lib/sh/shquote,0.43828414449455183
lib/sh/mktime,bashansi,0.43368786371443335
lib/sh/netconn,bashtypes,0.43368786371443335
lib/sh/netconn,config,0.4567676902212445
lib/sh/netconn,include/filecntl,0.43368786371443335
lib/sh/netconn,lib/readline/posixstat,0.43368786371443335
lib/sh/netopen,bashansi,0.43368786371443335
lib/sh/netopen,bashintl,0.43828414449455183
lib/sh/netopen,config-bot,0.43368786371443335
lib/sh/netopen,config,0.4800346407191987
lib/sh/netopen,error,0.45213359482895965
lib/sh/netopen,execute_cmd,0.43828414449455183
lib/sh/netopen,lib/intl/localcharset,0.43368786371443335
lib/sh/netopen,lib/malloc/malloc,0.43368786371443335
lib/sh/netopen,lib/readline/ansi_stdlib,0.43368786371443335
lib/sh/netopen,lib/readline/histlib,0.43368786371443335
lib/sh/netopen,lib/readline/xmalloc,0.43828414449455183
lib/sh/netopen,lib/sh/shquote,0.43368786371443335
lib/sh/netopen,lib/termcap/termcap,0.43368786371443335
lib/sh/netopen,shell,0.43368786371443335
lib/sh/netopen,y.tab,0.43368786371443335
lib/sh/oslib,bashansi,0.43368786371443335
lib/sh/oslib,bashtypes,0.43368786371443335
lib/sh/oslib,config,0.49871566337235207
lib/sh/oslib,include/chartypes,0.43368786371443335
lib/sh/oslib,include/filecntl,0.43368786371443335
lib/sh/oslib,lib/readline/posixstat,0.43368786371443335
lib/sh/oslib,shell,0.43368786371443335
lib/sh/pathcanon,bashansi,0.43368786371443335
lib/sh/pathcanon,bashtypes,0.43368786371443335
lib/sh/pathcanon,config,0.43828414449455183
lib/sh/pathcanon,externs,0.45213359482895965
lib/sh/pathcanon,general,0.4847017060727033
lib/sh/pathcanon,include/chartypes,0.43368786371443335
lib/sh/pathcanon,include/filecntl,0.43368786371443335
lib/sh/pathcanon,lib/intl/localcharset,0.43828414449455183
lib/sh/pathcanon,lib/malloc/malloc,0.43828414449455183
lib/sh/pathcanon,lib/readline/ansi_stdlib,0.43828414449455183
lib/sh/pathcanon,lib/readline/posixstat,0.43368786371443335
lib/sh/pathcanon,lib/sh/shquote,0.43828414449455183
lib/sh/pathcanon,lib/termcap/termcap,0.43828414449455183
lib/sh/pathcanon,shell,0.43368786371443335
lib/sh/pathcanon,xmalloc,0.43828414449455183
lib/sh/pathcanon,y.tab,0.43828414449455183
lib/sh/pathphys,bashansi,0.43368786371443335
lib/sh/pathphys,bashtypes,0.43368786371443335
lib/sh/pathphys,config,0.4428910414812079
lib/sh/pathphys,externs,0.43368786371443335
lib/sh/pathphys,general,0.4753710573255936
lib/sh/pathphys,include/chartypes,0.43368786371443335
lib/sh/pathphys,include/filecntl,0.43368786371443335
lib/sh/pathphys,lib/intl/localcharset,0.4567676902212445
lib/sh/pathphys,lib/malloc/malloc,0.4567676902212445
lib/sh/pathphys,lib/readline/ansi_stdlib,0.4567676902212445
lib/sh/pathphys,lib/readline/posixstat,0.43368786371443335
lib/sh/pathphys,lib/sh/shquote,0.4567676902212445
lib/sh/pathphys,lib/termcap/termcap,0.4567676902212445
lib/sh/pathphys,shell,0.43368786371443335
lib/sh/pathphys,xmalloc,0.4567676902212445
lib/sh/pathphys,y.tab,0.4567676902212445
lib/sh/rename,config,0.43828414449455183
lib/sh/setlinebuf,config,0.4475077840490542
lib/sh/setlinebuf,lib/readline/xmalloc,0.43368786371443335
lib/sh/shmatch,config-bot,0.43368786371443335
lib/sh/shmbchar,config-bot,0.43368786371443335
lib/sh/shmbchar,config,0.43368786371443335
lib/sh/shmbchar,include/shmbchar,0.43828414449455183
lib/sh/shmbchar,include/shmbutil,0.43368786371443335
lib/sh/shquote,config,0.4428910414812079
lib/sh/shquote,lib/readline/xmalloc,0.46140928091795497
lib/sh/shquote,syntax,0.4893714412086607
lib/sh/shtty,include/shtty,0.46140928091795497
lib/sh/snprintf,bashansi,0.43368786371443335
lib/sh/snprintf,bashtypes,0.43368786371443335
lib/sh/snprintf,config-bot,0.4660575724334529
lib/sh/snprintf,config,0.526727621076589
lib/sh/snprintf,externs,0.4660575724334529
lib/sh/snprintf,general,0.47071176564257505
lib/sh/snprintf,include/chartypes,0.4567676902212445
lib/sh/snprintf,include/shmbchar,0.49404303208707173
lib/sh/snprintf,include/shmbutil,0.43368786371443335
lib/sh/snprintf,include/stdc,0.43368786371443335
lib/sh/snprintf,include/typemax,0.43368786371443335
lib/sh/snprintf,lib/intl/localcharset,0.4567676902212445
lib/sh/snprintf,lib/malloc/malloc,0.4567676902212445
lib/sh/snprintf,lib/readline/ansi_stdlib,0.4567676902212445
lib/sh/snprintf,lib/readline/xmalloc,0.7169626153370886
lib/sh/snprintf,lib/sh/shquote,0.4800346407191987
lib/sh/snprintf,lib/termcap/termcap,0.4567676902212445
lib/sh/snprintf,shell,0.43368786371443335
lib/sh/snprintf,y.tab,0.4567676902212445
lib/sh/spell,bashansi,0.43368786371443335
lib/sh/spell,bashtypes,0.43368786371443335
lib/sh/spell,config,0.43828414449455183
lib/sh/spell,include/maxpath,0.43368786371443335
lib/sh/spell,include/stdc,0.43368786371443335
lib/sh/spell,lib/glob/ndir,0.43368786371443335
lib/sh/spell,lib/intl/localcharset,0.43828414449455183
lib/sh/spell,lib/malloc/malloc,0.43828414449455183
lib/sh/spell,lib/readline/ansi_stdlib,0.43828414449455183
lib/sh/spell,lib/readline/posixdir,0.43368786371443335
lib/sh/spell,lib/readline/posixstat,0.43368786371443335
lib/sh/spell,lib/sh/shquote,0.43368786371443335
lib/sh/spell,lib/termcap/termcap,0.46140928091795497
lib/sh/spell,lib/termcap/tparam,0.43368786371443335
lib/sh/spell,y.tab,0.43828414449455183
lib/sh/strcasecmp,config,0.43828414449455183
lib/sh/strcasestr,bashansi,0.43368786371443335
lib/sh/strcasestr,config,0.43368786371443335
lib/sh/strcasestr,include/chartypes,0.46140928091795497
lib/sh/strcasestr,include/stdc,0.43368786371443335
lib/sh/strcasestr,lib/sh/shquote,0.43828414449455183
lib/sh/strchrnul,config,0.43368786371443335
lib/sh/strchrnul,lib/sh/shquote,0.43368786371443335
lib/sh/strerror,config,0.43828414449455183
lib/sh/strftime,config,0.4475077840490542
lib/sh/strftime,input,0.43828414449455183
lib/sh/strftime,lib/intl/localcharset,0.4428910414812079
lib/sh/strftime,lib/malloc/malloc,0.43828414449455183
lib/sh/strftime,lib/readline/ansi_stdlib,0.4428910414812079
lib/sh/strftime,lib/readline/histlib,0.43368786371443335
lib/sh/strftime,lib/sh/shquote,0.4475077840490542
lib/sh/strftime,lib/termcap/termcap,0.4475077840490542
lib/sh/strftime,lib/termcap/tparam,0.43828414449455183
lib/sh/strftime,y.tab,0.46140928091795497
lib/sh/stringlist,bashansi,0.43368786371443335
lib/sh/stringlist,command,0.4475077840490542
lib/sh/stringlist,config,0.43828414449455183
lib/sh/stringlist,externs,0.8841419146865828
lib/sh/stringlist,general,0.4428910414812079
lib/sh/stringlist,lib/intl/localcharset,0.43828414449455183
lib/sh/stringlist,lib/malloc/malloc,0.43828414449455183
lib/sh/stringlist,lib/readline/ansi_stdlib,0.43828414449455183
lib/sh/stringlist,lib/sh/shquote,0.4800346407191987
lib/sh/stringlist,lib/termcap/termcap,0.43828414449455183
lib/sh/stringlist,shell,0.43368786371443335
lib/sh/stringlist,xmalloc,0.4800346407191987
lib/sh/stringlist,y.tab,0.43828414449455183
lib/sh/stringvec,bashansi,0.43368786371443335
lib/sh/stringvec,bashtypes,0.43368786371443335
lib/sh/stringvec,command,0.5220658702054061
lib/sh/stringvec,config,0.4428910414812079
lib/sh/stringvec,externs,0.43828414449455183
lib/sh/stringvec,general,0.4475077840490542
lib/sh/stringvec,include/chartypes,0.43368786371443335
lib/sh/stringvec,lib/intl/localcharset,0.4475077840490542
lib/sh/stringvec,lib/malloc/malloc,0.4475077840490542
lib/sh/stringvec,lib/readline/ansi_stdlib,0.45213359482895965
lib/sh/stringvec,lib/sh/shquote,0.4475077840490542
lib/sh/stringvec,lib/termcap/termcap,0.45213359482895965
lib/sh/stringvec,make_cmd,0.43828414449455183
lib/sh/stringvec,shell,0.43368786371443335
lib/sh/stringvec,xmalloc,0.4660575724334529
lib/sh/stringvec,y.tab,0.4475077840490542
lib/sh/strnlen,include/stdc,0.43368786371443335
lib/sh/strpbrk,include/stdc,0.43368786371443335
lib/sh/strtod,bashansi,0.43368786371443335
lib/sh/strtod,include/chartypes,0.46140928091795497
lib/sh/strtoimax,include/stdc,0.43368786371443335
lib/sh/strtol,config,0.43828414449455183
lib/sh/strtoll,config,0.4428910414812079
lib/sh/strtoul,config,0.43828414449455183
lib/sh/strtoull,config,0.4428910414812079
lib/sh/strtoumax,include/stdc,0.43368786371443335
lib/sh/strtrans,bashansi,0.43368786371443335
lib/sh/strtrans,config-bot,0.43828414449455183
lib/sh/strtrans,config,0.43828414449455183
lib/sh/strtrans,externs,0.43368786371443335
lib/sh/strtrans,include/chartypes,0.5174002724061559
lib/sh/strtrans,lib/intl/localcharset,0.43368786371443335
lib/sh/strtrans,lib/malloc/malloc,0.43368786371443335
lib/sh/strtrans,lib/readline/ansi_stdlib,0.43368786371443335
lib/sh/strtrans,lib/sh/shquote,0.43368786371443335
lib/sh/strtrans,lib/termcap/termcap,0.43368786371443335
lib/sh/strtrans,shell,0.4475077840490542
lib/sh/strtrans,xmalloc,0.4428910414812079
lib/sh/strtrans,y.tab,0.43368786371443335
lib/sh/times,config,0.43828414449455183
lib/sh/timeval,config,0.43828414449455183
lib/sh/timeval,include/posixtime,0.43368786371443335
lib/sh/tmpfile,bashtypes,0.43368786371443335
lib/sh/tmpfile,config,0.4475077840490542
lib/sh/tmpfile,execute_cmd,0.43368786371443335
lib/sh/tmpfile,externs,0.45213359482895965
lib/sh/tmpfile,general,0.45213359482895965
lib/sh/tmpfile,include/filecntl,0.43368786371443335
lib/sh/tmpfile,include/posixtime,0.43368786371443335
lib/sh/tmpfile,lib/intl/localcharset,0.43368786371443335
lib/sh/tmpfile,lib/malloc/malloc,0.43368786371443335
lib/sh/tmpfile,lib/readline/ansi_stdlib,0.43368786371443335
lib/sh/tmpfile,lib/readline/posixstat,0.43368786371443335
lib/sh/tmpfile,lib/sh/shquote,0.4428910414812079
lib/sh/tmpfile,lib/termcap/termcap,0.43368786371443335
lib/sh/tmpfile,shell,0.43368786371443335
lib/sh/tmpfile,variables,0.4428910414812079
lib/sh/tmpfile,xmalloc,0.43828414449455183
lib/sh/tmpfile,y.tab,0.43368786371443335
lib/sh/uconvert,bashtypes,0.43368786371443335
lib/sh/uconvert,builtins,0.43368786371443335
lib/sh/uconvert,config,0.4428910414812079
lib/sh/uconvert,include/chartypes,0.4428910414812079
lib/sh/uconvert,shell,0.43368786371443335
lib/sh/ufuncs,bashtypes,0.43368786371443335
lib/sh/ufuncs,config,0.4567676902212445
lib/sh/unicode,bashansi,0.43368786371443335
lib/sh/unicode,config-bot,0.43368786371443335
lib/sh/unicode,config,0.4753710573255936
lib/sh/unicode,include/stdc,0.43368786371443335
lib/sh/unicode,lib/readline/xmalloc,0.43368786371443335
lib/sh/unicode,lib/termcap/termcap,0.43368786371443335
lib/sh/vprint,config,0.43368786371443335
lib/sh/wcsdup,config-bot,0.43368786371443335
lib/sh/wcsdup,config,0.43828414449455183
lib/sh/wcswidth,config-bot,0.43368786371443335
lib/sh/wcswidth,config,0.43828414449455183
lib/sh/winsize,bashtypes,0.43368786371443335
lib/sh/winsize,config,0.4567676902212445
lib/sh/winsize,include/stdc,0.43368786371443335
lib/sh/zcatfd,config,0.43828414449455183
lib/sh/zcatfd,include/stdc,0.43368786371443335
lib/sh/zgetline,config,0.43828414449455183
lib/sh/zgetline,lib/readline/xmalloc,0.43828414449455183
lib/sh/zmapfd,bashansi,0.43368786371443335
lib/sh/zmapfd,command,0.43368786371443335
lib/sh/zmapfd,config,0.43828414449455183
lib/sh/zmapfd,general,0.4428910414812079
lib/sh/zmapfd,lib/intl/localcharset,0.43828414449455183
lib/sh/zmapfd,lib/malloc/malloc,0.43828414449455183
lib/sh/zmapfd,lib/readline/ansi_stdlib,0.43828414449455183
lib/sh/zmapfd,lib/termcap/termcap,0.43828414449455183
lib/sh/zmapfd,xmalloc,0.4428910414812079
lib/sh/zmapfd,y.tab,0.43828414449455183
lib/sh/zread,config,0.43828414449455183
lib/sh/zread,lib/termcap/termcap,0.43368786371443335
lib/sh/zwrite,config,0.43828414449455183
lib/termcap/termcap,lib/termcap/ltcap,0.43368786371443335
lib/termcap/tparam,lib/termcap/ltcap,0.43368786371443335
lib/tilde/shell,lib/readline/ansi_stdlib,0.43828414449455183
lib/tilde/shell,lib/tilde/tilde,0.43828414449455183
lib/tilde/tilde,lib/readline/ansi_stdlib,0.43368786371443335
lib/tilde/tilde,lib/readline/histlib,0.43368786371443335
lib/tilde/tilde,lib/readline/xmalloc,0.5127316388331388
lib/tilde/tilde,lib/sh/shquote,0.49871566337235207
lib/tilde/tilde,lib/termcap/termcap,0.49871566337235207
lib/tilde/tilde,lib/termcap/tparam,0.49871566337235207
lib/tilde/tilde,support/printenv,0.43828414449455183
list,config,0.43828414449455183
list,general,0.5080607827576635
list,shell,0.43368786371443335
locale,bashansi,0.43368786371443335
locale,bashintl,0.45213359482895965
locale,bashtypes,0.43368786371443335
locale,config,0.46140928091795497
locale,error,0.4475077840490542
locale,externs,0.43368786371443335
locale,general,0.46140928091795497
locale,include/chartypes,0.43368786371443335
locale,input,0.43828414449455183
locale,lib/termcap/termcap,0.43368786371443335
locale,shell,0.43368786371443335
locale,support/printenv,0.49871566337235207
locale,syntax,0.4847017060727033
locale,variables,0.4800346407191987
locale,xmalloc,0.526727621076589
locale,y.tab,0.4660575724334529
mailcheck,bashansi,0.43368786371443335
mailcheck,bashintl,0.4475077840490542
mailcheck,bashtypes,0.43368786371443335
mailcheck,config,0.46140928091795497
mailcheck,execute_cmd,0.43368786371443335
mailcheck,externs,0.43368786371443335
mailcheck,general,0.46140928091795497
mailcheck,include/posixstat,0.43368786371443335
mailcheck,include/posixtime,0.43368786371443335
mailcheck,lib/termcap/termcap,0.43368786371443335
mailcheck,lib/tilde/tilde,0.43368786371443335
mailcheck,shell,0.4660575724334529
mailcheck,subst,0.4428910414812079
mailcheck,support/printenv,0.4567676902212445
mailcheck,variables,0.4800346407191987
mailcheck,xmalloc,0.46140928091795497
mailcheck,y.tab,0.4893714412086607
make_cmd,bashansi,0.43368786371443335
make_cmd,bashintl,0.46140928091795497
make_cmd,bashtypes,0.43368786371443335
make_cmd,builtins/mkbuiltins,0.43368786371443335
make_cmd,command,0.9999498996542252
make_cmd,config,0.49404303208707173
make_cmd,dispose_cmd,0.4428910414812079
make_cmd,error,0.4660575724334529
make_cmd,externs,0.4567676902212445
make_cmd,flags,0.43828414449455183
make_cmd,general,0.49871566337235207
make_cmd,include/ansi_stdlib,0.43368786371443335
make_cmd,include/filecntl,0.43368786371443335
make_cmd,include/ocache,0.526727621076589
make_cmd,include/shmbchar,0.4428910414812079
make_cmd,include/shmbutil,0.4428910414812079
make_cmd,input,0.43828414449455183
make_cmd,parser,0.4475077840490542
make_cmd,subst,0.6856610566625214
make_cmd,support/printenv,0.4753710573255936
make_cmd,syntax,0.43368786371443335
make_cmd,variables,0.47071176564257505
make_cmd,xmalloc,0.5729577203105619
make_cmd,y.tab,0.9384189487572974
make_cmd,include/stdc,0.43368786371443335
mksyntax,bashansi,0.43368786371443335
mksyntax,config,0.45213359482895965
mksyntax,include/ansi_stdlib,0.4428910414812079
mksyntax,include/chartypes,0.43828414449455183
mksyntax,syntax,0.6397555965359274
nojobs,bashintl,0.4428910414812079
nojobs,bashtypes,0.43368786371443335
nojobs,builtins/builtext,0.43828414449455183
nojobs,command,0.43368786371443335
nojobs,config-top,0.4475077840490542
nojobs,config,0.526727621076589
nojobs,error,0.4567676902212445
nojobs,execute_cmd,0.4428910414812079
nojobs,externs,0.4428910414812079
nojobs,general,0.43368786371443335
nojobs,include/filecntl,0.43368786371443335
nojobs,include/posixjmp,0.43368786371443335
nojobs,include/posixwait,0.4800346407191987
nojobs,include/shtty,0.4475077840490542
nojobs,input,0.45213359482895965
nojobs,jobs,0.5080607827576635
nojobs,quit,0.5499504998388604
nojobs,shell,0.4428910414812079
nojobs,sig,0.5911437201274378
nojobs,siglist,0.43368786371443335
nojobs,trap,0.43368786371443335
nojobs,xmalloc,0.43368786371443335
nojobs,y.tab,0.43368786371443335
parser,command,0.43368786371443335
parser,input,0.43368786371443335
pathexp,bashansi,0.43368786371443335
pathexp,bashintl,0.43368786371443335
pathexp,bashtypes,0.43368786371443335
pathexp,config-bot,0.43368786371443335
pathexp,config,0.4475077840490542
pathexp,externs,0.4428910414812079
pathexp,flags,0.43368786371443335
pathexp,general,0.4475077840490542
pathexp,include/shmbchar,0.4428910414812079
pathexp,include/shmbutil,0.45213359482895965
pathexp,lib/glob/glob,0.4428910414812079
pathexp,lib/glob/strmatch,0.43828414449455183
pathexp,lib/termcap/termcap,0.43368786371443335
pathexp,shell,0.4475077840490542
pathexp,subst,0.6651774977042115
pathexp,support/printenv,0.4567676902212445
pathexp,variables,0.4475077840490542
pathexp,xmalloc,0.45213359482895965
pathexp,y.tab,0.4660575724334529
pcomplete,array,0.46140928091795497
pcomplete,arrayfunc,0.4428910414812079
pcomplete,bashansi,0.43368786371443335
pcomplete,bashintl,0.43828414449455183
pcomplete,bashtypes,0.43368786371443335
pcomplete,builtins,0.54532003768332
pcomplete,builtins/common,0.4428910414812079
pcomplete,command,0.7567701628371469
pcomplete,config-bot,0.43368786371443335
pcomplete,config,0.4893714412086607
pcomplete,dispose_cmd,0.46140928091795497
pcomplete,error,0.43828414449455183
pcomplete,execute_cmd,0.43828414449455183
pcomplete,externs,0.9915174983259126
pcomplete,general,0.5127316388331388
pcomplete,include/posixstat,0.43368786371443335
pcomplete,lib/glob/glob,0.43828414449455183
pcomplete,lib/glob/strmatch,0.43828414449455183
pcomplete,lib/readline/compat,0.45213359482895965
pcomplete,lib/readline/complete,0.47071176564257505
pcomplete,lib/readline/display,0.43368786371443335
pcomplete,lib/readline/readline,0.5127316388331388
pcomplete,lib/readline/rlconf,0.43368786371443335
pcomplete,make_cmd,0.4660575724334529
pcomplete,pathexp,0.45213359482895965
pcomplete,shell,0.4660575724334529
pcomplete,subst,0.45213359482895965
pcomplete,support/printenv,0.5313847165451066
pcomplete,unwind_prot,0.45213359482895965
pcomplete,variables,0.7244867979042667
pcomplete,xmalloc,0.50338851900222
pcomplete,y.tab,0.49871566337235207
pcomplete,hashlib,0.4428910414812079
pcomplete,include/stdc,0.43368786371443335
pcomplib,bashansi,0.43368786371443335
pcomplib,bashintl,0.43828414449455183
pcomplib,config,0.4428910414812079
pcomplib,error,0.43368786371443335
pcomplib,general,0.4660575724334529
pcomplib,hashlib,0.5499504998388604
pcomplib,pcomplete,0.8161073814066292
pcomplib,shell,0.43368786371443335
pcomplib,support/printenv,0.5127316388331388
pcomplib,xmalloc,0.5220658702054061
pcomplib,y.tab,0.4800346407191987
print_cmd,bashansi,0.43368786371443335
print_cmd,bashintl,0.4567676902212445
print_cmd,builtins/common,0.43368786371443335
print_cmd,command,0.9993638051814949
print_cmd,config-bot,0.45213359482895965
print_cmd,config,0.5080607827576635
print_cmd,dispose_cmd,0.4475077840490542
print_cmd,error,0.45213359482895965
print_cmd,execute_cmd,0.43368786371443335
print_cmd,externs,0.49871566337235207
print_cmd,flags,0.45213359482895965
print_cmd,general,0.46140928091795497
print_cmd,include/shmbchar,0.4567676902212445
print_cmd,include/shmbutil,0.43828414449455183
print_cmd,include/stdc,0.43828414449455183
print_cmd,lib/sh/strnlen,0.43368786371443335
print_cmd,shell,0.43368786371443335
print_cmd,subst,0.43368786371443335
print_cmd,support/printenv,0.4428910414812079
print_cmd,unwind_prot,0.43828414449455183
print_cmd,variables,0.43828414449455183
print_cmd,xmalloc,0.4428910414812079
print_cmd,y.tab,0.4660575724334529
redir,bashansi,0.43368786371443335
redir,bashintl,0.4800346407191987
redir,bashtypes,0.43368786371443335
redir,command,0.9978591573739661
redir,config-bot,0.43368786371443335
redir,config-top,0.4753710573255936
redir,config,0.49871566337235207
redir,dispose_cmd,0.46140928091795497
redir,error,0.4753710573255936
redir,flags,0.4428910414812079
redir,general,0.47071176564257505
redir,include/filecntl,0.4660575724334529
redir,include/memalloc,0.43368786371443335
redir,include/posixstat,0.43368786371443335
redir,input,0.4800346407191987
redir,lib/sh/dprintf,0.43368786371443335
redir,make_cmd,0.4893714412086607
redir,shell,0.4893714412086607
redir,subst,0.45213359482895965
redir,support/printenv,0.4567676902212445
redir,variables,0.49404303208707173
redir,xmalloc,0.43828414449455183
redir,y.tab,0.4800346407191987
redir,include/stdc,0.43368786371443335
shell,bashansi,0.43368786371443335
shell,bashintl,0.5080607827576635
shell,bashjmp,0.4847017060727033
shell,bashtypes,0.43368786371443335
shell,builtins,0.4893714412086607
shell,command,0.54532003768332
shell,config-bot,0.4428910414812079
shell,config-top,0.4893714412086607
shell,config,0.5775247771717293
shell,conftypes,0.43368786371443335
shell,include/ansi_stdlib,0.50338851900222
shell,include/filecntl,0.4428910414812079
shell,include/posixjmp,0.43368786371443335
shell,include/posixstat,0.43368786371443335
shell,include/posixtime,0.43368786371443335
shell,input,0.4847017060727033
shell,lib/glob/strmatch,0.43368786371443335
shell,lib/readline/complete,0.43368786371443335
shell,lib/readline/histlib,0.43828414449455183
shell,lib/readline/shell,0.43368786371443335
shell,lib/readline/tilde,0.43368786371443335
shell,lib/sh/setlinebuf,0.43828414449455183
shell,lib/sh/strstr,0.43368786371443335
shell,lib/termcap/termcap,0.4660575724334529
shell,lib/tilde/shell,0.43828414449455183
shell,lib/tilde/tilde,0.43828414449455183
shell,make_cmd,0.4475077840490542
shell,pathnames,0.45213359482895965
shell,sig,0.4800346407191987
shell,subst,0.9144092561980184
shell,support/printenv,0.5866185070619989
shell,test,0.4753710573255936
shell,trap,0.47071176564257505
shell,variables,0.8270640025044353
shell,xmalloc,0.5820786176415951
shell,y.tab,0.8897633854198164
shell,include/maxpath,0.43368786371443335
shell,include/ocache,0.43368786371443335
shell,quit,0.43368786371443335
shell,syntax,0.43368786371443335
shell,unwind_prot,0.43368786371443335
sig,bashhist,0.43828414449455183
sig,bashintl,0.43368786371443335
sig,bashjmp,0.43828414449455183
sig,bashline,0.43828414449455183
sig,bashtypes,0.43368786371443335
sig,config,0.5775247771717293
sig,externs,0.43368786371443335
sig,include/posixjmp,0.43368786371443335
sig,lib/intl/eval-plural,0.43368786371443335
sig,quit,0.43828414449455183
sig,siglist,0.43368786371443335
sig,subst,0.47071176564257505
sig,trap,0.7669426895262795
sig,unwind_prot,0.4567676902212445
sig,include/stdc,0.43368786371443335
siglist,bashintl,0.5911437201274378
siglist,bashtypes,0.43368786371443335
siglist,config,0.43828414449455183
siglist,xmalloc,0.43368786371443335
siglist,config-bot,0.43368786371443335
stringlib,bashansi,0.43368786371443335
stringlib,bashtypes,0.43368786371443335
stringlib,builtins/mkbuiltins,0.43368786371443335
stringlib,config,0.45213359482895965
stringlib,general,0.5545723237858121
stringlib,include/chartypes,0.43368786371443335
stringlib,lib/glob/glob,0.43828414449455183
stringlib,lib/glob/strmatch,0.4428910414812079
stringlib,lib/readline/histlib,0.43368786371443335
stringlib,lib/termcap/termcap,0.43828414449455183
stringlib,pathexp,0.43828414449455183
stringlib,shell,0.43368786371443335
stringlib,support/printenv,0.4753710573255936
stringlib,xmalloc,0.4800346407191987
stringlib,y.tab,0.43368786371443335
subst,bashansi,0.43368786371443335
subst,bashintl,0.5127316388331388
subst,bashjmp,0.5080607827576635
subst,bashtypes,0.43368786371443335
subst,builtins/builtext,0.43828414449455183
subst,builtins/common,0.47071176564257505
subst,builtins/getopt,0.43368786371443335
subst,builtins/mkbuiltins,0.43828414449455183
subst,command,0.9999991642220202
subst,config-bot,0.5866185070619989
subst,config-top,0.43368786371443335
subst,config,0.7533131182669922
subst,dispose_cmd,0.6090836542780964
subst,error,0.5499504998388604
subst,externs,0.7567701628371469
subst,flags,0.5174002724061559
subst,general,0.9200824388911611
subst,hashlib,0.5174002724061559
subst,include/ansi_stdlib,0.4475077840490542
subst,include/chartypes,0.50338851900222
subst,include/filecntl,0.43368786371443335
subst,include/posixstat,0.43368786371443335
subst,include/shmbchar,0.818895992595623
subst,include/shmbutil,0.837497797612816
subst,include/stdc,0.43828414449455183
subst,include/typemax,0.43368786371443335
subst,jobs,0.5174002724061559
subst,lib/glob/strmatch,0.5080607827576635
subst,lib/readline/histlib,0.45213359482895965
subst,lib/sh/strnlen,0.43368786371443335
subst,lib/termcap/termcap,0.43828414449455183
subst,lib/tilde/tilde,0.43368786371443335
subst,parser,0.5127316388331388
subst,support/printenv,0.8986018015912174
subst,syntax,0.5406817241218731
subst,trap,0.4475077840490542
subst,variables,0.9860270003268783
subst,xmalloc,0.8591141547090397
subst,y.tab,0.9291897460519204
support/bashversion,bashansi,0.43368786371443335
support/bashversion,config,0.43828414449455183
support/bashversion,conftypes,0.43828414449455183
support/bashversion,include/ansi_stdlib,0.4475077840490542
support/bashversion,include/stdc,0.43368786371443335
support/bashversion,lib/readline/histlib,0.43368786371443335
support/bashversion,version,0.43368786371443335
support/man2html,include/ansi_stdlib,0.4800346407191987
support/man2html,lib/readline/histlib,0.4567676902212445
support/man2html,lib/sh/strftime,0.43368786371443335
support/man2html,lib/sh/strstr,0.49404303208707173
support/man2html,lib/termcap/termcap,0.43828414449455183
support/man2html,support/printenv,0.5406817241218731
support/man2html,y.tab,0.5683781906166564
support/mksignames,config,0.43828414449455183
support/mksignames,include/ansi_stdlib,0.4428910414812079
support/printenv,bashansi,0.43368786371443335
support/printenv,include/ansi_stdlib,0.4428910414812079
support/recho,bashansi,0.43368786371443335
support/recho,include/ansi_stdlib,0.43368786371443335
support/signames,config,0.43828414449455183
support/signames,y.tab,0.43368786371443335
support/xcase,bashansi,0.43368786371443335
support/xcase,include/ansi_stdlib,0.4428910414812079
support/zecho,bashansi,0.43368786371443335
support/zecho,include/ansi_stdlib,0.43368786371443335
syntax,config,0.4567676902212445
syntax,include/stdc,0.43368786371443335
test,bashintl,0.4847017060727033
test,bashtypes,0.43368786371443335
test,builtins/common,0.4428910414812079
test,config,0.43368786371443335
test,externs,0.4428910414812079
test,include/filecntl,0.43368786371443335
test,include/posixjmp,0.43368786371443335
test,include/posixstat,0.43368786371443335
test,lib/glob/strmatch,0.43828414449455183
test,lib/termcap/termcap,0.4475077840490542
test,pathexp,0.4428910414812079
test,variables,0.4475077840490542
test,include/stdc,0.43368786371443335
trap,array,0.4428910414812079
trap,bashansi,0.43368786371443335
trap,bashintl,0.45213359482895965
trap,bashjmp,0.4800346407191987
trap,bashtypes,0.43368786371443335
trap,builtins,0.43368786371443335
trap,builtins/builtext,0.43828414449455183
trap,command,0.4428910414812079
trap,config,0.50338851900222
trap,error,0.4428910414812079
trap,externs,0.4428910414812079
trap,flags,0.4428910414812079
trap,general,0.45213359482895965
trap,include/posixjmp,0.4475077840490542
trap,input,0.45213359482895965
trap,lib/intl/eval-plural,0.43368786371443335
trap,lib/termcap/termcap,0.43828414449455183
trap,quit,0.43828414449455183
trap,signames,0.43368786371443335
trap,support/printenv,0.4893714412086607
trap,variables,0.4567676902212445
trap,xmalloc,0.4847017060727033
trap,y.tab,0.4800346407191987
trap,include/stdc,0.43368786371443335
unwind_prot,bashansi,0.43368786371443335
unwind_prot,bashtypes,0.43368786371443335
unwind_prot,command,0.43368786371443335
unwind_prot,config,0.4428910414812079
unwind_prot,error,0.4428910414812079
unwind_prot,general,0.49404303208707173
unwind_prot,lib/termcap/termcap,0.43828414449455183
unwind_prot,quit,0.43368786371443335
unwind_prot,xmalloc,0.43828414449455183
unwind_prot,y.tab,0.45213359482895965
variables,alias,0.4847017060727033
variables,array,0.8762605119216416
variables,assoc,0.4893714412086607
variables,bashansi,0.43368786371443335
variables,bashintl,0.4753710573255936
variables,bashjmp,0.43828414449455183
variables,bashtypes,0.43368786371443335
variables,builtins/getopt,0.4428910414812079
variables,command,0.617947464131599
variables,config,0.8075422963050782
variables,conftypes,0.45213359482895965
variables,dispose_cmd,0.46140928091795497
variables,flags,0.47071176564257505
variables,hashcmd,0.49404303208707173
variables,hashlib,0.9291897460519204
variables,include/ansi_stdlib,0.45213359482895965
variables,include/chartypes,0.43368786371443335
variables,include/posixstat,0.43368786371443335
variables,include/posixtime,0.43368786371443335
variables,input,0.43368786371443335
variables,lib/intl/eval-plural,0.45213359482895965
variables,lib/readline/complete,0.47071176564257505
variables,lib/readline/histfile,0.43368786371443335
variables,lib/readline/histlib,0.43368786371443335
variables,lib/readline/history,0.46140928091795497
variables,lib/readline/readline,0.4753710573255936
variables,lib/readline/terminal,0.43368786371443335
variables,lib/sh/strftime,0.43368786371443335
variables,lib/sh/strtod,0.43368786371443335
variables,lib/termcap/termcap,0.4660575724334529
variables,sig,0.4475077840490542
variables,support/printenv,0.7669426895262795
variables,xmalloc,0.770266979759527
variables,y.tab,0.7463005001779718
variables,include/stdc,0.43368786371443335
version,bashintl,0.4660575724334529
version,config,0.4428910414812079
version,conftypes,0.43828414449455183
version,include/stdc,0.43368786371443335
version,patchlevel,0.43828414449455183
xmalloc,bashintl,0.43828414449455183
xmalloc,bashtypes,0.43368786371443335
xmalloc,error,0.43828414449455183
xmalloc,include/ansi_stdlib,0.45213359482895965
xmalloc,bashansi,0.43368786371443335
xmalloc,include/stdc,0.43368786371443335
y.tab,bashansi,0.43368786371443335
y.tab,bashintl,0.5360363513747941
y.tab,bashjmp,0.4475077840490542
y.tab,bashtypes,0.43368786371443335
y.tab,builtins,0.4475077840490542
y.tab,builtins/builtext,0.43828414449455183
y.tab,command,0.9996565733393992
y.tab,config-bot,0.4428910414812079
y.tab,config-top,0.46140928091795497
y.tab,config,0.8075422963050782
y.tab,error,0.5313847165451066
y.tab,flags,0.47071176564257505
y.tab,include/chartypes,0.4428910414812079
y.tab,include/filecntl,0.43828414449455183
y.tab,include/maxpath,0.43368786371443335
y.tab,include/memalloc,0.43368786371443335
y.tab,include/shmbchar,0.6090836542780964
y.tab,include/shmbutil,0.43368786371443335
y.tab,lib/readline/histlib,0.4475077840490542
y.tab,lib/readline/readline,0.43828414449455183
y.tab,lib/sh/strstr,0.43368786371443335
y.tab,lib/termcap/termcap,0.4660575724334529
y.tab,parser,0.9744125480471354
y.tab,quit,0.5220658702054061
y.tab,sig,0.5775247771717293
y.tab,support/printenv,0.6310956968517237
y.tab,syntax,0.6397555965359274
y.tab,test,0.4428910414812079
y.tab,xmalloc,0.8216515576336378
