alias.c,alias.h,56.0
alias.c,bashansi.h,1.0
alias.c,builtins/mkbuiltins.c,4.0
alias.c,command.h,1.0
alias.c,config.h,9.0
alias.c,externs.h,6.0
alias.c,general.h,5.0
alias.c,hashlib.h,30.0
alias.c,include/ansi_stdlib.h,1.0
alias.c,include/chartypes.h,7.0
alias.c,lib/termcap/termcap.c,1.0
alias.c,pcomplete.h,7.0
alias.c,support/printenv.c,17.0
alias.c,xmalloc.h,17.0
alias.c,y.tab.c,7.0
alias.h,hashlib.h,2.0
alias.h,include/stdc.h,1.0
array.c,array.h,530.0
array.c,bashansi.h,1.0
array.c,builtins/common.h,1.0
array.c,command.h,20.0
array.c,config.h,3.0
array.c,externs.h,8.0
array.c,general.h,22.0
array.c,make_cmd.h,4.0
array.c,shell.h,7.0
array.c,subst.h,22.0
array.c,support/printenv.c,14.0
array.c,xmalloc.h,18.0
array.c,y.tab.c,20.0
array.h,command.h,4.0
array.h,include/stdc.h,1.0
arrayfunc.c,array.h,55.0
arrayfunc.c,arrayfunc.h,8.0
arrayfunc.c,assoc.h,10.0
arrayfunc.c,bashintl.h,9.0
arrayfunc.c,bashjmp.h,1.0
arrayfunc.c,builtins/common.h,4.0
arrayfunc.c,builtins/mkbuiltins.c,1.0
arrayfunc.c,command.h,47.0
arrayfunc.c,config.h,3.0
arrayfunc.c,dispose_cmd.h,4.0
arrayfunc.c,error.h,20.0
arrayfunc.c,externs.h,7.0
arrayfunc.c,general.h,5.0
arrayfunc.c,hashlib.h,12.0
arrayfunc.c,include/shmbchar.h,7.0
arrayfunc.c,include/shmbutil.h,3.0
arrayfunc.c,make_cmd.h,6.0
arrayfunc.c,pathexp.h,2.0
arrayfunc.c,shell.h,2.0
arrayfunc.c,sig.h,2.0
arrayfunc.c,subst.h,24.0
arrayfunc.c,support/printenv.c,9.0
arrayfunc.c,variables.h,311.0
arrayfunc.c,xmalloc.h,12.0
arrayfunc.c,y.tab.c,22.0
arrayfunc.h,array.h,5.0
arrayfunc.h,command.h,3.0
arrayfunc.h,config.h,1.0
arrayfunc.h,variables.h,22.0
assoc.c,array.h,3.0
assoc.c,assoc.h,14.0
assoc.c,bashansi.h,1.0
assoc.c,builtins/common.h,1.0
assoc.c,command.h,24.0
assoc.c,config.h,3.0
assoc.c,dispose_cmd.h,1.0
assoc.c,externs.h,7.0
assoc.c,general.h,20.0
assoc.c,hashlib.h,165.0
assoc.c,make_cmd.h,4.0
assoc.c,shell.h,7.0
assoc.c,subst.h,15.0
assoc.c,support/printenv.c,12.0
assoc.c,xmalloc.h,13.0
assoc.c,y.tab.c,18.0
assoc.h,array.h,2.0
assoc.h,command.h,2.0
assoc.h,hashlib.h,23.0
assoc.h,include/stdc.h,1.0
bashansi.h,config.h,5.0
bashhist.c,bashansi.h,1.0
bashhist.c,bashhist.h,6.0
bashhist.c,bashintl.h,2.0
bashhist.c,bashline.h,2.0
bashhist.c,bashtypes.h,1.0
bashhist.c,builtins/common.h,2.0
bashhist.c,builtins/mkbuiltins.c,1.0
bashhist.c,config.h,18.0
bashhist.c,error.h,1.0
bashhist.c,execute_cmd.c,2.0
bashhist.c,externs.h,5.0
bashhist.c,flags.h,3.0
bashhist.c,general.h,4.0
bashhist.c,include/filecntl.h,1.0
bashhist.c,include/posixstat.h,1.0
bashhist.c,input.h,4.0
bashhist.c,lib/glob/glob.h,1.0
bashhist.c,lib/glob/strmatch.h,2.0
bashhist.c,lib/readline/histexpand.c,1.0
bashhist.c,lib/readline/histfile.c,2.0
bashhist.c,lib/readline/history.c,34.0
bashhist.c,lib/readline/history.h,62.0
bashhist.c,lib/termcap/termcap.c,2.0
bashhist.c,parser.h,5.0
bashhist.c,pathexp.h,22.0
bashhist.c,shell.h,3.0
bashhist.c,support/printenv.c,5.0
bashhist.c,variables.h,11.0
bashhist.c,xmalloc.h,3.0
bashhist.c,y.tab.c,3.0
bashhist.h,config.h,1.0
bashhist.h,include/stdc.h,1.0
bashintl.h,config.h,3.0
bashintl.h,include/gettext.h,1.0
bashjmp.h,include/posixjmp.h,5.0
bashline.c,alias.h,9.0
bashline.c,bashansi.h,1.0
bashline.c,bashhist.h,10.0
bashline.c,bashintl.h,5.0
bashline.c,bashline.h,1.0
bashline.c,bashtypes.h,1.0
bashline.c,builtins.h,17.0
bashline.c,builtins/common.h,10.0
bashline.c,builtins/mkbuiltins.c,17.0
bashline.c,command.h,3.0
bashline.c,config.h,41.0
bashline.c,dispose_cmd.h,2.0
bashline.c,error.h,1.0
bashline.c,execute_cmd.h,1.0
bashline.c,externs.h,36.0
bashline.c,findcmd.h,4.0
bashline.c,general.h,58.0
bashline.c,include/ansi_stdlib.h,1.0
bashline.c,include/chartypes.h,2.0
bashline.c,include/posixstat.h,1.0
bashline.c,include/shmbchar.h,50.0
bashline.c,include/shmbutil.h,10.0
bashline.c,input.h,1.0
bashline.c,lib/glob/glob.h,6.0
bashline.c,lib/readline/bind.c,33.0
bashline.c,lib/readline/compat.c,15.0
bashline.c,lib/readline/complete.c,54.0
bashline.c,lib/readline/display.c,6.0
bashline.c,lib/readline/emacs_keymap.c,25.0
bashline.c,lib/readline/histexpand.c,1.0
bashline.c,lib/readline/histlib.h,2.0
bashline.c,lib/readline/history.c,4.0
bashline.c,lib/readline/history.h,7.0
bashline.c,lib/readline/input.c,1.0
bashline.c,lib/readline/keymaps.c,1.0
bashline.c,lib/readline/keymaps.h,37.0
bashline.c,lib/readline/kill.c,2.0
bashline.c,lib/readline/misc.c,1.0
bashline.c,lib/readline/readline.c,165.0
bashline.c,lib/readline/readline.h,272.0
bashline.c,lib/readline/rlconf.h,7.0
bashline.c,lib/readline/rltty.c,4.0
bashline.c,lib/readline/rltypedefs.h,7.0
bashline.c,lib/readline/text.c,5.0
bashline.c,lib/termcap/termcap.c,7.0
bashline.c,pathexp.h,21.0
bashline.c,pathnames.h,1.0
bashline.c,pcomplete.h,8.0
bashline.c,shell.h,7.0
bashline.c,subst.h,26.0
bashline.c,support/printenv.c,109.0
bashline.c,syntax.h,28.0
bashline.c,variables.h,30.0
bashline.c,xmalloc.h,85.0
bashline.c,y.tab.c,72.0
bashline.h,include/stdc.h,1.0
bashtypes.h,config.h,2.0
bracecomp.c,bashansi.h,1.0
bracecomp.c,config.h,4.0
bracecomp.c,externs.h,5.0
bracecomp.c,general.h,1.0
bracecomp.c,include/ansi_stdlib.h,1.0
bracecomp.c,include/shmbchar.h,6.0
bracecomp.c,include/shmbutil.h,1.0
bracecomp.c,lib/readline/compat.c,2.0
bracecomp.c,lib/readline/complete.c,12.0
bracecomp.c,lib/readline/readline.h,12.0
bracecomp.c,lib/readline/rltypedefs.h,3.0
bracecomp.c,lib/termcap/termcap.c,1.0
bracecomp.c,shell.h,1.0
bracecomp.c,support/printenv.c,7.0
bracecomp.c,xmalloc.h,7.0
bracecomp.c,y.tab.c,5.0
braces.c,bashansi.h,1.0
braces.c,config.h,3.0
braces.c,general.h,3.0
braces.c,include/chartypes.h,9.0
braces.c,include/shmbchar.h,9.0
braces.c,include/shmbutil.h,8.0
braces.c,lib/sh/strstr.c,1.0
braces.c,support/printenv.c,6.0
braces.c,xmalloc.h,9.0
braces.c,y.tab.c,12.0
builtins.h,alias.h,1.0
builtins.h,command.h,1.0
builtins.h,config.h,3.0
builtins.h,general.h,2.0
builtins/bashgetopt.c,bashansi.h,1.0
builtins/bashgetopt.c,builtins/common.h,4.0
builtins/bashgetopt.c,command.h,72.0
builtins/bashgetopt.c,config.h,2.0
builtins/bashgetopt.c,general.h,1.0
builtins/bashgetopt.c,include/chartypes.h,2.0
builtins/bashgetopt.c,lib/readline/histlib.h,1.0
builtins/bashgetopt.c,shell.h,1.0
builtins/bashgetopt.h,command.h,3.0
builtins/bashgetopt.h,include/stdc.h,1.0
builtins/builtext.h,command.h,56.0
builtins/builtext.h,config-top.h,2.0
builtins/builtext.h,config.h,13.0
builtins/builtins.c,bashintl.h,143.0
builtins/builtins.c,builtins.h,182.0
builtins/builtins.c,builtins/builtext.h,57.0
builtins/builtins.c,config-top.h,4.0
builtins/builtins.c,config.h,97.0
builtins/builtins.c,general.h,16.0
builtins/common.c,bashansi.h,1.0
builtins/common.c,bashhist.h,1.0
builtins/common.c,bashintl.h,30.0
builtins/common.c,bashjmp.h,2.0
builtins/common.c,bashtypes.h,1.0
builtins/common.c,builtins.h,38.0
builtins/common.c,builtins/bashgetopt.h,3.0
builtins/common.c,builtins/builtext.h,3.0
builtins/common.c,builtins/common.h,12.0
builtins/common.c,command.h,57.0
builtins/common.c,config-bot.h,3.0
builtins/common.c,config.h,5.0
builtins/common.c,dispose_cmd.h,1.0
builtins/common.c,error.h,2.0
builtins/common.c,execute_cmd.h,2.0
builtins/common.c,externs.h,2.0
builtins/common.c,flags.h,2.0
builtins/common.c,general.h,21.0
builtins/common.c,include/ansi_stdlib.h,1.0
builtins/common.c,include/chartypes.h,1.0
builtins/common.c,include/maxpath.h,1.0
builtins/common.c,include/posixstat.h,1.0
builtins/common.c,include/stdc.h,2.0
builtins/common.c,input.h,1.0
builtins/common.c,jobs.h,1.0
builtins/common.c,lib/termcap/termcap.c,2.0
builtins/common.c,lib/tilde/tilde.h,1.0
builtins/common.c,shell.h,8.0
builtins/common.c,sig.h,5.0
builtins/common.c,support/printenv.c,11.0
builtins/common.c,trap.h,7.0
builtins/common.c,variables.h,5.0
builtins/common.c,xmalloc.h,6.0
builtins/common.c,y.tab.c,3.0
builtins/common.h,command.h,9.0
builtins/common.h,general.h,3.0
builtins/common.h,include/stdc.h,1.0
builtins/common.h,variables.h,1.0
builtins/evalfile.c,array.h,48.0
builtins/evalfile.c,bashansi.h,1.0
builtins/evalfile.c,bashhist.h,1.0
builtins/evalfile.c,bashintl.h,6.0
builtins/evalfile.c,bashjmp.h,8.0
builtins/evalfile.c,bashtypes.h,1.0
builtins/evalfile.c,builtins.h,1.0
builtins/evalfile.c,builtins/common.h,6.0
builtins/evalfile.c,config.h,12.0
builtins/evalfile.c,error.h,2.0
builtins/evalfile.c,execute_cmd.c,1.0
builtins/evalfile.c,execute_cmd.h,2.0
builtins/evalfile.c,externs.h,4.0
builtins/evalfile.c,flags.h,1.0
builtins/evalfile.c,general.h,3.0
builtins/evalfile.c,include/filecntl.h,1.0
builtins/evalfile.c,include/posixjmp.h,3.0
builtins/evalfile.c,include/posixstat.h,1.0
builtins/evalfile.c,include/typemax.h,1.0
builtins/evalfile.c,input.h,1.0
builtins/evalfile.c,jobs.h,1.0
builtins/evalfile.c,shell.h,16.0
builtins/evalfile.c,sig.h,1.0
builtins/evalfile.c,support/printenv.c,1.0
builtins/evalfile.c,trap.h,2.0
builtins/evalfile.c,unwind_prot.h,14.0
builtins/evalfile.c,variables.h,42.0
builtins/evalfile.c,xmalloc.h,1.0
builtins/evalfile.c,y.tab.c,6.0
builtins/evalstring.c,bashansi.h,1.0
builtins/evalstring.c,bashhist.h,8.0
builtins/evalstring.c,bashintl.h,1.0
builtins/evalstring.c,bashjmp.h,14.0
builtins/evalstring.c,builtins.h,1.0
builtins/evalstring.c,builtins/builtext.h,3.0
builtins/evalstring.c,builtins/common.h,11.0
builtins/evalstring.c,command.h,68.0
builtins/evalstring.c,config-top.h,1.0
builtins/evalstring.c,config.h,7.0
builtins/evalstring.c,dispose_cmd.h,5.0
builtins/evalstring.c,error.h,3.0
builtins/evalstring.c,execute_cmd.c,1.0
builtins/evalstring.c,execute_cmd.h,5.0
builtins/evalstring.c,externs.h,6.0
builtins/evalstring.c,flags.h,4.0
builtins/evalstring.c,general.h,1.0
builtins/evalstring.c,include/filecntl.h,1.0
builtins/evalstring.c,input.h,24.0
builtins/evalstring.c,jobs.h,2.0
builtins/evalstring.c,quit.h,2.0
builtins/evalstring.c,redir.h,3.0
builtins/evalstring.c,shell.h,27.0
builtins/evalstring.c,sig.h,3.0
builtins/evalstring.c,trap.h,4.0
builtins/evalstring.c,unwind_prot.h,46.0
builtins/evalstring.c,xmalloc.h,1.0
builtins/evalstring.c,y.tab.c,2.0
builtins/evalstring.c,y.tab.h,2.0
builtins/getopt.c,bashintl.h,5.0
builtins/getopt.c,builtins/getopt.h,1.0
builtins/getopt.c,config.h,2.0
builtins/getopt.c,include/memalloc.h,1.0
builtins/getopt.c,lib/readline/histlib.h,1.0
builtins/getopt.c,shell.h,1.0
builtins/getopt.h,include/stdc.h,1.0
builtins/mkbuiltins.c,bashansi.h,1.0
builtins/mkbuiltins.c,bashtypes.h,1.0
builtins/mkbuiltins.c,config.h,5.0
builtins/mkbuiltins.c,execute_cmd.c,1.0
builtins/mkbuiltins.c,include/ansi_stdlib.h,7.0
builtins/mkbuiltins.c,include/filecntl.h,1.0
builtins/mkbuiltins.c,include/posixstat.h,1.0
builtins/mkbuiltins.c,include/stdc.h,1.0
builtins/mkbuiltins.c,lib/intl/eval-plural.h,1.0
builtins/mkbuiltins.c,lib/termcap/termcap.c,10.0
builtins/mkbuiltins.c,support/printenv.c,19.0
builtins/mkbuiltins.c,y.tab.c,19.0
builtins/psize.c,bashtypes.h,1.0
builtins/psize.c,command.h,1.0
builtins/psize.c,config.h,3.0
builtins/psize.c,general.h,1.0
builtins/psize.c,include/ansi_stdlib.h,1.0
builtins/psize.c,sig.h,2.0
command.h,config.h,3.0
command.h,include/stdc.h,1.0
config-bot.h,config-top.h,1.0
config-bot.h,config.h,47.0
config.h,config-bot.h,1.0
config.h,config-top.h,1.0
copy_cmd.c,bashtypes.h,1.0
copy_cmd.c,command.h,385.0
copy_cmd.c,config.h,12.0
copy_cmd.c,externs.h,3.0
copy_cmd.c,general.h,7.0
copy_cmd.c,make_cmd.h,2.0
copy_cmd.c,shell.h,1.0
copy_cmd.c,support/printenv.c,6.0
copy_cmd.c,xmalloc.h,22.0
dispose_cmd.c,bashansi.h,1.0
dispose_cmd.c,bashtypes.h,1.0
dispose_cmd.c,command.h,158.0
dispose_cmd.c,config.h,8.0
dispose_cmd.c,error.h,1.0
dispose_cmd.c,general.h,2.0
dispose_cmd.c,include/ocache.h,23.0
dispose_cmd.c,shell.h,1.0
dispose_cmd.c,xmalloc.h,3.0
dispose_cmd.c,y.tab.c,20.0
dispose_cmd.h,command.h,8.0
dispose_cmd.h,config.h,1.0
dispose_cmd.h,include/stdc.h,1.0
error.c,array.h,3.0
error.c,bashansi.h,1.0
error.c,bashhist.h,3.0
error.c,bashintl.h,17.0
error.c,bashtypes.h,1.0
error.c,command.h,4.0
error.c,config-bot.h,8.0
error.c,config.h,8.0
error.c,externs.h,3.0
error.c,flags.h,3.0
error.c,general.h,2.0
error.c,include/ansi_stdlib.h,1.0
error.c,include/stdc.h,7.0
error.c,input.h,2.0
error.c,lib/termcap/termcap.c,1.0
error.c,shell.c,1.0
error.c,shell.h,5.0
error.c,variables.h,8.0
error.h,include/stdc.h,1.0
eval.c,bashansi.h,1.0
eval.c,bashhist.h,1.0
eval.c,bashintl.h,2.0
eval.c,bashjmp.h,7.0
eval.c,builtins/common.h,3.0
eval.c,command.h,15.0
eval.c,config.h,6.0
eval.c,dispose_cmd.h,3.0
eval.c,error.h,1.0
eval.c,execute_cmd.h,2.0
eval.c,externs.h,2.0
eval.c,flags.h,4.0
eval.c,include/ansi_stdlib.h,1.0
eval.c,input.h,6.0
eval.c,quit.h,8.0
eval.c,shell.h,17.0
eval.c,sig.h,14.0
eval.c,subst.h,1.0
eval.c,trap.h,3.0
eval.c,variables.h,12.0
execute_cmd.c,alias.h,2.0
execute_cmd.c,array.h,31.0
execute_cmd.c,arrayfunc.h,3.0
execute_cmd.c,bashansi.h,1.0
execute_cmd.c,bashhist.h,2.0
execute_cmd.c,bashintl.h,11.0
execute_cmd.c,bashjmp.h,18.0
execute_cmd.c,bashtypes.h,1.0
execute_cmd.c,builtins.h,10.0
execute_cmd.c,builtins/builtext.h,15.0
execute_cmd.c,builtins/common.h,8.0
execute_cmd.c,builtins/mkbuiltins.c,4.0
execute_cmd.c,command.h,887.0
execute_cmd.c,config-bot.h,1.0
execute_cmd.c,config-top.h,2.0
execute_cmd.c,config.h,100.0
execute_cmd.c,dispose_cmd.h,25.0
execute_cmd.c,error.h,18.0
execute_cmd.c,execute_cmd.h,1.0
execute_cmd.c,externs.h,43.0
execute_cmd.c,findcmd.h,4.0
execute_cmd.c,flags.h,29.0
execute_cmd.c,general.h,48.0
execute_cmd.c,hashcmd.h,1.0
execute_cmd.c,hashlib.h,3.0
execute_cmd.c,include/ansi_stdlib.h,18.0
execute_cmd.c,include/chartypes.h,2.0
execute_cmd.c,include/filecntl.h,3.0
execute_cmd.c,include/memalloc.h,1.0
execute_cmd.c,include/posixjmp.h,1.0
execute_cmd.c,include/posixstat.h,1.0
execute_cmd.c,include/posixtime.h,1.0
execute_cmd.c,input.h,1.0
execute_cmd.c,jobs.h,37.0
execute_cmd.c,lib/glob/strmatch.h,2.0
execute_cmd.c,lib/readline/histlib.h,1.0
execute_cmd.c,lib/termcap/termcap.c,2.0
execute_cmd.c,lib/tilde/tilde.h,1.0
execute_cmd.c,make_cmd.h,4.0
execute_cmd.c,pathexp.h,9.0
execute_cmd.c,quit.h,99.0
execute_cmd.c,redir.h,27.0
execute_cmd.c,shell.h,261.0
execute_cmd.c,sig.h,70.0
execute_cmd.c,subst.h,25.0
execute_cmd.c,support/printenv.c,40.0
execute_cmd.c,test.h,6.0
execute_cmd.c,trap.h,103.0
execute_cmd.c,unwind_prot.h,87.0
execute_cmd.c,variables.h,155.0
execute_cmd.c,xmalloc.h,55.0
execute_cmd.c,y.tab.c,33.0
execute_cmd.c,y.tab.h,5.0
execute_cmd.h,command.h,17.0
execute_cmd.h,config.h,1.0
execute_cmd.h,include/stdc.h,1.0
execute_cmd.h,shell.h,4.0
execute_cmd.h,variables.h,1.0
expr.c,array.h,9.0
expr.c,arrayfunc.h,5.0
expr.c,bashansi.h,1.0
expr.c,bashintl.h,22.0
expr.c,bashjmp.h,2.0
expr.c,builtins/mkbuiltins.c,5.0
expr.c,config.h,9.0
expr.c,error.h,2.0
expr.c,externs.h,5.0
expr.c,general.h,17.0
expr.c,include/chartypes.h,14.0
expr.c,include/posixjmp.h,2.0
expr.c,shell.h,3.0
expr.c,sig.h,3.0
expr.c,support/printenv.c,7.0
expr.c,variables.h,9.0
expr.c,xmalloc.h,10.0
expr.c,y.tab.c,22.0
externs.h,command.h,20.0
externs.h,config-bot.h,1.0
externs.h,config.h,29.0
externs.h,execute_cmd.c,1.0
externs.h,general.h,9.0
externs.h,include/stdc.h,1.0
externs.h,redir.c,1.0
externs.h,shell.c,1.0
externs.h,variables.c,1.0
externs.h,y.tab.c,1.0
findcmd.c,bashansi.h,1.0
findcmd.c,bashtypes.h,1.0
findcmd.c,config.h,3.0
findcmd.c,externs.h,3.0
findcmd.c,findcmd.h,1.0
findcmd.c,flags.h,2.0
findcmd.c,general.c,1.0
findcmd.c,general.h,57.0
findcmd.c,hashcmd.h,4.0
findcmd.c,hashlib.h,1.0
findcmd.c,include/chartypes.h,1.0
findcmd.c,include/filecntl.h,1.0
findcmd.c,include/memalloc.h,1.0
findcmd.c,include/posixstat.h,2.0
findcmd.c,pathexp.h,1.0
findcmd.c,quit.h,4.0
findcmd.c,shell.h,5.0
findcmd.c,sig.h,2.0
findcmd.c,support/printenv.c,14.0
findcmd.c,variables.h,13.0
findcmd.c,xmalloc.h,12.0
findcmd.c,y.tab.c,12.0
findcmd.h,include/stdc.h,1.0
flags.c,bashhist.h,2.0
flags.c,config.h,16.0
flags.c,externs.h,2.0
flags.c,flags.h,23.0
flags.c,shell.h,2.0
flags.c,xmalloc.h,1.0
flags.h,config.h,3.0
flags.h,include/stdc.h,1.0
general.c,arrayfunc.h,1.0
general.c,bashansi.h,1.0
general.c,bashintl.h,4.0
general.c,bashtypes.h,1.0
general.c,builtins/mkbuiltins.c,2.0
general.c,command.h,8.0
general.c,config.h,18.0
general.c,error.h,2.0
general.c,execute_cmd.c,4.0
general.c,externs.h,14.0
general.c,general.h,20.0
general.c,include/chartypes.h,14.0
general.c,include/filecntl.h,1.0
general.c,include/posixstat.h,1.0
general.c,lib/termcap/termcap.c,1.0
general.c,lib/tilde/tilde.h,7.0
general.c,shell.h,18.0
general.c,sig.h,6.0
general.c,support/printenv.c,14.0
general.c,syntax.h,7.0
general.c,test.h,1.0
general.c,variables.h,4.0
general.c,xmalloc.h,14.0
general.c,y.tab.c,1.0
general.h,bashtypes.h,1.0
general.h,command.h,5.0
general.h,config.h,10.0
general.h,include/chartypes.h,3.0
general.h,include/posixstat.h,1.0
general.h,include/stdc.h,1.0
general.h,xmalloc.h,1.0
hashcmd.c,bashansi.h,1.0
hashcmd.c,bashtypes.h,1.0
hashcmd.c,config.h,2.0
hashcmd.c,findcmd.h,2.0
hashcmd.c,general.c,1.0
hashcmd.c,hashcmd.h,34.0
hashcmd.c,hashlib.h,25.0
hashcmd.c,include/posixstat.h,1.0
hashcmd.c,shell.h,1.0
hashcmd.c,support/printenv.c,11.0
hashcmd.c,xmalloc.h,12.0
hashcmd.c,y.tab.c,6.0
hashcmd.h,hashlib.h,2.0
hashcmd.h,include/stdc.h,1.0
hashlib.c,bashansi.h,1.0
hashlib.c,config.h,2.0
hashlib.c,general.h,6.0
hashlib.c,hashlib.h,150.0
hashlib.c,lib/termcap/termcap.c,2.0
hashlib.c,shell.h,1.0
hashlib.c,support/printenv.c,4.0
hashlib.c,xmalloc.h,10.0
hashlib.c,y.tab.c,5.0
hashlib.h,general.h,2.0
hashlib.h,include/stdc.h,1.0
include/chartypes.h,config.h,7.0
include/chartypes.h,lib/readline/chardefs.h,1.0
include/gettext.h,config.h,1.0
include/maxpath.h,config.h,1.0
include/memalloc.h,config.h,4.0
include/posixselect.h,lib/readline/posixselect.h,2.0
include/posixwait.h,config.h,1.0
include/shmbchar.h,config-bot.h,1.0
include/shmbutil.h,config-bot.h,13.0
include/shmbutil.h,config.h,1.0
include/shmbutil.h,include/shmbchar.h,1.0
include/shmbutil.h,include/stdc.h,1.0
include/shtty.h,config.h,2.0
include/shtty.h,include/stdc.h,1.0
include/stdc.h,config-bot.h,1.0
include/stdc.h,config.h,1.0
include/systimes.h,include/stdc.h,1.0
include/typemax.h,config.h,2.0
include/typemax.h,general.h,1.0
input.c,bashansi.h,1.0
input.c,bashintl.h,4.0
input.c,bashtypes.h,1.0
input.c,command.h,1.0
input.c,config-top.h,1.0
input.c,config.h,3.0
input.c,error.h,4.0
input.c,execute_cmd.c,3.0
input.c,externs.h,6.0
input.c,general.h,2.0
input.c,include/filecntl.h,2.0
input.c,include/posixstat.h,1.0
input.c,input.h,144.0
input.c,lib/termcap/termcap.c,5.0
input.c,quit.h,13.0
input.c,xmalloc.h,4.0
input.c,y.tab.c,2.0
input.h,config-top.h,2.0
input.h,general.h,1.0
input.h,include/stdc.h,1.0
jobs.c,bashansi.h,1.0
jobs.c,bashintl.h,33.0
jobs.c,bashtypes.h,1.0
jobs.c,builtins/builtext.h,5.0
jobs.c,builtins/common.h,7.0
jobs.c,command.h,9.0
jobs.c,config-top.h,5.0
jobs.c,config.h,33.0
jobs.c,error.h,21.0
jobs.c,execute_cmd.c,2.0
jobs.c,execute_cmd.h,3.0
jobs.c,externs.h,7.0
jobs.c,flags.h,7.0
jobs.c,general.h,15.0
jobs.c,include/ansi_stdlib.h,1.0
jobs.c,include/filecntl.h,2.0
jobs.c,include/posixjmp.h,1.0
jobs.c,include/posixtime.h,1.0
jobs.c,include/posixwait.h,20.0
jobs.c,include/shtty.h,8.0
jobs.c,input.h,5.0
jobs.c,jobs.h,884.0
jobs.c,lib/intl/eval-plural.h,7.0
jobs.c,lib/readline/rldefs.h,6.0
jobs.c,lib/sh/dprintf.c,1.0
jobs.c,lib/termcap/termcap.c,4.0
jobs.c,quit.h,32.0
jobs.c,shell.h,30.0
jobs.c,sig.h,78.0
jobs.c,siglist.c,1.0
jobs.c,support/printenv.c,9.0
jobs.c,test.c,1.0
jobs.c,trap.c,7.0
jobs.c,trap.h,19.0
jobs.c,unwind_prot.h,24.0
jobs.c,variables.h,3.0
jobs.c,xmalloc.h,17.0
jobs.c,y.tab.c,9.0
jobs.h,command.h,1.0
jobs.h,config.h,1.0
jobs.h,include/posixwait.h,2.0
jobs.h,include/stdc.h,1.0
jobs.h,quit.h,1.0
jobs.h,siglist.h,1.0
lib/glob/collsyms.h,lib/glob/glob.c,191.0
lib/glob/collsyms.h,lib/glob/smatch.c,199.0
lib/glob/glob.c,bashansi.h,1.0
lib/glob/glob.c,bashtypes.h,1.0
lib/glob/glob.c,config-bot.h,7.0
lib/glob/glob.c,config.h,5.0
lib/glob/glob.c,externs.h,3.0
lib/glob/glob.c,general.h,4.0
lib/glob/glob.c,include/filecntl.h,1.0
lib/glob/glob.c,include/memalloc.h,1.0
lib/glob/glob.c,include/shmbchar.h,11.0
lib/glob/glob.c,include/shmbutil.h,5.0
lib/glob/glob.c,include/stdc.h,1.0
lib/glob/glob.c,lib/glob/glob.h,35.0
lib/glob/glob.c,lib/glob/glob_loop.c,2.0
lib/glob/glob.c,lib/glob/ndir.h,1.0
lib/glob/glob.c,lib/glob/strmatch.h,2.0
lib/glob/glob.c,lib/intl/dcigettext.c,3.0
lib/glob/glob.c,lib/intl/localcharset.c,53.0
lib/glob/glob.c,lib/malloc/malloc.c,53.0
lib/glob/glob.c,lib/readline/ansi_stdlib.h,53.0
lib/glob/glob.c,lib/readline/posixdir.h,5.0
lib/glob/glob.c,lib/readline/posixstat.h,1.0
lib/glob/glob.c,lib/readline/xmalloc.h,1.0
lib/glob/glob.c,lib/sh/eaccess.c,1.0
lib/glob/glob.c,lib/sh/shquote.c,9.0
lib/glob/glob.c,lib/termcap/termcap.c,62.0
lib/glob/glob.c,lib/termcap/tparam.c,28.0
lib/glob/glob.c,quit.h,10.0
lib/glob/glob.c,shell.h,1.0
lib/glob/glob.c,sig.h,2.0
lib/glob/glob.c,test.c,1.0
lib/glob/glob.c,y.tab.c,50.0
lib/glob/glob.h,include/stdc.h,1.0
lib/glob/gmisc.c,bashansi.h,1.0
lib/glob/gmisc.c,bashtypes.h,1.0
lib/glob/gmisc.c,config-bot.h,1.0
lib/glob/gmisc.c,config.h,2.0
lib/glob/gmisc.c,include/shmbutil.h,1.0
lib/glob/gmisc.c,include/stdc.h,1.0
lib/glob/smatch.c,bashansi.h,1.0
lib/glob/smatch.c,config-bot.h,2.0
lib/glob/smatch.c,config.h,4.0
lib/glob/smatch.c,include/chartypes.h,27.0
lib/glob/smatch.c,include/shmbchar.h,1.0
lib/glob/smatch.c,include/shmbutil.h,3.0
lib/glob/smatch.c,lib/glob/collsyms.h,8.0
lib/glob/smatch.c,lib/glob/sm_loop.c,2.0
lib/glob/smatch.c,lib/glob/strmatch.c,1.0
lib/glob/smatch.c,lib/glob/strmatch.h,1.0
lib/glob/smatch.c,lib/intl/localcharset.c,6.0
lib/glob/smatch.c,lib/malloc/malloc.c,6.0
lib/glob/smatch.c,lib/readline/ansi_stdlib.h,6.0
lib/glob/smatch.c,lib/readline/xmalloc.h,1.0
lib/glob/smatch.c,lib/termcap/termcap.c,7.0
lib/glob/smatch.c,lib/termcap/tparam.c,1.0
lib/glob/smatch.c,support/printenv.c,1.0
lib/glob/smatch.c,y.tab.c,6.0
lib/glob/strmatch.c,config-bot.h,2.0
lib/glob/strmatch.c,config.h,1.0
lib/glob/strmatch.c,include/stdc.h,1.0
lib/glob/strmatch.c,lib/glob/strmatch.h,1.0
lib/glob/strmatch.h,config-bot.h,1.0
lib/glob/strmatch.h,config.h,1.0
lib/glob/strmatch.h,include/stdc.h,1.0
lib/glob/xmbsrtowcs.c,bashansi.h,1.0
lib/glob/xmbsrtowcs.c,config-bot.h,1.0
lib/glob/xmbsrtowcs.c,config.h,3.0
lib/glob/xmbsrtowcs.c,include/shmbchar.h,3.0
lib/glob/xmbsrtowcs.c,include/shmbutil.h,2.0
lib/glob/xmbsrtowcs.c,lib/intl/localcharset.c,16.0
lib/glob/xmbsrtowcs.c,lib/malloc/malloc.c,16.0
lib/glob/xmbsrtowcs.c,lib/readline/ansi_stdlib.h,16.0
lib/glob/xmbsrtowcs.c,lib/sh/shquote.c,1.0
lib/glob/xmbsrtowcs.c,lib/termcap/termcap.c,17.0
lib/glob/xmbsrtowcs.c,lib/termcap/tparam.c,7.0
lib/glob/xmbsrtowcs.c,y.tab.c,13.0
lib/intl/bindtextdom.c,lib/intl/gettextP.h,45.0
lib/intl/bindtextdom.c,lib/intl/localcharset.c,9.0
lib/intl/bindtextdom.c,lib/sh/shquote.c,5.0
lib/intl/bindtextdom.c,lib/termcap/termcap.c,12.0
lib/intl/bindtextdom.c,lib/termcap/tparam.c,5.0
lib/intl/dcgettext.c,lib/intl/gettextP.h,2.0
lib/intl/dcigettext.c,lib/glob/glob.c,3.0
lib/intl/dcigettext.c,lib/intl/eval-plural.h,1.0
lib/intl/dcigettext.c,lib/intl/gettextP.h,57.0
lib/intl/dcigettext.c,lib/intl/gmo.h,16.0
lib/intl/dcigettext.c,lib/intl/hash-string.h,1.0
lib/intl/dcigettext.c,lib/intl/loadinfo.h,19.0
lib/intl/dcigettext.c,lib/intl/localcharset.c,2.0
lib/intl/dcigettext.c,lib/intl/plural-exp.h,2.0
lib/intl/dcigettext.c,lib/readline/histlib.h,6.0
lib/intl/dcigettext.c,lib/sh/shquote.c,5.0
lib/intl/dcigettext.c,lib/termcap/termcap.c,12.0
lib/intl/dcigettext.c,lib/termcap/tparam.c,5.0
lib/intl/dcigettext.c,redir.c,3.0
lib/intl/dcngettext.c,lib/intl/gettextP.h,2.0
lib/intl/dgettext.c,lib/intl/gettextP.h,1.0
lib/intl/dngettext.c,lib/intl/gettextP.h,1.0
lib/intl/eval-plural.h,lib/intl/dcigettext.c,2.0
lib/intl/eval-plural.h,lib/intl/gettextP.h,2.0
lib/intl/eval-plural.h,lib/intl/loadinfo.h,2.0
lib/intl/eval-plural.h,lib/intl/plural-exp.h,38.0
lib/intl/explodename.c,lib/intl/loadinfo.h,13.0
lib/intl/explodename.c,lib/intl/localcharset.c,1.0
lib/intl/explodename.c,lib/readline/histlib.h,1.0
lib/intl/explodename.c,lib/termcap/termcap.c,1.0
lib/intl/finddomain.c,lib/intl/gettextP.h,6.0
lib/intl/finddomain.c,lib/intl/loadinfo.h,25.0
lib/intl/finddomain.c,lib/intl/localcharset.c,3.0
lib/intl/finddomain.c,lib/sh/shquote.c,3.0
lib/intl/finddomain.c,lib/termcap/termcap.c,3.0
lib/intl/finddomain.c,lib/termcap/tparam.c,3.0
lib/intl/gettext.c,lib/intl/gettextP.h,1.0
lib/intl/gettextP.h,lib/intl/gmo.h,9.0
lib/intl/gettextP.h,lib/intl/loadinfo.h,12.0
lib/intl/intl-compat.c,lib/intl/gettextP.h,1.0
lib/intl/l10nflist.c,lib/intl/loadinfo.h,53.0
lib/intl/l10nflist.c,lib/intl/localcharset.c,4.0
lib/intl/l10nflist.c,lib/readline/histlib.h,1.0
lib/intl/l10nflist.c,lib/sh/shquote.c,12.0
lib/intl/l10nflist.c,lib/termcap/termcap.c,13.0
lib/intl/l10nflist.c,lib/termcap/tparam.c,12.0
lib/intl/loadmsgcat.c,lib/glob/glob.c,1.0
lib/intl/loadmsgcat.c,lib/intl/gettextP.h,96.0
lib/intl/loadmsgcat.c,lib/intl/gmo.h,94.0
lib/intl/loadmsgcat.c,lib/intl/hash-string.h,1.0
lib/intl/loadmsgcat.c,lib/intl/loadinfo.h,11.0
lib/intl/loadmsgcat.c,lib/intl/localcharset.c,8.0
lib/intl/loadmsgcat.c,lib/intl/plural-exp.h,3.0
lib/intl/loadmsgcat.c,lib/malloc/malloc.c,14.0
lib/intl/loadmsgcat.c,lib/readline/ansi_stdlib.h,14.0
lib/intl/loadmsgcat.c,lib/sh/shquote.c,2.0
lib/intl/loadmsgcat.c,lib/termcap/termcap.c,2.0
lib/intl/loadmsgcat.c,lib/termcap/tparam.c,2.0
lib/intl/loadmsgcat.c,redir.c,1.0
lib/intl/localcharset.c,lib/intl/eval-plural.h,1.0
lib/intl/localcharset.c,lib/intl/localcharset.h,1.0
lib/intl/localcharset.c,lib/sh/shquote.c,7.0
lib/intl/localcharset.c,lib/termcap/termcap.c,8.0
lib/intl/localcharset.c,lib/termcap/tparam.c,7.0
lib/intl/localealias.c,lib/glob/glob.c,1.0
lib/intl/localealias.c,lib/intl/gettextP.h,3.0
lib/intl/localealias.c,lib/intl/loadinfo.h,5.0
lib/intl/localealias.c,lib/intl/localcharset.c,2.0
lib/intl/localealias.c,lib/readline/ansi_stdlib.h,1.0
lib/intl/localealias.c,lib/readline/histlib.h,1.0
lib/intl/localealias.c,lib/sh/shquote.c,2.0
lib/intl/localealias.c,lib/termcap/termcap.c,2.0
lib/intl/localealias.c,lib/termcap/tparam.c,2.0
lib/intl/localealias.c,redir.c,1.0
lib/intl/localename.c,lib/intl/localcharset.c,3.0
lib/intl/log.c,lib/intl/localcharset.c,2.0
lib/intl/log.c,lib/sh/shquote.c,1.0
lib/intl/log.c,lib/termcap/termcap.c,2.0
lib/intl/log.c,lib/termcap/tparam.c,1.0
lib/intl/ngettext.c,lib/intl/gettextP.h,1.0
lib/intl/os2compat.c,lib/intl/localcharset.c,2.0
lib/intl/os2compat.c,lib/sh/shquote.c,4.0
lib/intl/os2compat.c,lib/termcap/termcap.c,4.0
lib/intl/os2compat.c,lib/termcap/tparam.c,4.0
lib/intl/plural-exp.c,lib/intl/loadinfo.h,1.0
lib/intl/plural-exp.c,lib/intl/plural-exp.h,28.0
lib/intl/plural-exp.c,lib/sh/strstr.c,2.0
lib/intl/plural-exp.h,lib/intl/gettextP.h,2.0
lib/intl/plural-exp.h,lib/intl/loadinfo.h,3.0
lib/intl/plural.c,lib/intl/loadinfo.h,1.0
lib/intl/plural.c,lib/intl/localcharset.c,5.0
lib/intl/plural.c,lib/intl/plural-exp.h,85.0
lib/intl/relocatable.c,lib/intl/relocatable.h,1.0
lib/intl/textdomain.c,lib/intl/gettextP.h,4.0
lib/intl/textdomain.c,lib/intl/localcharset.c,2.0
lib/intl/textdomain.c,lib/sh/shquote.c,1.0
lib/intl/textdomain.c,lib/termcap/termcap.c,3.0
lib/intl/textdomain.c,lib/termcap/tparam.c,1.0
lib/malloc/malloc.c,include/stdc.h,5.0
lib/malloc/malloc.c,lib/malloc/getpagesize.h,1.0
lib/malloc/malloc.c,lib/malloc/imalloc.h,14.0
lib/malloc/mstats.h,lib/malloc/imalloc.h,1.0
lib/malloc/stats.c,lib/malloc/imalloc.h,1.0
lib/malloc/table.c,lib/malloc/imalloc.h,1.0
lib/malloc/table.c,lib/malloc/table.h,1.0
lib/malloc/table.h,lib/malloc/imalloc.h,1.0
lib/malloc/trace.c,lib/malloc/imalloc.h,1.0
lib/malloc/watch.c,lib/malloc/imalloc.h,1.0
lib/malloc/watch.h,lib/malloc/imalloc.h,1.0
lib/malloc/xmalloc.c,lib/readline/ansi_stdlib.h,6.0
lib/readline/bind.c,builtins/mkbuiltins.c,13.0
lib/readline/bind.c,lib/readline/ansi_stdlib.h,8.0
lib/readline/bind.c,lib/readline/chardefs.h,126.0
lib/readline/bind.c,lib/readline/histlib.h,2.0
lib/readline/bind.c,lib/readline/history.h,4.0
lib/readline/bind.c,lib/readline/keymaps.h,130.0
lib/readline/bind.c,lib/readline/posixstat.h,1.0
lib/readline/bind.c,lib/readline/readline.h,55.0
lib/readline/bind.c,lib/readline/rlconf.h,11.0
lib/readline/bind.c,lib/readline/rldefs.h,59.0
lib/readline/bind.c,lib/readline/rlprivate.h,107.0
lib/readline/bind.c,lib/readline/rlshell.h,2.0
lib/readline/bind.c,lib/readline/rltypedefs.h,26.0
lib/readline/bind.c,lib/readline/tilde.h,1.0
lib/readline/bind.c,lib/readline/xmalloc.h,47.0
lib/readline/bind.c,lib/sh/shquote.c,19.0
lib/readline/bind.c,lib/termcap/termcap.c,19.0
lib/readline/bind.c,lib/termcap/tparam.c,19.0
lib/readline/bind.c,support/printenv.c,1.0
lib/readline/callback.c,lib/readline/ansi_stdlib.h,2.0
lib/readline/callback.c,lib/readline/posixjmp.h,3.0
lib/readline/callback.c,lib/readline/readline.h,63.0
lib/readline/callback.c,lib/readline/rlconf.h,6.0
lib/readline/callback.c,lib/readline/rldefs.h,1.0
lib/readline/callback.c,lib/readline/rlprivate.h,61.0
lib/readline/callback.c,lib/readline/rltypedefs.h,2.0
lib/readline/callback.c,lib/readline/xmalloc.h,3.0
lib/readline/compat.c,lib/readline/rlstdc.h,1.0
lib/readline/compat.c,lib/readline/rltypedefs.h,3.0
lib/readline/complete.c,lib/readline/ansi_stdlib.h,26.0
lib/readline/complete.c,lib/readline/chardefs.h,41.0
lib/readline/complete.c,lib/readline/histlib.h,7.0
lib/readline/complete.c,lib/readline/posixdir.h,4.0
lib/readline/complete.c,lib/readline/posixstat.h,1.0
lib/readline/complete.c,lib/readline/readline.h,179.0
lib/readline/complete.c,lib/readline/rlconf.h,7.0
lib/readline/complete.c,lib/readline/rldefs.h,8.0
lib/readline/complete.c,lib/readline/rlmbutil.h,3.0
lib/readline/complete.c,lib/readline/rlprivate.h,27.0
lib/readline/complete.c,lib/readline/rltypedefs.h,30.0
lib/readline/complete.c,lib/readline/tilde.h,4.0
lib/readline/complete.c,lib/readline/xmalloc.h,49.0
lib/readline/complete.c,lib/sh/shquote.c,34.0
lib/readline/complete.c,lib/termcap/termcap.c,34.0
lib/readline/complete.c,lib/termcap/tparam.c,34.0
lib/readline/complete.c,support/printenv.c,2.0
lib/readline/display.c,config-bot.h,1.0
lib/readline/display.c,lib/readline/ansi_stdlib.h,5.0
lib/readline/display.c,lib/readline/chardefs.h,32.0
lib/readline/display.c,lib/readline/histlib.h,1.0
lib/readline/display.c,lib/readline/history.h,2.0
lib/readline/display.c,lib/readline/posixstat.h,1.0
lib/readline/display.c,lib/readline/readline.h,50.0
lib/readline/display.c,lib/readline/rlconf.h,3.0
lib/readline/display.c,lib/readline/rldefs.h,1.0
lib/readline/display.c,lib/readline/rlmbutil.h,37.0
lib/readline/display.c,lib/readline/rlprivate.h,193.0
lib/readline/display.c,lib/readline/rltypedefs.h,1.0
lib/readline/display.c,lib/readline/tcap.h,22.0
lib/readline/display.c,lib/readline/xmalloc.h,26.0
lib/readline/display.c,lib/sh/shquote.c,16.0
lib/readline/display.c,lib/termcap/termcap.c,16.0
lib/readline/display.c,lib/termcap/tparam.c,16.0
lib/readline/emacs_keymap.c,lib/readline/keymaps.h,774.0
lib/readline/emacs_keymap.c,lib/readline/readline.h,354.0
lib/readline/emacs_keymap.c,lib/readline/rltypedefs.h,415.0
lib/readline/funmap.c,lib/readline/ansi_stdlib.h,2.0
lib/readline/funmap.c,lib/readline/readline.h,144.0
lib/readline/funmap.c,lib/readline/rlconf.h,2.0
lib/readline/funmap.c,lib/readline/rltypedefs.h,2.0
lib/readline/funmap.c,lib/readline/xmalloc.h,4.0
lib/readline/histexpand.c,builtins/mkbuiltins.c,17.0
lib/readline/histexpand.c,lib/readline/ansi_stdlib.h,7.0
lib/readline/histexpand.c,lib/readline/chardefs.h,6.0
lib/readline/histexpand.c,lib/readline/histlib.h,34.0
lib/readline/histexpand.c,lib/readline/history.h,21.0
lib/readline/histexpand.c,lib/readline/rlmbutil.h,1.0
lib/readline/histexpand.c,lib/readline/rlshell.h,2.0
lib/readline/histexpand.c,lib/readline/rltypedefs.h,1.0
lib/readline/histexpand.c,lib/readline/xmalloc.h,85.0
lib/readline/histexpand.c,lib/sh/shquote.c,36.0
lib/readline/histexpand.c,lib/termcap/termcap.c,36.0
lib/readline/histexpand.c,lib/termcap/tparam.c,36.0
lib/readline/histexpand.c,support/printenv.c,1.0
lib/readline/histfile.c,builtins/mkbuiltins.c,1.0
lib/readline/histfile.c,lib/readline/ansi_stdlib.h,12.0
lib/readline/histfile.c,lib/readline/histlib.h,3.0
lib/readline/histfile.c,lib/readline/history.h,26.0
lib/readline/histfile.c,lib/readline/posixstat.h,1.0
lib/readline/histfile.c,lib/readline/rlshell.h,2.0
lib/readline/histfile.c,lib/readline/xmalloc.h,6.0
lib/readline/histfile.c,lib/sh/shquote.c,7.0
lib/readline/histfile.c,lib/termcap/termcap.c,7.0
lib/readline/histfile.c,lib/termcap/tparam.c,7.0
lib/readline/history.c,builtins/mkbuiltins.c,6.0
lib/readline/history.c,lib/readline/ansi_stdlib.h,4.0
lib/readline/history.c,lib/readline/histlib.h,1.0
lib/readline/history.c,lib/readline/history.h,102.0
lib/readline/history.c,lib/readline/xmalloc.h,19.0
lib/readline/history.c,lib/sh/shquote.c,14.0
lib/readline/history.c,lib/termcap/termcap.c,14.0
lib/readline/history.c,lib/termcap/tparam.c,14.0
lib/readline/history.h,lib/readline/bind.c,1.0
lib/readline/history.h,lib/readline/callback.c,1.0
lib/readline/history.h,lib/readline/compat.c,1.0
lib/readline/history.h,lib/readline/complete.c,1.0
lib/readline/history.h,lib/readline/display.c,1.0
lib/readline/history.h,lib/readline/funmap.c,1.0
lib/readline/history.h,lib/readline/histexpand.c,1.0
lib/readline/history.h,lib/readline/histfile.c,1.0
lib/readline/history.h,lib/readline/history.c,1.0
lib/readline/history.h,lib/readline/histsearch.c,1.0
lib/readline/history.h,lib/readline/input.c,1.0
lib/readline/history.h,lib/readline/isearch.c,1.0
lib/readline/history.h,lib/readline/keymaps.c,1.0
lib/readline/history.h,lib/readline/kill.c,1.0
lib/readline/history.h,lib/readline/macro.c,1.0
lib/readline/history.h,lib/readline/mbutil.c,1.0
lib/readline/history.h,lib/readline/misc.c,1.0
lib/readline/history.h,lib/readline/nls.c,1.0
lib/readline/history.h,lib/readline/parens.c,1.0
lib/readline/history.h,lib/readline/readline.c,1.0
lib/readline/history.h,lib/readline/rlstdc.h,1.0
lib/readline/history.h,lib/readline/rltty.c,1.0
lib/readline/history.h,lib/readline/rltypedefs.h,2.0
lib/readline/history.h,lib/readline/savestring.c,1.0
lib/readline/history.h,lib/readline/search.c,1.0
lib/readline/history.h,lib/readline/shell.c,1.0
lib/readline/history.h,lib/readline/signals.c,1.0
lib/readline/history.h,lib/readline/terminal.c,1.0
lib/readline/history.h,lib/readline/text.c,1.0
lib/readline/history.h,lib/readline/undo.c,1.0
lib/readline/history.h,lib/readline/util.c,1.0
lib/readline/history.h,lib/readline/vi_mode.c,1.0
lib/readline/history.h,lib/readline/xfree.c,1.0
lib/readline/history.h,lib/readline/xmalloc.c,1.0
lib/readline/histsearch.c,lib/readline/ansi_stdlib.h,1.0
lib/readline/histsearch.c,lib/readline/histlib.h,11.0
lib/readline/histsearch.c,lib/readline/history.h,14.0
lib/readline/histsearch.c,lib/sh/shquote.c,2.0
lib/readline/histsearch.c,lib/termcap/termcap.c,2.0
lib/readline/histsearch.c,lib/termcap/tparam.c,2.0
lib/readline/histsearch.c,support/printenv.c,3.0
lib/readline/input.c,config.h,5.0
lib/readline/input.c,lib/readline/ansi_stdlib.h,1.0
lib/readline/input.c,lib/readline/chardefs.h,1.0
lib/readline/input.c,lib/readline/keymaps.h,3.0
lib/readline/input.c,lib/readline/posixselect.h,2.0
lib/readline/input.c,lib/readline/readline.h,27.0
lib/readline/input.c,lib/readline/rldefs.h,1.0
lib/readline/input.c,lib/readline/rlmbutil.h,1.0
lib/readline/input.c,lib/readline/rlprivate.h,21.0
lib/readline/input.c,lib/readline/rlshell.h,2.0
lib/readline/input.c,lib/readline/rltypedefs.h,3.0
lib/readline/input.c,lib/readline/xmalloc.h,3.0
lib/readline/isearch.c,lib/readline/ansi_stdlib.h,5.0
lib/readline/isearch.c,lib/readline/chardefs.h,13.0
lib/readline/isearch.c,lib/readline/histlib.h,2.0
lib/readline/isearch.c,lib/readline/history.h,7.0
lib/readline/isearch.c,lib/readline/keymaps.h,7.0
lib/readline/isearch.c,lib/readline/readline.h,68.0
lib/readline/isearch.c,lib/readline/rlconf.h,1.0
lib/readline/isearch.c,lib/readline/rldefs.h,3.0
lib/readline/isearch.c,lib/readline/rlmbutil.h,7.0
lib/readline/isearch.c,lib/readline/rlprivate.h,285.0
lib/readline/isearch.c,lib/readline/rltypedefs.h,2.0
lib/readline/isearch.c,lib/readline/xmalloc.h,12.0
lib/readline/isearch.c,lib/sh/shquote.c,5.0
lib/readline/isearch.c,lib/termcap/termcap.c,5.0
lib/readline/isearch.c,lib/termcap/tparam.c,5.0
lib/readline/isearch.c,support/printenv.c,1.0
lib/readline/keymaps.c,lib/readline/ansi_stdlib.h,1.0
lib/readline/keymaps.c,lib/readline/chardefs.h,1.0
lib/readline/keymaps.c,lib/readline/emacs_keymap.c,1.0
lib/readline/keymaps.c,lib/readline/keymaps.h,36.0
lib/readline/keymaps.c,lib/readline/readline.h,6.0
lib/readline/keymaps.c,lib/readline/rlconf.h,2.0
lib/readline/keymaps.c,lib/readline/rltypedefs.h,1.0
lib/readline/keymaps.c,lib/readline/vi_keymap.c,1.0
lib/readline/keymaps.c,lib/readline/xmalloc.h,5.0
lib/readline/keymaps.h,lib/readline/bind.c,1.0
lib/readline/keymaps.h,lib/readline/callback.c,1.0
lib/readline/keymaps.h,lib/readline/chardefs.h,1.0
lib/readline/keymaps.h,lib/readline/compat.c,1.0
lib/readline/keymaps.h,lib/readline/complete.c,1.0
lib/readline/keymaps.h,lib/readline/display.c,1.0
lib/readline/keymaps.h,lib/readline/funmap.c,1.0
lib/readline/keymaps.h,lib/readline/histexpand.c,1.0
lib/readline/keymaps.h,lib/readline/histfile.c,1.0
lib/readline/keymaps.h,lib/readline/history.c,1.0
lib/readline/keymaps.h,lib/readline/histsearch.c,1.0
lib/readline/keymaps.h,lib/readline/input.c,1.0
lib/readline/keymaps.h,lib/readline/isearch.c,1.0
lib/readline/keymaps.h,lib/readline/keymaps.c,1.0
lib/readline/keymaps.h,lib/readline/kill.c,1.0
lib/readline/keymaps.h,lib/readline/macro.c,1.0
lib/readline/keymaps.h,lib/readline/mbutil.c,1.0
lib/readline/keymaps.h,lib/readline/misc.c,1.0
lib/readline/keymaps.h,lib/readline/nls.c,1.0
lib/readline/keymaps.h,lib/readline/parens.c,1.0
lib/readline/keymaps.h,lib/readline/readline.c,1.0
lib/readline/keymaps.h,lib/readline/rlstdc.h,1.0
lib/readline/keymaps.h,lib/readline/rltty.c,1.0
lib/readline/keymaps.h,lib/readline/rltypedefs.h,2.0
lib/readline/keymaps.h,lib/readline/savestring.c,1.0
lib/readline/keymaps.h,lib/readline/search.c,1.0
lib/readline/keymaps.h,lib/readline/shell.c,1.0
lib/readline/keymaps.h,lib/readline/signals.c,1.0
lib/readline/keymaps.h,lib/readline/terminal.c,1.0
lib/readline/keymaps.h,lib/readline/text.c,1.0
lib/readline/keymaps.h,lib/readline/undo.c,1.0
lib/readline/keymaps.h,lib/readline/util.c,1.0
lib/readline/keymaps.h,lib/readline/vi_mode.c,1.0
lib/readline/keymaps.h,lib/readline/xfree.c,1.0
lib/readline/keymaps.h,lib/readline/xmalloc.c,1.0
lib/readline/kill.c,builtins/mkbuiltins.c,4.0
lib/readline/kill.c,lib/readline/ansi_stdlib.h,2.0
lib/readline/kill.c,lib/readline/history.h,8.0
lib/readline/kill.c,lib/readline/readline.h,132.0
lib/readline/kill.c,lib/readline/rlconf.h,1.0
lib/readline/kill.c,lib/readline/rldefs.h,4.0
lib/readline/kill.c,lib/readline/rlprivate.h,12.0
lib/readline/kill.c,lib/readline/xmalloc.h,8.0
lib/readline/kill.c,lib/sh/shquote.c,3.0
lib/readline/kill.c,lib/termcap/termcap.c,3.0
lib/readline/kill.c,lib/termcap/tparam.c,3.0
lib/readline/kill.c,support/printenv.c,1.0
lib/readline/macro.c,lib/readline/ansi_stdlib.h,3.0
lib/readline/macro.c,lib/readline/history.h,1.0
lib/readline/macro.c,lib/readline/readline.h,34.0
lib/readline/macro.c,lib/readline/rlconf.h,1.0
lib/readline/macro.c,lib/readline/rldefs.h,1.0
lib/readline/macro.c,lib/readline/rlprivate.h,5.0
lib/readline/macro.c,lib/readline/xmalloc.h,10.0
lib/readline/macro.c,lib/sh/shquote.c,4.0
lib/readline/macro.c,lib/termcap/termcap.c,4.0
lib/readline/macro.c,lib/termcap/tparam.c,4.0
lib/readline/mbutil.c,lib/readline/ansi_stdlib.h,1.0
lib/readline/mbutil.c,lib/readline/posixjmp.h,1.0
lib/readline/mbutil.c,lib/readline/readline.h,1.0
lib/readline/mbutil.c,lib/readline/rldefs.h,1.0
lib/readline/mbutil.c,lib/readline/rlmbutil.h,3.0
lib/readline/mbutil.c,lib/readline/rlprivate.h,1.0
lib/readline/mbutil.c,lib/readline/xmalloc.h,1.0
lib/readline/misc.c,lib/readline/ansi_stdlib.h,5.0
lib/readline/misc.c,lib/readline/chardefs.h,3.0
lib/readline/misc.c,lib/readline/history.h,53.0
lib/readline/misc.c,lib/readline/keymaps.h,5.0
lib/readline/misc.c,lib/readline/readline.h,149.0
lib/readline/misc.c,lib/readline/rlconf.h,3.0
lib/readline/misc.c,lib/readline/rldefs.h,5.0
lib/readline/misc.c,lib/readline/rlmbutil.h,1.0
lib/readline/misc.c,lib/readline/rlprivate.h,25.0
lib/readline/misc.c,lib/readline/rlshell.h,1.0
lib/readline/misc.c,lib/readline/xmalloc.h,12.0
lib/readline/misc.c,lib/sh/shquote.c,6.0
lib/readline/misc.c,lib/termcap/termcap.c,6.0
lib/readline/misc.c,lib/termcap/tparam.c,6.0
lib/readline/nls.c,lib/readline/ansi_stdlib.h,2.0
lib/readline/nls.c,lib/readline/chardefs.h,11.0
lib/readline/nls.c,lib/readline/readline.h,1.0
lib/readline/nls.c,lib/readline/rldefs.h,1.0
lib/readline/nls.c,lib/readline/rlprivate.h,4.0
lib/readline/nls.c,lib/readline/rlshell.h,4.0
lib/readline/nls.c,lib/sh/shquote.c,2.0
lib/readline/nls.c,lib/termcap/termcap.c,2.0
lib/readline/nls.c,lib/termcap/tparam.c,2.0
lib/readline/parens.c,config.h,2.0
lib/readline/parens.c,lib/readline/histlib.h,1.0
lib/readline/parens.c,lib/readline/keymaps.h,6.0
lib/readline/parens.c,lib/readline/posixselect.h,2.0
lib/readline/parens.c,lib/readline/readline.h,21.0
lib/readline/parens.c,lib/readline/rlconf.h,1.0
lib/readline/parens.c,lib/readline/rlprivate.h,3.0
lib/readline/posixdir.h,config.h,5.0
lib/readline/readline.c,lib/readline/ansi_stdlib.h,2.0
lib/readline/readline.c,lib/readline/chardefs.h,23.0
lib/readline/readline.c,lib/readline/history.h,7.0
lib/readline/readline.c,lib/readline/keymaps.h,75.0
lib/readline/readline.c,lib/readline/posixjmp.h,2.0
lib/readline/readline.c,lib/readline/posixstat.h,1.0
lib/readline/readline.c,lib/readline/readline.h,166.0
lib/readline/readline.c,lib/readline/rlconf.h,20.0
lib/readline/readline.c,lib/readline/rldefs.h,13.0
lib/readline/readline.c,lib/readline/rlmbutil.h,1.0
lib/readline/readline.c,lib/readline/rlprivate.h,91.0
lib/readline/readline.c,lib/readline/rlshell.h,2.0
lib/readline/readline.c,lib/readline/rltypedefs.h,11.0
lib/readline/readline.c,lib/readline/xmalloc.h,14.0
lib/readline/readline.c,lib/sh/shquote.c,8.0
lib/readline/readline.c,lib/termcap/termcap.c,8.0
lib/readline/readline.c,lib/termcap/tparam.c,8.0
lib/readline/readline.h,config-bot.h,2.0
lib/readline/readline.h,lib/readline/bind.c,1.0
lib/readline/readline.h,lib/readline/callback.c,1.0
lib/readline/readline.h,lib/readline/compat.c,1.0
lib/readline/readline.h,lib/readline/complete.c,1.0
lib/readline/readline.h,lib/readline/display.c,1.0
lib/readline/readline.h,lib/readline/funmap.c,1.0
lib/readline/readline.h,lib/readline/histexpand.c,1.0
lib/readline/readline.h,lib/readline/histfile.c,1.0
lib/readline/readline.h,lib/readline/history.c,1.0
lib/readline/readline.h,lib/readline/histsearch.c,1.0
lib/readline/readline.h,lib/readline/input.c,1.0
lib/readline/readline.h,lib/readline/isearch.c,1.0
lib/readline/readline.h,lib/readline/keymaps.c,1.0
lib/readline/readline.h,lib/readline/keymaps.h,27.0
lib/readline/readline.h,lib/readline/kill.c,1.0
lib/readline/readline.h,lib/readline/macro.c,1.0
lib/readline/readline.h,lib/readline/mbutil.c,1.0
lib/readline/readline.h,lib/readline/misc.c,1.0
lib/readline/readline.h,lib/readline/nls.c,1.0
lib/readline/readline.h,lib/readline/parens.c,1.0
lib/readline/readline.h,lib/readline/readline.c,1.0
lib/readline/readline.h,lib/readline/rlstdc.h,1.0
lib/readline/readline.h,lib/readline/rltty.c,1.0
lib/readline/readline.h,lib/readline/rltypedefs.h,42.0
lib/readline/readline.h,lib/readline/savestring.c,1.0
lib/readline/readline.h,lib/readline/search.c,1.0
lib/readline/readline.h,lib/readline/shell.c,1.0
lib/readline/readline.h,lib/readline/signals.c,1.0
lib/readline/readline.h,lib/readline/terminal.c,1.0
lib/readline/readline.h,lib/readline/text.c,1.0
lib/readline/readline.h,lib/readline/tilde.h,1.0
lib/readline/readline.h,lib/readline/undo.c,1.0
lib/readline/readline.h,lib/readline/util.c,1.0
lib/readline/readline.h,lib/readline/vi_mode.c,1.0
lib/readline/readline.h,lib/readline/xfree.c,1.0
lib/readline/readline.h,lib/readline/xmalloc.c,1.0
lib/readline/rldefs.h,config-bot.h,1.0
lib/readline/rldefs.h,lib/readline/rlconf.h,1.0
lib/readline/rldefs.h,lib/readline/rlstdc.h,1.0
lib/readline/rlmbutil.h,lib/readline/rlstdc.h,1.0
lib/readline/rlprivate.h,config-bot.h,2.0
lib/readline/rlprivate.h,lib/readline/keymaps.h,7.0
lib/readline/rlprivate.h,lib/readline/posixjmp.h,2.0
lib/readline/rlprivate.h,lib/readline/readline.h,5.0
lib/readline/rlprivate.h,lib/readline/rlconf.h,3.0
lib/readline/rlprivate.h,lib/readline/rldefs.h,2.0
lib/readline/rlprivate.h,lib/readline/rlstdc.h,1.0
lib/readline/rlshell.h,lib/readline/rlstdc.h,1.0
lib/readline/rltty.c,include/shtty.h,2.0
lib/readline/rltty.c,lib/readline/keymaps.h,18.0
lib/readline/rltty.c,lib/readline/readline.h,30.0
lib/readline/rltty.c,lib/readline/rlconf.h,3.0
lib/readline/rltty.c,lib/readline/rldefs.h,6.0
lib/readline/rltty.c,lib/readline/rlprivate.h,23.0
lib/readline/rltty.c,lib/readline/rltty.h,25.0
lib/readline/rltty.c,lib/readline/rltypedefs.h,4.0
lib/readline/rltty.h,include/shtty.h,1.0
lib/readline/rltty.h,lib/readline/rldefs.h,2.0
lib/readline/rltty.h,lib/readline/rlwinsize.h,1.0
lib/readline/savestring.c,config.h,2.0
lib/readline/savestring.c,lib/readline/xmalloc.h,2.0
lib/readline/savestring.c,lib/sh/shquote.c,1.0
lib/readline/savestring.c,lib/termcap/termcap.c,1.0
lib/readline/savestring.c,lib/termcap/tparam.c,1.0
lib/readline/search.c,lib/readline/ansi_stdlib.h,2.0
lib/readline/search.c,lib/readline/chardefs.h,6.0
lib/readline/search.c,lib/readline/history.h,28.0
lib/readline/search.c,lib/readline/readline.h,82.0
lib/readline/search.c,lib/readline/rlconf.h,3.0
lib/readline/search.c,lib/readline/rldefs.h,3.0
lib/readline/search.c,lib/readline/rlmbutil.h,1.0
lib/readline/search.c,lib/readline/rlprivate.h,35.0
lib/readline/search.c,lib/readline/xmalloc.h,5.0
lib/readline/search.c,lib/sh/shquote.c,2.0
lib/readline/search.c,lib/termcap/termcap.c,2.0
lib/readline/search.c,lib/termcap/tparam.c,2.0
lib/readline/shell.c,lib/readline/ansi_stdlib.h,2.0
lib/readline/shell.c,lib/readline/rlshell.h,1.0
lib/readline/shell.c,lib/readline/rlstdc.h,1.0
lib/readline/shell.c,lib/readline/xmalloc.h,2.0
lib/readline/shell.c,lib/sh/shquote.c,1.0
lib/readline/shell.c,lib/termcap/termcap.c,1.0
lib/readline/shell.c,lib/termcap/tparam.c,1.0
lib/readline/signals.c,lib/readline/chardefs.h,9.0
lib/readline/signals.c,lib/readline/history.h,4.0
lib/readline/signals.c,lib/readline/readline.h,24.0
lib/readline/signals.c,lib/readline/rlconf.h,1.0
lib/readline/signals.c,lib/readline/rldefs.h,1.0
lib/readline/signals.c,lib/readline/rlprivate.h,8.0
lib/readline/terminal.c,lib/readline/ansi_stdlib.h,5.0
lib/readline/terminal.c,lib/readline/history.h,1.0
lib/readline/terminal.c,lib/readline/keymaps.h,6.0
lib/readline/terminal.c,lib/readline/posixstat.h,1.0
lib/readline/terminal.c,lib/readline/readline.h,29.0
lib/readline/terminal.c,lib/readline/rlconf.h,1.0
lib/readline/terminal.c,lib/readline/rldefs.h,6.0
lib/readline/terminal.c,lib/readline/rlprivate.h,12.0
lib/readline/terminal.c,lib/readline/rlshell.h,5.0
lib/readline/terminal.c,lib/readline/rltty.h,1.0
lib/readline/terminal.c,lib/readline/tcap.h,16.0
lib/readline/terminal.c,lib/readline/xmalloc.h,3.0
lib/readline/text.c,builtins/mkbuiltins.c,2.0
lib/readline/text.c,lib/readline/ansi_stdlib.h,1.0
lib/readline/text.c,lib/readline/chardefs.h,14.0
lib/readline/text.c,lib/readline/history.h,1.0
lib/readline/text.c,lib/readline/keymaps.h,1.0
lib/readline/text.c,lib/readline/readline.h,336.0
lib/readline/text.c,lib/readline/rlconf.h,12.0
lib/readline/text.c,lib/readline/rldefs.h,15.0
lib/readline/text.c,lib/readline/rlmbutil.h,36.0
lib/readline/text.c,lib/readline/rlprivate.h,65.0
lib/readline/text.c,lib/readline/rlshell.h,1.0
lib/readline/text.c,lib/readline/xmalloc.h,6.0
lib/readline/text.c,lib/sh/shquote.c,3.0
lib/readline/text.c,lib/termcap/termcap.c,3.0
lib/readline/text.c,lib/termcap/tparam.c,3.0
lib/readline/text.c,support/printenv.c,1.0
lib/readline/tilde.c,lib/readline/ansi_stdlib.h,1.0
lib/readline/tilde.c,lib/readline/histlib.h,1.0
lib/readline/tilde.c,lib/readline/tilde.h,5.0
lib/readline/tilde.c,lib/readline/xmalloc.h,18.0
lib/readline/tilde.c,lib/sh/shquote.c,15.0
lib/readline/tilde.c,lib/termcap/termcap.c,15.0
lib/readline/tilde.c,lib/termcap/tparam.c,15.0
lib/readline/tilde.c,support/printenv.c,2.0
lib/readline/undo.c,lib/readline/ansi_stdlib.h,1.0
lib/readline/undo.c,lib/readline/history.h,7.0
lib/readline/undo.c,lib/readline/readline.h,94.0
lib/readline/undo.c,lib/readline/rlconf.h,1.0
lib/readline/undo.c,lib/readline/rldefs.h,2.0
lib/readline/undo.c,lib/readline/rlprivate.h,1.0
lib/readline/undo.c,lib/readline/xmalloc.h,8.0
lib/readline/undo.c,lib/sh/shquote.c,2.0
lib/readline/undo.c,lib/termcap/termcap.c,2.0
lib/readline/undo.c,lib/termcap/tparam.c,2.0
lib/readline/util.c,builtins/mkbuiltins.c,3.0
lib/readline/util.c,config-bot.h,2.0
lib/readline/util.c,lib/readline/ansi_stdlib.h,2.0
lib/readline/util.c,lib/readline/chardefs.h,46.0
lib/readline/util.c,lib/readline/histlib.h,1.0
lib/readline/util.c,lib/readline/posixjmp.h,1.0
lib/readline/util.c,lib/readline/readline.h,30.0
lib/readline/util.c,lib/readline/rldefs.h,2.0
lib/readline/util.c,lib/readline/rlmbutil.h,1.0
lib/readline/util.c,lib/readline/rlprivate.h,10.0
lib/readline/util.c,lib/readline/rltypedefs.h,1.0
lib/readline/util.c,lib/readline/tilde.h,2.0
lib/readline/util.c,lib/readline/xmalloc.h,9.0
lib/readline/util.c,lib/sh/shquote.c,4.0
lib/readline/util.c,lib/termcap/termcap.c,4.0
lib/readline/util.c,lib/termcap/tparam.c,4.0
lib/readline/vi_keymap.c,lib/readline/keymaps.h,516.0
lib/readline/vi_keymap.c,lib/readline/readline.h,343.0
lib/readline/vi_keymap.c,lib/readline/rltypedefs.h,170.0
lib/readline/vi_mode.c,builtins/mkbuiltins.c,25.0
lib/readline/vi_mode.c,lib/readline/ansi_stdlib.h,1.0
lib/readline/vi_mode.c,lib/readline/chardefs.h,97.0
lib/readline/vi_mode.c,lib/readline/histlib.h,5.0
lib/readline/vi_mode.c,lib/readline/history.h,3.0
lib/readline/vi_mode.c,lib/readline/keymaps.h,18.0
lib/readline/vi_mode.c,lib/readline/readline.h,675.0
lib/readline/vi_mode.c,lib/readline/rlconf.h,18.0
lib/readline/vi_mode.c,lib/readline/rldefs.h,5.0
lib/readline/vi_mode.c,lib/readline/rlmbutil.h,17.0
lib/readline/vi_mode.c,lib/readline/rlprivate.h,145.0
lib/readline/vi_mode.c,lib/readline/xmalloc.h,4.0
lib/readline/xfree.c,lib/readline/ansi_stdlib.h,2.0
lib/readline/xfree.c,lib/readline/xmalloc.h,1.0
lib/readline/xmalloc.c,lib/readline/ansi_stdlib.h,5.0
lib/readline/xmalloc.c,lib/readline/xmalloc.h,1.0
lib/readline/xmalloc.h,lib/readline/bind.c,1.0
lib/readline/xmalloc.h,lib/readline/callback.c,1.0
lib/readline/xmalloc.h,lib/readline/compat.c,1.0
lib/readline/xmalloc.h,lib/readline/complete.c,1.0
lib/readline/xmalloc.h,lib/readline/display.c,1.0
lib/readline/xmalloc.h,lib/readline/funmap.c,1.0
lib/readline/xmalloc.h,lib/readline/histexpand.c,1.0
lib/readline/xmalloc.h,lib/readline/histfile.c,1.0
lib/readline/xmalloc.h,lib/readline/history.c,1.0
lib/readline/xmalloc.h,lib/readline/histsearch.c,1.0
lib/readline/xmalloc.h,lib/readline/input.c,1.0
lib/readline/xmalloc.h,lib/readline/isearch.c,1.0
lib/readline/xmalloc.h,lib/readline/keymaps.c,1.0
lib/readline/xmalloc.h,lib/readline/kill.c,1.0
lib/readline/xmalloc.h,lib/readline/macro.c,1.0
lib/readline/xmalloc.h,lib/readline/mbutil.c,1.0
lib/readline/xmalloc.h,lib/readline/misc.c,1.0
lib/readline/xmalloc.h,lib/readline/nls.c,1.0
lib/readline/xmalloc.h,lib/readline/parens.c,1.0
lib/readline/xmalloc.h,lib/readline/readline.c,1.0
lib/readline/xmalloc.h,lib/readline/rlstdc.h,1.0
lib/readline/xmalloc.h,lib/readline/rltty.c,1.0
lib/readline/xmalloc.h,lib/readline/savestring.c,1.0
lib/readline/xmalloc.h,lib/readline/search.c,1.0
lib/readline/xmalloc.h,lib/readline/shell.c,1.0
lib/readline/xmalloc.h,lib/readline/signals.c,1.0
lib/readline/xmalloc.h,lib/readline/terminal.c,1.0
lib/readline/xmalloc.h,lib/readline/text.c,1.0
lib/readline/xmalloc.h,lib/readline/undo.c,1.0
lib/readline/xmalloc.h,lib/readline/util.c,1.0
lib/readline/xmalloc.h,lib/readline/vi_mode.c,1.0
lib/readline/xmalloc.h,lib/readline/xfree.c,1.0
lib/readline/xmalloc.h,lib/readline/xmalloc.c,1.0
lib/sh/casemod.c,bashansi.h,1.0
lib/sh/casemod.c,bashintl.h,1.0
lib/sh/casemod.c,bashtypes.h,1.0
lib/sh/casemod.c,config-bot.h,5.0
lib/sh/casemod.c,include/chartypes.h,13.0
lib/sh/casemod.c,include/shmbchar.h,4.0
lib/sh/casemod.c,include/shmbutil.h,6.0
lib/sh/casemod.c,include/stdc.h,1.0
lib/sh/casemod.c,lib/glob/strmatch.h,2.0
lib/sh/casemod.c,lib/intl/localcharset.c,1.0
lib/sh/casemod.c,lib/malloc/malloc.c,1.0
lib/sh/casemod.c,lib/readline/ansi_stdlib.h,1.0
lib/sh/casemod.c,lib/readline/xmalloc.h,3.0
lib/sh/casemod.c,lib/sh/shquote.c,2.0
lib/sh/casemod.c,lib/termcap/termcap.c,1.0
lib/sh/casemod.c,y.tab.c,1.0
lib/sh/clktck.c,bashtypes.h,1.0
lib/sh/clktck.c,config.h,5.0
lib/sh/clock.c,config.h,3.0
lib/sh/clock.c,include/posixtime.h,1.0
lib/sh/clock.c,include/stdc.h,1.0
lib/sh/dprintf.c,config-bot.h,2.0
lib/sh/dprintf.c,include/stdc.h,1.0
lib/sh/eaccess.c,bashansi.h,1.0
lib/sh/eaccess.c,bashtypes.h,1.0
lib/sh/eaccess.c,general.h,9.0
lib/sh/eaccess.c,include/filecntl.h,1.0
lib/sh/eaccess.c,lib/readline/posixstat.h,2.0
lib/sh/eaccess.c,lib/termcap/termcap.c,6.0
lib/sh/eaccess.c,shell.h,13.0
lib/sh/eaccess.c,support/printenv.c,4.0
lib/sh/fmtullong.c,config.h,2.0
lib/sh/fmtullong.c,lib/sh/fmtulong.c,1.0
lib/sh/fmtulong.c,bashansi.h,1.0
lib/sh/fmtulong.c,bashintl.h,2.0
lib/sh/fmtulong.c,include/chartypes.h,8.0
lib/sh/fmtulong.c,include/stdc.h,1.0
lib/sh/fmtulong.c,include/typemax.h,1.0
lib/sh/fmtumax.c,config.h,1.0
lib/sh/fmtumax.c,lib/sh/fmtulong.c,1.0
lib/sh/fnxform.c,bashansi.h,1.0
lib/sh/fnxform.c,bashintl.h,1.0
lib/sh/fnxform.c,bashtypes.h,1.0
lib/sh/fnxform.c,config.h,6.0
lib/sh/fnxform.c,include/stdc.h,1.0
lib/sh/fnxform.c,lib/readline/xmalloc.h,1.0
lib/sh/fpurge.c,config.h,4.0
lib/sh/fpurge.c,include/stdc.h,1.0
lib/sh/getcwd.c,bashansi.h,1.0
lib/sh/getcwd.c,bashtypes.h,1.0
lib/sh/getcwd.c,config.h,5.0
lib/sh/getcwd.c,include/maxpath.h,1.0
lib/sh/getcwd.c,include/memalloc.h,1.0
lib/sh/getcwd.c,lib/glob/glob.c,1.0
lib/sh/getcwd.c,lib/glob/ndir.h,1.0
lib/sh/getcwd.c,lib/intl/localcharset.c,9.0
lib/sh/getcwd.c,lib/malloc/malloc.c,9.0
lib/sh/getcwd.c,lib/readline/ansi_stdlib.h,9.0
lib/sh/getcwd.c,lib/readline/posixdir.h,2.0
lib/sh/getcwd.c,lib/readline/posixstat.h,1.0
lib/sh/getcwd.c,lib/readline/xmalloc.h,1.0
lib/sh/getcwd.c,lib/termcap/termcap.c,9.0
lib/sh/getcwd.c,lib/termcap/tparam.c,5.0
lib/sh/getcwd.c,redir.c,1.0
lib/sh/getcwd.c,y.tab.c,7.0
lib/sh/getenv.c,config.h,1.0
lib/sh/inet_aton.c,config-bot.h,1.0
lib/sh/inet_aton.c,config.h,4.0
lib/sh/input_avail.c,bashansi.h,1.0
lib/sh/input_avail.c,config.h,2.0
lib/sh/input_avail.c,lib/readline/posixselect.h,1.0
lib/sh/itos.c,bashansi.h,1.0
lib/sh/itos.c,externs.h,2.0
lib/sh/itos.c,general.h,6.0
lib/sh/itos.c,shell.h,1.0
lib/sh/mailstat.c,bashansi.h,1.0
lib/sh/mailstat.c,bashtypes.h,1.0
lib/sh/mailstat.c,config.h,3.0
lib/sh/mailstat.c,include/maxpath.h,1.0
lib/sh/mailstat.c,lib/glob/ndir.h,1.0
lib/sh/mailstat.c,lib/readline/posixdir.h,1.0
lib/sh/mailstat.c,lib/readline/posixstat.h,1.0
lib/sh/mailstat.c,lib/sh/shquote.c,3.0
lib/sh/makepath.c,bashansi.h,1.0
lib/sh/makepath.c,config.h,2.0
lib/sh/makepath.c,externs.h,5.0
lib/sh/makepath.c,general.h,1.0
lib/sh/makepath.c,lib/intl/localcharset.c,1.0
lib/sh/makepath.c,lib/malloc/malloc.c,1.0
lib/sh/makepath.c,lib/readline/ansi_stdlib.h,1.0
lib/sh/makepath.c,lib/sh/shquote.c,5.0
lib/sh/makepath.c,lib/termcap/termcap.c,1.0
lib/sh/makepath.c,lib/tilde/tilde.h,1.0
lib/sh/makepath.c,shell.h,1.0
lib/sh/makepath.c,variables.h,1.0
lib/sh/makepath.c,xmalloc.h,5.0
lib/sh/makepath.c,y.tab.c,1.0
lib/sh/mbscasecmp.c,config-bot.h,1.0
lib/sh/mbscasecmp.c,config.h,1.0
lib/sh/mbscasecmp.c,lib/sh/shquote.c,2.0
lib/sh/mbschr.c,bashansi.h,1.0
lib/sh/mbschr.c,config-bot.h,1.0
lib/sh/mbschr.c,config.h,3.0
lib/sh/mbschr.c,include/shmbchar.h,1.0
lib/sh/mbschr.c,include/shmbutil.h,1.0
lib/sh/mbschr.c,lib/readline/histlib.h,1.0
lib/sh/mbschr.c,lib/sh/shquote.c,1.0
lib/sh/mbscmp.c,config-bot.h,1.0
lib/sh/mbscmp.c,config.h,1.0
lib/sh/mbscmp.c,lib/sh/shquote.c,2.0
lib/sh/mktime.c,bashansi.h,1.0
lib/sh/netconn.c,bashtypes.h,1.0
lib/sh/netconn.c,config.h,6.0
lib/sh/netconn.c,include/filecntl.h,1.0
lib/sh/netconn.c,lib/readline/posixstat.h,1.0
lib/sh/netopen.c,bashansi.h,1.0
lib/sh/netopen.c,bashintl.h,2.0
lib/sh/netopen.c,config-bot.h,1.0
lib/sh/netopen.c,config.h,11.0
lib/sh/netopen.c,error.h,5.0
lib/sh/netopen.c,execute_cmd.c,2.0
lib/sh/netopen.c,lib/intl/localcharset.c,1.0
lib/sh/netopen.c,lib/malloc/malloc.c,1.0
lib/sh/netopen.c,lib/readline/ansi_stdlib.h,1.0
lib/sh/netopen.c,lib/readline/histlib.h,1.0
lib/sh/netopen.c,lib/readline/xmalloc.h,2.0
lib/sh/netopen.c,lib/sh/shquote.c,1.0
lib/sh/netopen.c,lib/termcap/termcap.c,1.0
lib/sh/netopen.c,shell.h,1.0
lib/sh/netopen.c,y.tab.c,1.0
lib/sh/oslib.c,bashansi.h,1.0
lib/sh/oslib.c,bashtypes.h,1.0
lib/sh/oslib.c,config.h,15.0
lib/sh/oslib.c,include/chartypes.h,1.0
lib/sh/oslib.c,include/filecntl.h,1.0
lib/sh/oslib.c,lib/readline/posixstat.h,1.0
lib/sh/oslib.c,shell.h,1.0
lib/sh/pathcanon.c,bashansi.h,1.0
lib/sh/pathcanon.c,bashtypes.h,1.0
lib/sh/pathcanon.c,config.h,2.0
lib/sh/pathcanon.c,externs.h,5.0
lib/sh/pathcanon.c,general.h,12.0
lib/sh/pathcanon.c,include/chartypes.h,1.0
lib/sh/pathcanon.c,include/filecntl.h,1.0
lib/sh/pathcanon.c,lib/intl/localcharset.c,2.0
lib/sh/pathcanon.c,lib/malloc/malloc.c,2.0
lib/sh/pathcanon.c,lib/readline/ansi_stdlib.h,2.0
lib/sh/pathcanon.c,lib/readline/posixstat.h,1.0
lib/sh/pathcanon.c,lib/sh/shquote.c,2.0
lib/sh/pathcanon.c,lib/termcap/termcap.c,2.0
lib/sh/pathcanon.c,shell.h,1.0
lib/sh/pathcanon.c,xmalloc.h,2.0
lib/sh/pathcanon.c,y.tab.c,2.0
lib/sh/pathphys.c,bashansi.h,1.0
lib/sh/pathphys.c,bashtypes.h,1.0
lib/sh/pathphys.c,config.h,3.0
lib/sh/pathphys.c,externs.h,1.0
lib/sh/pathphys.c,general.h,10.0
lib/sh/pathphys.c,include/chartypes.h,1.0
lib/sh/pathphys.c,include/filecntl.h,1.0
lib/sh/pathphys.c,lib/intl/localcharset.c,6.0
lib/sh/pathphys.c,lib/malloc/malloc.c,6.0
lib/sh/pathphys.c,lib/readline/ansi_stdlib.h,6.0
lib/sh/pathphys.c,lib/readline/posixstat.h,1.0
lib/sh/pathphys.c,lib/sh/shquote.c,6.0
lib/sh/pathphys.c,lib/termcap/termcap.c,6.0
lib/sh/pathphys.c,shell.h,1.0
lib/sh/pathphys.c,xmalloc.h,6.0
lib/sh/pathphys.c,y.tab.c,6.0
lib/sh/rename.c,config.h,2.0
lib/sh/setlinebuf.c,config.h,4.0
lib/sh/setlinebuf.c,lib/readline/xmalloc.h,1.0
lib/sh/shmatch.c,config-bot.h,1.0
lib/sh/shmbchar.c,config-bot.h,1.0
lib/sh/shmbchar.c,config.h,1.0
lib/sh/shmbchar.c,include/shmbchar.h,2.0
lib/sh/shmbchar.c,include/shmbutil.h,1.0
lib/sh/shquote.c,config.h,3.0
lib/sh/shquote.c,lib/readline/xmalloc.h,7.0
lib/sh/shquote.c,syntax.h,13.0
lib/sh/shtty.c,include/shtty.h,7.0
lib/sh/snprintf.c,bashansi.h,1.0
lib/sh/snprintf.c,bashtypes.h,1.0
lib/sh/snprintf.c,config-bot.h,8.0
lib/sh/snprintf.c,config.h,21.0
lib/sh/snprintf.c,externs.h,8.0
lib/sh/snprintf.c,general.h,9.0
lib/sh/snprintf.c,include/chartypes.h,6.0
lib/sh/snprintf.c,include/shmbchar.h,14.0
lib/sh/snprintf.c,include/shmbutil.h,1.0
lib/sh/snprintf.c,include/stdc.h,1.0
lib/sh/snprintf.c,include/typemax.h,1.0
lib/sh/snprintf.c,lib/intl/localcharset.c,6.0
lib/sh/snprintf.c,lib/malloc/malloc.c,6.0
lib/sh/snprintf.c,lib/readline/ansi_stdlib.h,6.0
lib/sh/snprintf.c,lib/readline/xmalloc.h,65.0
lib/sh/snprintf.c,lib/sh/shquote.c,11.0
lib/sh/snprintf.c,lib/termcap/termcap.c,6.0
lib/sh/snprintf.c,shell.h,1.0
lib/sh/snprintf.c,y.tab.c,6.0
lib/sh/spell.c,bashansi.h,1.0
lib/sh/spell.c,bashtypes.h,1.0
lib/sh/spell.c,config.h,2.0
lib/sh/spell.c,include/maxpath.h,1.0
lib/sh/spell.c,include/stdc.h,1.0
lib/sh/spell.c,lib/glob/ndir.h,1.0
lib/sh/spell.c,lib/intl/localcharset.c,2.0
lib/sh/spell.c,lib/malloc/malloc.c,2.0
lib/sh/spell.c,lib/readline/ansi_stdlib.h,2.0
lib/sh/spell.c,lib/readline/posixdir.h,1.0
lib/sh/spell.c,lib/readline/posixstat.h,1.0
lib/sh/spell.c,lib/sh/shquote.c,1.0
lib/sh/spell.c,lib/termcap/termcap.c,7.0
lib/sh/spell.c,lib/termcap/tparam.c,1.0
lib/sh/spell.c,y.tab.c,2.0
lib/sh/strcasecmp.c,config.h,2.0
lib/sh/strcasestr.c,bashansi.h,1.0
lib/sh/strcasestr.c,config.h,1.0
lib/sh/strcasestr.c,include/chartypes.h,7.0
lib/sh/strcasestr.c,include/stdc.h,1.0
lib/sh/strcasestr.c,lib/sh/shquote.c,2.0
lib/sh/strchrnul.c,config.h,1.0
lib/sh/strchrnul.c,lib/sh/shquote.c,1.0
lib/sh/strerror.c,config.h,2.0
lib/sh/strftime.c,config.h,4.0
lib/sh/strftime.c,input.c,2.0
lib/sh/strftime.c,lib/intl/localcharset.c,3.0
lib/sh/strftime.c,lib/malloc/malloc.c,2.0
lib/sh/strftime.c,lib/readline/ansi_stdlib.h,3.0
lib/sh/strftime.c,lib/readline/histlib.h,1.0
lib/sh/strftime.c,lib/sh/shquote.c,4.0
lib/sh/strftime.c,lib/termcap/termcap.c,4.0
lib/sh/strftime.c,lib/termcap/tparam.c,2.0
lib/sh/strftime.c,y.tab.c,1.0
lib/sh/stringlist.c,bashansi.h,1.0
lib/sh/stringlist.c,command.h,4.0
lib/sh/stringlist.c,config.h,2.0
lib/sh/stringlist.c,externs.h,124.0
lib/sh/stringlist.c,general.h,3.0
lib/sh/stringlist.c,lib/intl/localcharset.c,2.0
lib/sh/stringlist.c,lib/malloc/malloc.c,2.0
lib/sh/stringlist.c,lib/readline/ansi_stdlib.h,2.0
lib/sh/stringlist.c,lib/sh/shquote.c,11.0
lib/sh/stringlist.c,lib/termcap/termcap.c,2.0
lib/sh/stringlist.c,shell.h,1.0
lib/sh/stringlist.c,xmalloc.h,11.0
lib/sh/stringlist.c,y.tab.c,2.0
lib/sh/stringvec.c,bashansi.h,1.0
lib/sh/stringvec.c,bashtypes.h,1.0
lib/sh/stringvec.c,command.h,20.0
lib/sh/stringvec.c,config.h,3.0
lib/sh/stringvec.c,externs.h,2.0
lib/sh/stringvec.c,general.h,4.0
lib/sh/stringvec.c,include/chartypes.h,1.0
lib/sh/stringvec.c,lib/intl/localcharset.c,4.0
lib/sh/stringvec.c,lib/malloc/malloc.c,4.0
lib/sh/stringvec.c,lib/readline/ansi_stdlib.h,5.0
lib/sh/stringvec.c,lib/sh/shquote.c,4.0
lib/sh/stringvec.c,lib/termcap/termcap.c,5.0
lib/sh/stringvec.c,make_cmd.h,2.0
lib/sh/stringvec.c,shell.h,1.0
lib/sh/stringvec.c,xmalloc.h,8.0
lib/sh/stringvec.c,y.tab.c,4.0
lib/sh/strnlen.c,include/stdc.h,1.0
lib/sh/strpbrk.c,include/stdc.h,1.0
lib/sh/strtod.c,bashansi.h,1.0
lib/sh/strtod.c,include/chartypes.h,7.0
lib/sh/strtoimax.c,include/stdc.h,1.0
lib/sh/strtol.c,config.h,2.0
lib/sh/strtoll.c,config.h,3.0
lib/sh/strtoul.c,config.h,2.0
lib/sh/strtoull.c,config.h,3.0
lib/sh/strtoumax.c,include/stdc.h,1.0
lib/sh/strtrans.c,bashansi.h,1.0
lib/sh/strtrans.c,config-bot.h,2.0
lib/sh/strtrans.c,config.h,2.0
lib/sh/strtrans.c,externs.h,1.0
lib/sh/strtrans.c,include/chartypes.h,19.0
lib/sh/strtrans.c,lib/intl/localcharset.c,1.0
lib/sh/strtrans.c,lib/malloc/malloc.c,1.0
lib/sh/strtrans.c,lib/readline/ansi_stdlib.h,1.0
lib/sh/strtrans.c,lib/sh/shquote.c,1.0
lib/sh/strtrans.c,lib/termcap/termcap.c,1.0
lib/sh/strtrans.c,shell.h,4.0
lib/sh/strtrans.c,xmalloc.h,3.0
lib/sh/strtrans.c,y.tab.c,1.0
lib/sh/times.c,config.h,2.0
lib/sh/timeval.c,config.h,2.0
lib/sh/timeval.c,include/posixtime.h,1.0
lib/sh/tmpfile.c,bashtypes.h,1.0
lib/sh/tmpfile.c,config.h,4.0
lib/sh/tmpfile.c,execute_cmd.c,1.0
lib/sh/tmpfile.c,externs.h,5.0
lib/sh/tmpfile.c,general.h,5.0
lib/sh/tmpfile.c,include/filecntl.h,1.0
lib/sh/tmpfile.c,include/posixtime.h,1.0
lib/sh/tmpfile.c,lib/intl/localcharset.c,1.0
lib/sh/tmpfile.c,lib/malloc/malloc.c,1.0
lib/sh/tmpfile.c,lib/readline/ansi_stdlib.h,1.0
lib/sh/tmpfile.c,lib/readline/posixstat.h,1.0
lib/sh/tmpfile.c,lib/sh/shquote.c,3.0
lib/sh/tmpfile.c,lib/termcap/termcap.c,1.0
lib/sh/tmpfile.c,shell.h,1.0
lib/sh/tmpfile.c,variables.h,3.0
lib/sh/tmpfile.c,xmalloc.h,2.0
lib/sh/tmpfile.c,y.tab.c,1.0
lib/sh/uconvert.c,bashtypes.h,1.0
lib/sh/uconvert.c,builtins.h,1.0
lib/sh/uconvert.c,config.h,3.0
lib/sh/uconvert.c,include/chartypes.h,3.0
lib/sh/uconvert.c,shell.h,1.0
lib/sh/ufuncs.c,bashtypes.h,1.0
lib/sh/ufuncs.c,config.h,6.0
lib/sh/unicode.c,bashansi.h,1.0
lib/sh/unicode.c,config-bot.h,1.0
lib/sh/unicode.c,config.h,10.0
lib/sh/unicode.c,include/stdc.h,1.0
lib/sh/unicode.c,lib/readline/xmalloc.h,1.0
lib/sh/unicode.c,lib/termcap/termcap.c,1.0
lib/sh/vprint.c,config.h,1.0
lib/sh/wcsdup.c,config-bot.h,1.0
lib/sh/wcsdup.c,config.h,2.0
lib/sh/wcswidth.c,config-bot.h,1.0
lib/sh/wcswidth.c,config.h,2.0
lib/sh/winsize.c,bashtypes.h,1.0
lib/sh/winsize.c,config.h,6.0
lib/sh/winsize.c,include/stdc.h,1.0
lib/sh/zcatfd.c,config.h,2.0
lib/sh/zcatfd.c,include/stdc.h,1.0
lib/sh/zgetline.c,config.h,2.0
lib/sh/zgetline.c,lib/readline/xmalloc.h,2.0
lib/sh/zmapfd.c,bashansi.h,1.0
lib/sh/zmapfd.c,command.h,1.0
lib/sh/zmapfd.c,config.h,2.0
lib/sh/zmapfd.c,general.h,3.0
lib/sh/zmapfd.c,lib/intl/localcharset.c,2.0
lib/sh/zmapfd.c,lib/malloc/malloc.c,2.0
lib/sh/zmapfd.c,lib/readline/ansi_stdlib.h,2.0
lib/sh/zmapfd.c,lib/termcap/termcap.c,2.0
lib/sh/zmapfd.c,xmalloc.h,3.0
lib/sh/zmapfd.c,y.tab.c,2.0
lib/sh/zread.c,config.h,2.0
lib/sh/zread.c,lib/termcap/termcap.c,1.0
lib/sh/zwrite.c,config.h,2.0
lib/termcap/termcap.c,lib/termcap/ltcap.h,1.0
lib/termcap/tparam.c,lib/termcap/ltcap.h,1.0
lib/tilde/shell.c,lib/readline/ansi_stdlib.h,2.0
lib/tilde/shell.c,lib/tilde/tilde.c,2.0
lib/tilde/tilde.c,lib/readline/ansi_stdlib.h,1.0
lib/tilde/tilde.c,lib/readline/histlib.h,1.0
lib/tilde/tilde.c,lib/readline/xmalloc.h,18.0
lib/tilde/tilde.c,lib/sh/shquote.c,15.0
lib/tilde/tilde.c,lib/termcap/termcap.c,15.0
lib/tilde/tilde.c,lib/termcap/tparam.c,15.0
lib/tilde/tilde.c,lib/tilde/tilde.h,5.0
lib/tilde/tilde.c,support/printenv.c,2.0
list.c,config.h,2.0
list.c,general.h,17.0
list.c,shell.h,1.0
locale.c,bashansi.h,1.0
locale.c,bashintl.h,5.0
locale.c,bashtypes.h,1.0
locale.c,config.h,7.0
locale.c,error.h,4.0
locale.c,externs.h,1.0
locale.c,general.h,7.0
locale.c,include/chartypes.h,1.0
locale.c,input.h,2.0
locale.c,lib/termcap/termcap.c,1.0
locale.c,shell.h,1.0
locale.c,support/printenv.c,15.0
locale.c,syntax.h,12.0
locale.c,variables.h,11.0
locale.c,xmalloc.h,21.0
locale.c,y.tab.c,8.0
mailcheck.c,bashansi.h,1.0
mailcheck.c,bashintl.h,4.0
mailcheck.c,bashtypes.h,1.0
mailcheck.c,config.h,7.0
mailcheck.c,execute_cmd.h,1.0
mailcheck.c,externs.h,1.0
mailcheck.c,general.h,7.0
mailcheck.c,include/posixstat.h,1.0
mailcheck.c,include/posixtime.h,1.0
mailcheck.c,lib/termcap/termcap.c,1.0
mailcheck.c,lib/tilde/tilde.h,1.0
mailcheck.c,mailcheck.h,1.0
mailcheck.c,shell.h,5.0
mailcheck.c,subst.h,2.0
mailcheck.c,support/printenv.c,6.0
mailcheck.c,variables.h,7.0
mailcheck.c,xmalloc.h,7.0
mailcheck.c,y.tab.c,9.0
make_cmd.c,array.h,7.0
make_cmd.c,bashansi.h,1.0
make_cmd.c,bashintl.h,7.0
make_cmd.c,bashtypes.h,1.0
make_cmd.c,builtins/mkbuiltins.c,1.0
make_cmd.c,command.h,472.0
make_cmd.c,config.h,13.0
make_cmd.c,dispose_cmd.h,3.0
make_cmd.c,error.h,8.0
make_cmd.c,externs.h,6.0
make_cmd.c,flags.h,2.0
make_cmd.c,general.h,15.0
make_cmd.c,include/ansi_stdlib.h,1.0
make_cmd.c,include/filecntl.h,1.0
make_cmd.c,include/ocache.h,21.0
make_cmd.c,include/shmbchar.h,3.0
make_cmd.c,include/shmbutil.h,3.0
make_cmd.c,input.h,2.0
make_cmd.c,make_cmd.h,1.0
make_cmd.c,parser.h,4.0
make_cmd.c,subst.h,2.0
make_cmd.c,support/printenv.c,10.0
make_cmd.c,syntax.h,1.0
make_cmd.c,variables.h,9.0
make_cmd.c,xmalloc.h,31.0
make_cmd.c,y.tab.c,2.0
make_cmd.h,command.h,73.0
make_cmd.h,config.h,1.0
make_cmd.h,include/stdc.h,1.0
mksyntax.c,bashansi.h,1.0
mksyntax.c,config.h,5.0
mksyntax.c,include/ansi_stdlib.h,3.0
mksyntax.c,include/chartypes.h,2.0
mksyntax.c,syntax.h,46.0
nojobs.c,bashintl.h,3.0
nojobs.c,bashtypes.h,1.0
nojobs.c,builtins/builtext.h,2.0
nojobs.c,command.h,1.0
nojobs.c,config-top.h,4.0
nojobs.c,config.h,21.0
nojobs.c,error.h,6.0
nojobs.c,execute_cmd.h,3.0
nojobs.c,externs.h,3.0
nojobs.c,general.h,1.0
nojobs.c,include/filecntl.h,1.0
nojobs.c,include/posixjmp.h,1.0
nojobs.c,include/posixwait.h,11.0
nojobs.c,include/shtty.h,4.0
nojobs.c,input.h,5.0
nojobs.c,jobs.h,17.0
nojobs.c,quit.h,26.0
nojobs.c,shell.h,3.0
nojobs.c,sig.h,35.0
nojobs.c,siglist.c,1.0
nojobs.c,trap.c,1.0
nojobs.c,xmalloc.h,1.0
nojobs.c,y.tab.c,1.0
parser.h,command.h,1.0
parser.h,input.h,1.0
pathexp.c,bashansi.h,1.0
pathexp.c,bashintl.h,1.0
pathexp.c,bashtypes.h,1.0
pathexp.c,config-bot.h,1.0
pathexp.c,config.h,3.0
pathexp.c,externs.h,3.0
pathexp.c,flags.h,1.0
pathexp.c,general.h,4.0
pathexp.c,include/shmbchar.h,3.0
pathexp.c,include/shmbutil.h,5.0
pathexp.c,lib/glob/glob.h,3.0
pathexp.c,lib/glob/strmatch.h,2.0
pathexp.c,lib/termcap/termcap.c,1.0
pathexp.c,pathexp.h,55.0
pathexp.c,shell.h,4.0
pathexp.c,subst.h,4.0
pathexp.c,support/printenv.c,6.0
pathexp.c,variables.h,2.0
pathexp.c,xmalloc.h,5.0
pathexp.c,y.tab.c,8.0
pathexp.h,config.h,1.0
pcomplete.c,alias.h,7.0
pcomplete.c,array.h,7.0
pcomplete.c,arrayfunc.h,3.0
pcomplete.c,bashansi.h,1.0
pcomplete.c,bashintl.h,2.0
pcomplete.c,bashline.h,8.0
pcomplete.c,bashtypes.h,1.0
pcomplete.c,builtins.h,25.0
pcomplete.c,builtins/common.h,3.0
pcomplete.c,command.h,76.0
pcomplete.c,config-bot.h,1.0
pcomplete.c,config.h,13.0
pcomplete.c,dispose_cmd.h,7.0
pcomplete.c,error.h,2.0
pcomplete.c,execute_cmd.h,2.0
pcomplete.c,externs.h,266.0
pcomplete.c,general.h,18.0
pcomplete.c,include/posixstat.h,1.0
pcomplete.c,lib/glob/glob.h,2.0
pcomplete.c,lib/glob/strmatch.h,2.0
pcomplete.c,lib/readline/compat.c,5.0
pcomplete.c,lib/readline/complete.c,9.0
pcomplete.c,lib/readline/display.c,1.0
pcomplete.c,lib/readline/readline.c,4.0
pcomplete.c,lib/readline/readline.h,14.0
pcomplete.c,lib/readline/rlconf.h,1.0
pcomplete.c,make_cmd.h,8.0
pcomplete.c,pathexp.h,5.0
pcomplete.c,pcomplete.h,236.0
pcomplete.c,shell.h,8.0
pcomplete.c,subst.h,5.0
pcomplete.c,support/printenv.c,22.0
pcomplete.c,unwind_prot.h,5.0
pcomplete.c,variables.h,62.0
pcomplete.c,xmalloc.h,16.0
pcomplete.c,y.tab.c,15.0
pcomplete.h,externs.h,4.0
pcomplete.h,hashlib.h,3.0
pcomplete.h,include/stdc.h,1.0
pcomplib.c,bashansi.h,1.0
pcomplib.c,bashintl.h,2.0
pcomplib.c,config.h,3.0
pcomplib.c,error.h,1.0
pcomplib.c,general.h,8.0
pcomplib.c,hashlib.h,26.0
pcomplib.c,pcomplete.h,95.0
pcomplib.c,shell.h,1.0
pcomplib.c,support/printenv.c,18.0
pcomplib.c,xmalloc.h,20.0
pcomplib.c,y.tab.c,11.0
print_cmd.c,bashansi.h,1.0
print_cmd.c,bashintl.h,6.0
print_cmd.c,builtins/common.h,1.0
print_cmd.c,command.h,409.0
print_cmd.c,config-bot.h,5.0
print_cmd.c,config.h,17.0
print_cmd.c,dispose_cmd.h,4.0
print_cmd.c,error.h,5.0
print_cmd.c,execute_cmd.c,1.0
print_cmd.c,externs.h,15.0
print_cmd.c,flags.h,5.0
print_cmd.c,general.h,7.0
print_cmd.c,include/shmbchar.h,6.0
print_cmd.c,include/shmbutil.h,2.0
print_cmd.c,include/stdc.h,2.0
print_cmd.c,lib/sh/strnlen.c,1.0
print_cmd.c,shell.h,1.0
print_cmd.c,subst.h,1.0
print_cmd.c,support/printenv.c,3.0
print_cmd.c,unwind_prot.h,2.0
print_cmd.c,variables.h,1.0
print_cmd.c,xmalloc.h,3.0
print_cmd.c,y.tab.c,5.0
print_cmd.c,y.tab.h,3.0
redir.c,bashansi.h,1.0
redir.c,bashintl.h,11.0
redir.c,bashtypes.h,1.0
redir.c,command.h,340.0
redir.c,config-bot.h,1.0
redir.c,config-top.h,10.0
redir.c,config.h,15.0
redir.c,dispose_cmd.h,7.0
redir.c,error.h,10.0
redir.c,execute_cmd.c,24.0
redir.c,execute_cmd.h,4.0
redir.c,externs.h,13.0
redir.c,flags.h,3.0
redir.c,general.c,1.0
redir.c,general.h,8.0
redir.c,include/filecntl.h,8.0
redir.c,include/memalloc.h,1.0
redir.c,include/posixstat.h,1.0
redir.c,input.h,11.0
redir.c,lib/intl/dcigettext.c,2.0
redir.c,lib/sh/dprintf.c,1.0
redir.c,make_cmd.h,13.0
redir.c,redir.h,27.0
redir.c,shell.h,13.0
redir.c,subst.h,5.0
redir.c,support/printenv.c,6.0
redir.c,variables.h,14.0
redir.c,xmalloc.h,2.0
redir.c,y.tab.c,11.0
redir.h,command.h,4.0
redir.h,include/stdc.h,1.0
shell.c,array.h,18.0
shell.c,bashansi.h,1.0
shell.c,bashhist.h,7.0
shell.c,bashintl.h,17.0
shell.c,bashjmp.h,11.0
shell.c,bashline.h,2.0
shell.c,bashtypes.h,1.0
shell.c,builtins.h,13.0
shell.c,builtins/common.h,28.0
shell.c,command.h,23.0
shell.c,config-bot.h,2.0
shell.c,config-top.h,13.0
shell.c,config.h,30.0
shell.c,conftypes.h,1.0
shell.c,dispose_cmd.h,1.0
shell.c,error.h,9.0
shell.c,execute_cmd.c,1.0
shell.c,execute_cmd.h,3.0
shell.c,externs.h,9.0
shell.c,findcmd.h,2.0
shell.c,flags.h,41.0
shell.c,general.h,33.0
shell.c,include/ansi_stdlib.h,16.0
shell.c,include/filecntl.h,3.0
shell.c,include/posixjmp.h,1.0
shell.c,include/posixstat.h,1.0
shell.c,include/posixtime.h,1.0
shell.c,input.h,12.0
shell.c,lib/glob/strmatch.h,1.0
shell.c,lib/readline/complete.c,1.0
shell.c,lib/readline/histlib.h,2.0
shell.c,lib/readline/shell.c,1.0
shell.c,lib/readline/tilde.c,1.0
shell.c,lib/sh/setlinebuf.c,2.0
shell.c,lib/sh/strstr.c,1.0
shell.c,lib/termcap/termcap.c,8.0
shell.c,lib/tilde/shell.c,2.0
shell.c,lib/tilde/tilde.c,1.0
shell.c,lib/tilde/tilde.h,1.0
shell.c,mailcheck.h,3.0
shell.c,make_cmd.h,3.0
shell.c,pathnames.h,4.0
shell.c,shell.h,58.0
shell.c,sig.h,1.0
shell.c,subst.h,4.0
shell.c,support/printenv.c,34.0
shell.c,test.c,3.0
shell.c,trap.h,4.0
shell.c,variables.h,55.0
shell.c,xmalloc.h,33.0
shell.c,y.tab.c,13.0
shell.h,array.h,1.0
shell.h,arrayfunc.h,1.0
shell.h,bashjmp.h,1.0
shell.h,command.h,2.0
shell.h,config-bot.h,1.0
shell.h,config.h,2.0
shell.h,dispose_cmd.h,1.0
shell.h,error.h,1.0
shell.h,externs.h,1.0
shell.h,general.h,3.0
shell.h,include/maxpath.h,1.0
shell.h,include/ocache.h,1.0
shell.h,make_cmd.h,1.0
shell.h,pathnames.h,1.0
shell.h,quit.h,1.0
shell.h,sig.h,1.0
shell.h,subst.h,1.0
shell.h,syntax.h,1.0
shell.h,unwind_prot.h,1.0
shell.h,variables.h,1.0
sig.c,bashhist.h,2.0
sig.c,bashintl.h,1.0
sig.c,bashjmp.h,2.0
sig.c,bashline.h,2.0
sig.c,bashtypes.h,1.0
sig.c,builtins/common.h,3.0
sig.c,config.h,24.0
sig.c,externs.h,1.0
sig.c,include/posixjmp.h,1.0
sig.c,lib/intl/eval-plural.h,1.0
sig.c,quit.h,2.0
sig.c,shell.h,9.0
sig.c,sig.h,30.0
sig.c,siglist.h,1.0
sig.c,subst.h,3.0
sig.c,trap.c,2.0
sig.c,trap.h,10.0
sig.c,unwind_prot.h,2.0
sig.h,config.h,8.0
sig.h,include/stdc.h,1.0
siglist.c,bashintl.h,35.0
siglist.c,bashtypes.h,1.0
siglist.c,config.h,1.0
siglist.c,siglist.h,1.0
siglist.c,xmalloc.h,1.0
siglist.h,config-bot.h,1.0
siglist.h,config.h,1.0
stringlib.c,bashansi.h,1.0
stringlib.c,bashtypes.h,1.0
stringlib.c,builtins/mkbuiltins.c,1.0
stringlib.c,config.h,5.0
stringlib.c,general.h,27.0
stringlib.c,include/chartypes.h,1.0
stringlib.c,lib/glob/glob.h,2.0
stringlib.c,lib/glob/strmatch.h,3.0
stringlib.c,lib/readline/histlib.h,1.0
stringlib.c,lib/termcap/termcap.c,2.0
stringlib.c,pathexp.h,2.0
stringlib.c,shell.h,1.0
stringlib.c,support/printenv.c,10.0
stringlib.c,xmalloc.h,11.0
stringlib.c,y.tab.c,1.0
subst.c,array.h,45.0
subst.c,arrayfunc.h,28.0
subst.c,assoc.h,12.0
subst.c,bashansi.h,1.0
subst.c,bashintl.h,18.0
subst.c,bashjmp.h,17.0
subst.c,bashtypes.h,1.0
subst.c,builtins/builtext.h,2.0
subst.c,builtins/common.h,9.0
subst.c,builtins/getopt.h,1.0
subst.c,builtins/mkbuiltins.c,2.0
subst.c,command.h,727.0
subst.c,config-bot.h,33.0
subst.c,config-top.h,1.0
subst.c,config.h,71.0
subst.c,dispose_cmd.h,39.0
subst.c,error.h,26.0
subst.c,execute_cmd.c,12.0
subst.c,execute_cmd.h,3.0
subst.c,externs.h,76.0
subst.c,flags.h,19.0
subst.c,general.h,146.0
subst.c,hashlib.h,19.0
subst.c,include/ansi_stdlib.h,4.0
subst.c,include/chartypes.h,16.0
subst.c,include/filecntl.h,1.0
subst.c,include/posixstat.h,1.0
subst.c,include/shmbchar.h,96.0
subst.c,include/shmbutil.h,103.0
subst.c,include/stdc.h,1.0
subst.c,include/typemax.h,1.0
subst.c,jobs.h,19.0
subst.c,lib/glob/strmatch.h,17.0
subst.c,lib/readline/histlib.h,5.0
subst.c,lib/sh/strnlen.c,1.0
subst.c,lib/termcap/termcap.c,2.0
subst.c,lib/tilde/tilde.h,1.0
subst.c,mailcheck.h,1.0
subst.c,make_cmd.h,55.0
subst.c,parser.h,18.0
subst.c,pathexp.h,48.0
subst.c,shell.h,135.0
subst.c,sig.h,6.0
subst.c,subst.h,211.0
subst.c,support/printenv.c,132.0
subst.c,syntax.h,22.0
subst.c,trap.h,4.0
subst.c,variables.h,230.0
subst.c,xmalloc.h,112.0
subst.c,y.tab.c,142.0
subst.h,command.h,37.0
subst.h,config-bot.h,1.0
subst.h,config.h,4.0
subst.h,include/stdc.h,1.0
subst.h,shell.h,2.0
subst.h,syntax.h,2.0
subst.h,variables.h,2.0
support/bashversion.c,bashansi.h,1.0
support/bashversion.c,config.h,2.0
support/bashversion.c,conftypes.h,2.0
support/bashversion.c,include/ansi_stdlib.h,4.0
support/bashversion.c,include/stdc.h,1.0
support/bashversion.c,lib/readline/histlib.h,1.0
support/bashversion.c,version.h,1.0
support/man2html.c,include/ansi_stdlib.h,11.0
support/man2html.c,lib/readline/histlib.h,6.0
support/man2html.c,lib/sh/strftime.c,1.0
support/man2html.c,lib/sh/strstr.c,14.0
support/man2html.c,lib/termcap/termcap.c,2.0
support/man2html.c,support/printenv.c,24.0
support/man2html.c,y.tab.c,30.0
support/mksignames.c,config.h,2.0
support/mksignames.c,include/ansi_stdlib.h,3.0
support/printenv.c,bashansi.h,1.0
support/printenv.c,include/ansi_stdlib.h,3.0
support/recho.c,bashansi.h,1.0
support/recho.c,include/ansi_stdlib.h,1.0
support/signames.c,config.h,2.0
support/signames.c,y.tab.c,1.0
support/xcase.c,bashansi.h,1.0
support/xcase.c,include/ansi_stdlib.h,3.0
support/zecho.c,bashansi.h,1.0
support/zecho.c,include/ansi_stdlib.h,1.0
syntax.c,config.h,1.0
syntax.c,include/stdc.h,1.0
syntax.c,syntax.h,290.0
syntax.h,config.h,5.0
test.c,bashintl.h,12.0
test.c,bashtypes.h,1.0
test.c,builtins/common.h,3.0
test.c,config.h,1.0
test.c,externs.h,3.0
test.c,general.c,1.0
test.c,general.h,4.0
test.c,include/filecntl.h,1.0
test.c,include/posixjmp.h,1.0
test.c,include/posixstat.h,1.0
test.c,lib/glob/strmatch.h,2.0
test.c,lib/termcap/termcap.c,4.0
test.c,pathexp.h,3.0
test.c,shell.h,7.0
test.c,test.h,4.0
test.c,variables.h,4.0
test.h,include/stdc.h,1.0
trap.c,array.h,3.0
trap.c,bashansi.h,1.0
trap.c,bashintl.h,5.0
trap.c,bashjmp.h,11.0
trap.c,bashtypes.h,1.0
trap.c,builtins.h,1.0
trap.c,builtins/builtext.h,2.0
trap.c,builtins/common.h,13.0
trap.c,command.h,3.0
trap.c,config.h,16.0
trap.c,error.h,3.0
trap.c,externs.h,3.0
trap.c,flags.h,3.0
trap.c,general.h,5.0
trap.c,include/posixjmp.h,4.0
trap.c,input.h,5.0
trap.c,jobs.h,1.0
trap.c,lib/intl/eval-plural.h,1.0
trap.c,lib/termcap/termcap.c,2.0
trap.c,quit.h,2.0
trap.c,shell.h,5.0
trap.c,sig.h,67.0
trap.c,signames.h,1.0
trap.c,support/printenv.c,13.0
trap.c,trap.h,106.0
trap.c,variables.h,6.0
trap.c,xmalloc.h,12.0
trap.c,y.tab.c,4.0
trap.h,include/stdc.h,1.0
unwind_prot.c,bashansi.h,1.0
unwind_prot.c,bashtypes.h,1.0
unwind_prot.c,command.h,1.0
unwind_prot.c,config.h,3.0
unwind_prot.c,error.h,3.0
unwind_prot.c,general.h,14.0
unwind_prot.c,lib/termcap/termcap.c,2.0
unwind_prot.c,quit.h,1.0
unwind_prot.c,sig.h,4.0
unwind_prot.c,unwind_prot.h,1.0
unwind_prot.c,xmalloc.h,2.0
unwind_prot.c,y.tab.c,5.0
variables.c,alias.h,12.0
variables.c,array.h,115.0
variables.c,arrayfunc.h,5.0
variables.c,assoc.h,12.0
variables.c,bashansi.h,1.0
variables.c,bashhist.h,20.0
variables.c,bashintl.h,10.0
variables.c,bashjmp.h,2.0
variables.c,bashline.h,6.0
variables.c,bashtypes.h,1.0
variables.c,builtins/common.h,16.0
variables.c,builtins/getopt.h,3.0
variables.c,command.h,35.0
variables.c,config.h,85.0
variables.c,conftypes.h,4.0
variables.c,dispose_cmd.h,7.0
variables.c,error.h,11.0
variables.c,execute_cmd.h,2.0
variables.c,externs.h,58.0
variables.c,findcmd.h,3.0
variables.c,flags.h,9.0
variables.c,general.c,2.0
variables.c,general.h,80.0
variables.c,hashcmd.h,14.0
variables.c,hashlib.h,143.0
variables.c,include/ansi_stdlib.h,5.0
variables.c,include/chartypes.h,1.0
variables.c,include/posixstat.h,1.0
variables.c,include/posixtime.h,1.0
variables.c,input.h,1.0
variables.c,lib/intl/eval-plural.h,5.0
variables.c,lib/readline/complete.c,9.0
variables.c,lib/readline/histfile.c,1.0
variables.c,lib/readline/histlib.h,1.0
variables.c,lib/readline/history.c,3.0
variables.c,lib/readline/history.h,4.0
variables.c,lib/readline/readline.h,10.0
variables.c,lib/readline/terminal.c,1.0
variables.c,lib/sh/strftime.c,1.0
variables.c,lib/sh/strtod.c,1.0
variables.c,lib/termcap/termcap.c,8.0
variables.c,mailcheck.h,4.0
variables.c,pathexp.h,2.0
variables.c,pcomplete.h,5.0
variables.c,print_cmd.c,1.0
variables.c,shell.h,43.0
variables.c,sig.h,4.0
variables.c,subst.h,11.0
variables.c,support/printenv.c,79.0
variables.c,variables.h,1275.0
variables.c,xmalloc.h,80.0
variables.c,y.tab.c,65.0
variables.h,array.h,5.0
variables.h,assoc.h,1.0
variables.h,command.h,6.0
variables.h,config.h,7.0
variables.h,conftypes.h,1.0
variables.h,hashlib.h,10.0
variables.h,include/stdc.h,1.0
version.c,bashintl.h,8.0
version.c,config.h,3.0
version.c,conftypes.h,2.0
version.c,include/stdc.h,1.0
version.c,patchlevel.h,2.0
version.c,version.h,7.0
xmalloc.c,bashintl.h,2.0
xmalloc.c,bashtypes.h,1.0
xmalloc.c,error.h,2.0
xmalloc.c,include/ansi_stdlib.h,5.0
xmalloc.h,bashansi.h,1.0
xmalloc.h,include/stdc.h,1.0
y.tab.c,alias.h,18.0
y.tab.c,bashansi.h,1.0
y.tab.c,bashhist.h,22.0
y.tab.c,bashintl.h,23.0
y.tab.c,bashjmp.h,4.0
y.tab.c,bashline.h,3.0
y.tab.c,bashtypes.h,1.0
y.tab.c,builtins.h,4.0
y.tab.c,builtins/builtext.h,2.0
y.tab.c,builtins/common.h,11.0
y.tab.c,builtins/mkbuiltins.c,3.0
y.tab.c,command.h,436.0
y.tab.c,config-bot.h,3.0
y.tab.c,config-top.h,7.0
y.tab.c,config.h,92.0
y.tab.c,dispose_cmd.h,10.0
y.tab.c,error.h,22.0
y.tab.c,externs.h,37.0
y.tab.c,flags.h,9.0
y.tab.c,general.h,127.0
y.tab.c,include/chartypes.h,3.0
y.tab.c,include/filecntl.h,2.0
y.tab.c,include/maxpath.h,1.0
y.tab.c,include/memalloc.h,1.0
y.tab.c,include/shmbchar.h,39.0
y.tab.c,include/shmbutil.h,1.0
y.tab.c,input.h,154.0
y.tab.c,lib/readline/histlib.h,4.0
y.tab.c,lib/readline/readline.c,1.0
y.tab.c,lib/readline/readline.h,1.0
y.tab.c,lib/sh/strftime.c,6.0
y.tab.c,lib/sh/strstr.c,1.0
y.tab.c,lib/termcap/termcap.c,8.0
y.tab.c,mailcheck.h,4.0
y.tab.c,make_cmd.h,159.0
y.tab.c,parser.h,210.0
y.tab.c,quit.h,20.0
y.tab.c,shell.h,114.0
y.tab.c,sig.h,32.0
y.tab.c,subst.h,11.0
y.tab.c,support/printenv.c,44.0
y.tab.c,syntax.h,46.0
y.tab.c,test.h,3.0
y.tab.c,trap.h,7.0
y.tab.c,variables.h,8.0
y.tab.c,xmalloc.h,97.0
y.tab.h,command.h,6.0
