alias,bashansi,1.0
alias,builtins/mkbuiltins,4.0
alias,command,1.0
alias,config,9.0
alias,externs,6.0
alias,general,5.0
alias,hashlib,32.0
alias,include/ansi_stdlib,1.0
alias,include/chartypes,7.0
alias,lib/termcap/termcap,1.0
alias,pcomplete,7.0
alias,support/printenv,17.0
alias,xmalloc,17.0
alias,y.tab,7.0
alias,include/stdc,1.0
array,bashansi,1.0
array,builtins/common,1.0
array,command,24.0
array,config,3.0
array,externs,8.0
array,general,22.0
array,make_cmd,4.0
array,shell,7.0
array,subst,22.0
array,support/printenv,14.0
array,xmalloc,18.0
array,y.tab,20.0
array,include/stdc,1.0
arrayfunc,array,60.0
arrayfunc,assoc,10.0
arrayfunc,bashintl,9.0
arrayfunc,bashjmp,1.0
arrayfunc,builtins/common,4.0
arrayfunc,builtins/mkbuiltins,1.0
arrayfunc,command,50.0
arrayfunc,config,4.0
arrayfunc,dispose_cmd,4.0
arrayfunc,error,20.0
arrayfunc,externs,7.0
arrayfunc,general,5.0
arrayfunc,hashlib,12.0
arrayfunc,include/shmbchar,7.0
arrayfunc,include/shmbutil,3.0
arrayfunc,make_cmd,6.0
arrayfunc,pathexp,2.0
arrayfunc,shell,2.0
arrayfunc,sig,2.0
arrayfunc,subst,24.0
arrayfunc,support/printenv,9.0
arrayfunc,variables,333.0
arrayfunc,xmalloc,12.0
arrayfunc,y.tab,22.0
assoc,array,5.0
assoc,bashansi,1.0
assoc,builtins/common,1.0
assoc,command,26.0
assoc,config,3.0
assoc,dispose_cmd,1.0
assoc,externs,7.0
assoc,general,20.0
assoc,hashlib,188.0
assoc,make_cmd,4.0
assoc,shell,7.0
assoc,subst,15.0
assoc,support/printenv,12.0
assoc,xmalloc,13.0
assoc,y.tab,18.0
assoc,include/stdc,1.0
bashansi,config,5.0
bashhist,bashansi,1.0
bashhist,bashintl,2.0
bashhist,bashline,2.0
bashhist,bashtypes,1.0
bashhist,builtins/common,2.0
bashhist,builtins/mkbuiltins,1.0
bashhist,config,19.0
bashhist,error,1.0
bashhist,execute_cmd,2.0
bashhist,externs,5.0
bashhist,flags,3.0
bashhist,general,4.0
bashhist,include/filecntl,1.0
bashhist,include/posixstat,1.0
bashhist,input,4.0
bashhist,lib/glob/glob,1.0
bashhist,lib/glob/strmatch,2.0
bashhist,lib/readline/histexpand,1.0
bashhist,lib/readline/histfile,2.0
bashhist,lib/readline/history,96.0
bashhist,lib/termcap/termcap,2.0
bashhist,parser,5.0
bashhist,pathexp,22.0
bashhist,shell,3.0
bashhist,support/printenv,5.0
bashhist,variables,11.0
bashhist,xmalloc,3.0
bashhist,y.tab,3.0
bashhist,include/stdc,1.0
bashintl,config,3.0
bashintl,include/gettext,1.0
bashjmp,include/posixjmp,5.0
bashline,alias,9.0
bashline,bashansi,1.0
bashline,bashhist,10.0
bashline,bashintl,5.0
bashline,bashtypes,1.0
bashline,builtins,17.0
bashline,builtins/common,10.0
bashline,builtins/mkbuiltins,17.0
bashline,command,3.0
bashline,config,41.0
bashline,dispose_cmd,2.0
bashline,error,1.0
bashline,execute_cmd,1.0
bashline,externs,36.0
bashline,findcmd,4.0
bashline,general,58.0
bashline,include/ansi_stdlib,1.0
bashline,include/chartypes,2.0
bashline,include/posixstat,1.0
bashline,include/shmbchar,50.0
bashline,include/shmbutil,10.0
bashline,input,1.0
bashline,lib/glob/glob,6.0
bashline,lib/readline/bind,33.0
bashline,lib/readline/compat,15.0
bashline,lib/readline/complete,54.0
bashline,lib/readline/display,6.0
bashline,lib/readline/emacs_keymap,25.0
bashline,lib/readline/histexpand,1.0
bashline,lib/readline/histlib,2.0
bashline,lib/readline/history,11.0
bashline,lib/readline/input,1.0
bashline,lib/readline/keymaps,38.0
bashline,lib/readline/kill,2.0
bashline,lib/readline/misc,1.0
bashline,lib/readline/readline,437.0
bashline,lib/readline/rlconf,7.0
bashline,lib/readline/rltty,4.0
bashline,lib/readline/rltypedefs,7.0
bashline,lib/readline/text,5.0
bashline,lib/termcap/termcap,7.0
bashline,pathexp,21.0
bashline,pathnames,1.0
bashline,pcomplete,8.0
bashline,shell,7.0
bashline,subst,26.0
bashline,support/printenv,109.0
bashline,syntax,28.0
bashline,variables,30.0
bashline,xmalloc,85.0
bashline,y.tab,72.0
bashline,include/stdc,1.0
bashtypes,config,2.0
bracecomp,bashansi,1.0
bracecomp,config,4.0
bracecomp,externs,5.0
bracecomp,general,1.0
bracecomp,include/ansi_stdlib,1.0
bracecomp,include/shmbchar,6.0
bracecomp,include/shmbutil,1.0
bracecomp,lib/readline/compat,2.0
bracecomp,lib/readline/complete,12.0
bracecomp,lib/readline/readline,12.0
bracecomp,lib/readline/rltypedefs,3.0
bracecomp,lib/termcap/termcap,1.0
bracecomp,shell,1.0
bracecomp,support/printenv,7.0
bracecomp,xmalloc,7.0
bracecomp,y.tab,5.0
braces,bashansi,1.0
braces,config,3.0
braces,general,3.0
braces,include/chartypes,9.0
braces,include/shmbchar,9.0
braces,include/shmbutil,8.0
braces,lib/sh/strstr,1.0
braces,support/printenv,6.0
braces,xmalloc,9.0
braces,y.tab,12.0
builtins,alias,1.0
builtins,command,1.0
builtins,config,3.0
builtins,general,2.0
builtins/bashgetopt,bashansi,1.0
builtins/bashgetopt,builtins/common,4.0
builtins/bashgetopt,command,75.0
builtins/bashgetopt,config,2.0
builtins/bashgetopt,general,1.0
builtins/bashgetopt,include/chartypes,2.0
builtins/bashgetopt,lib/readline/histlib,1.0
builtins/bashgetopt,shell,1.0
builtins/bashgetopt,include/stdc,1.0
builtins/builtext,command,56.0
builtins/builtext,config-top,2.0
builtins/builtext,config,13.0
builtins/builtins,bashintl,143.0
builtins/builtins,builtins,182.0
builtins/builtins,builtins/builtext,57.0
builtins/builtins,config-top,4.0
builtins/builtins,config,97.0
builtins/builtins,general,16.0
builtins/common,bashansi,1.0
builtins/common,bashhist,1.0
builtins/common,bashintl,30.0
builtins/common,bashjmp,2.0
builtins/common,bashtypes,1.0
builtins/common,builtins,38.0
builtins/common,builtins/bashgetopt,3.0
builtins/common,builtins/builtext,3.0
builtins/common,command,66.0
builtins/common,config-bot,3.0
builtins/common,config,5.0
builtins/common,dispose_cmd,1.0
builtins/common,error,2.0
builtins/common,execute_cmd,2.0
builtins/common,externs,2.0
builtins/common,flags,2.0
builtins/common,general,24.0
builtins/common,include/ansi_stdlib,1.0
builtins/common,include/chartypes,1.0
builtins/common,include/maxpath,1.0
builtins/common,include/posixstat,1.0
builtins/common,include/stdc,3.0
builtins/common,input,1.0
builtins/common,jobs,1.0
builtins/common,lib/termcap/termcap,2.0
builtins/common,lib/tilde/tilde,1.0
builtins/common,shell,8.0
builtins/common,sig,5.0
builtins/common,support/printenv,11.0
builtins/common,trap,7.0
builtins/common,variables,6.0
builtins/common,xmalloc,6.0
builtins/common,y.tab,3.0
builtins/evalfile,array,48.0
builtins/evalfile,bashansi,1.0
builtins/evalfile,bashhist,1.0
builtins/evalfile,bashintl,6.0
builtins/evalfile,bashjmp,8.0
builtins/evalfile,bashtypes,1.0
builtins/evalfile,builtins,1.0
builtins/evalfile,builtins/common,6.0
builtins/evalfile,config,12.0
builtins/evalfile,error,2.0
builtins/evalfile,execute_cmd,3.0
builtins/evalfile,externs,4.0
builtins/evalfile,flags,1.0
builtins/evalfile,general,3.0
builtins/evalfile,include/filecntl,1.0
builtins/evalfile,include/posixjmp,3.0
builtins/evalfile,include/posixstat,1.0
builtins/evalfile,include/typemax,1.0
builtins/evalfile,input,1.0
builtins/evalfile,jobs,1.0
builtins/evalfile,shell,16.0
builtins/evalfile,sig,1.0
builtins/evalfile,support/printenv,1.0
builtins/evalfile,trap,2.0
builtins/evalfile,unwind_prot,14.0
builtins/evalfile,variables,42.0
builtins/evalfile,xmalloc,1.0
builtins/evalfile,y.tab,6.0
builtins/evalstring,bashansi,1.0
builtins/evalstring,bashhist,8.0
builtins/evalstring,bashintl,1.0
builtins/evalstring,bashjmp,14.0
builtins/evalstring,builtins,1.0
builtins/evalstring,builtins/builtext,3.0
builtins/evalstring,builtins/common,11.0
builtins/evalstring,command,68.0
builtins/evalstring,config-top,1.0
builtins/evalstring,config,7.0
builtins/evalstring,dispose_cmd,5.0
builtins/evalstring,error,3.0
builtins/evalstring,execute_cmd,6.0
builtins/evalstring,externs,6.0
builtins/evalstring,flags,4.0
builtins/evalstring,general,1.0
builtins/evalstring,include/filecntl,1.0
builtins/evalstring,input,24.0
builtins/evalstring,jobs,2.0
builtins/evalstring,quit,2.0
builtins/evalstring,redir,3.0
builtins/evalstring,shell,27.0
builtins/evalstring,sig,3.0
builtins/evalstring,trap,4.0
builtins/evalstring,unwind_prot,46.0
builtins/evalstring,xmalloc,1.0
builtins/evalstring,y.tab,4.0
builtins/getopt,bashintl,5.0
builtins/getopt,config,2.0
builtins/getopt,include/memalloc,1.0
builtins/getopt,lib/readline/histlib,1.0
builtins/getopt,shell,1.0
builtins/getopt,include/stdc,1.0
builtins/mkbuiltins,bashansi,1.0
builtins/mkbuiltins,bashtypes,1.0
builtins/mkbuiltins,config,5.0
builtins/mkbuiltins,execute_cmd,1.0
builtins/mkbuiltins,include/ansi_stdlib,7.0
builtins/mkbuiltins,include/filecntl,1.0
builtins/mkbuiltins,include/posixstat,1.0
builtins/mkbuiltins,include/stdc,1.0
builtins/mkbuiltins,lib/intl/eval-plural,1.0
builtins/mkbuiltins,lib/termcap/termcap,10.0
builtins/mkbuiltins,support/printenv,19.0
builtins/mkbuiltins,y.tab,19.0
builtins/psize,bashtypes,1.0
builtins/psize,command,1.0
builtins/psize,config,3.0
builtins/psize,general,1.0
builtins/psize,include/ansi_stdlib,1.0
builtins/psize,sig,2.0
command,config,3.0
command,include/stdc,1.0
config-bot,config-top,1.0
config-bot,config,47.0
config,config-bot,1.0
config,config-top,1.0
copy_cmd,bashtypes,1.0
copy_cmd,command,385.0
copy_cmd,config,12.0
copy_cmd,externs,3.0
copy_cmd,general,7.0
copy_cmd,make_cmd,2.0
copy_cmd,shell,1.0
copy_cmd,support/printenv,6.0
copy_cmd,xmalloc,22.0
dispose_cmd,bashansi,1.0
dispose_cmd,bashtypes,1.0
dispose_cmd,command,166.0
dispose_cmd,config,9.0
dispose_cmd,error,1.0
dispose_cmd,general,2.0
dispose_cmd,include/ocache,23.0
dispose_cmd,shell,1.0
dispose_cmd,xmalloc,3.0
dispose_cmd,y.tab,20.0
dispose_cmd,include/stdc,1.0
error,array,3.0
error,bashansi,1.0
error,bashhist,3.0
error,bashintl,17.0
error,bashtypes,1.0
error,command,4.0
error,config-bot,8.0
error,config,8.0
error,externs,3.0
error,flags,3.0
error,general,2.0
error,include/ansi_stdlib,1.0
error,include/stdc,8.0
error,input,2.0
error,lib/termcap/termcap,1.0
error,shell,6.0
error,variables,8.0
eval,bashansi,1.0
eval,bashhist,1.0
eval,bashintl,2.0
eval,bashjmp,7.0
eval,builtins/common,3.0
eval,command,15.0
eval,config,6.0
eval,dispose_cmd,3.0
eval,error,1.0
eval,execute_cmd,2.0
eval,externs,2.0
eval,flags,4.0
eval,include/ansi_stdlib,1.0
eval,input,6.0
eval,quit,8.0
eval,shell,17.0
eval,sig,14.0
eval,subst,1.0
eval,trap,3.0
eval,variables,12.0
execute_cmd,alias,2.0
execute_cmd,array,31.0
execute_cmd,arrayfunc,3.0
execute_cmd,bashansi,1.0
execute_cmd,bashhist,2.0
execute_cmd,bashintl,11.0
execute_cmd,bashjmp,18.0
execute_cmd,bashtypes,1.0
execute_cmd,builtins,10.0
execute_cmd,builtins/builtext,15.0
execute_cmd,builtins/common,8.0
execute_cmd,builtins/mkbuiltins,4.0
execute_cmd,command,904.0
execute_cmd,config-bot,1.0
execute_cmd,config-top,2.0
execute_cmd,config,101.0
execute_cmd,dispose_cmd,25.0
execute_cmd,error,18.0
execute_cmd,externs,43.0
execute_cmd,findcmd,4.0
execute_cmd,flags,29.0
execute_cmd,general,48.0
execute_cmd,hashcmd,1.0
execute_cmd,hashlib,3.0
execute_cmd,include/ansi_stdlib,18.0
execute_cmd,include/chartypes,2.0
execute_cmd,include/filecntl,3.0
execute_cmd,include/memalloc,1.0
execute_cmd,include/posixjmp,1.0
execute_cmd,include/posixstat,1.0
execute_cmd,include/posixtime,1.0
execute_cmd,input,1.0
execute_cmd,jobs,37.0
execute_cmd,lib/glob/strmatch,2.0
execute_cmd,lib/readline/histlib,1.0
execute_cmd,lib/termcap/termcap,2.0
execute_cmd,lib/tilde/tilde,1.0
execute_cmd,make_cmd,4.0
execute_cmd,pathexp,9.0
execute_cmd,quit,99.0
execute_cmd,redir,27.0
execute_cmd,shell,265.0
execute_cmd,sig,70.0
execute_cmd,subst,25.0
execute_cmd,support/printenv,40.0
execute_cmd,test,6.0
execute_cmd,trap,103.0
execute_cmd,unwind_prot,87.0
execute_cmd,variables,156.0
execute_cmd,xmalloc,55.0
execute_cmd,y.tab,38.0
execute_cmd,include/stdc,1.0
expr,array,9.0
expr,arrayfunc,5.0
expr,bashansi,1.0
expr,bashintl,22.0
expr,bashjmp,2.0
expr,builtins/mkbuiltins,5.0
expr,config,9.0
expr,error,2.0
expr,externs,5.0
expr,general,17.0
expr,include/chartypes,14.0
expr,include/posixjmp,2.0
expr,shell,3.0
expr,sig,3.0
expr,support/printenv,7.0
expr,variables,9.0
expr,xmalloc,10.0
expr,y.tab,22.0
externs,command,20.0
externs,config-bot,1.0
externs,config,29.0
externs,execute_cmd,1.0
externs,general,9.0
externs,include/stdc,1.0
externs,redir,1.0
externs,shell,1.0
externs,variables,1.0
externs,y.tab,1.0
findcmd,bashansi,1.0
findcmd,bashtypes,1.0
findcmd,config,3.0
findcmd,externs,3.0
findcmd,flags,2.0
findcmd,general,58.0
findcmd,hashcmd,4.0
findcmd,hashlib,1.0
findcmd,include/chartypes,1.0
findcmd,include/filecntl,1.0
findcmd,include/memalloc,1.0
findcmd,include/posixstat,2.0
findcmd,pathexp,1.0
findcmd,quit,4.0
findcmd,shell,5.0
findcmd,sig,2.0
findcmd,support/printenv,14.0
findcmd,variables,13.0
findcmd,xmalloc,12.0
findcmd,y.tab,12.0
findcmd,include/stdc,1.0
flags,bashhist,2.0
flags,config,19.0
flags,externs,2.0
flags,shell,2.0
flags,xmalloc,1.0
flags,include/stdc,1.0
general,arrayfunc,1.0
general,bashansi,1.0
general,bashintl,4.0
general,bashtypes,2.0
general,builtins/mkbuiltins,2.0
general,command,13.0
general,config,28.0
general,error,2.0
general,execute_cmd,4.0
general,externs,14.0
general,include/chartypes,17.0
general,include/filecntl,1.0
general,include/posixstat,2.0
general,lib/termcap/termcap,1.0
general,lib/tilde/tilde,7.0
general,shell,18.0
general,sig,6.0
general,support/printenv,14.0
general,syntax,7.0
general,test,1.0
general,variables,4.0
general,xmalloc,15.0
general,y.tab,1.0
general,include/stdc,1.0
hashcmd,bashansi,1.0
hashcmd,bashtypes,1.0
hashcmd,config,2.0
hashcmd,findcmd,2.0
hashcmd,general,1.0
hashcmd,hashlib,27.0
hashcmd,include/posixstat,1.0
hashcmd,shell,1.0
hashcmd,support/printenv,11.0
hashcmd,xmalloc,12.0
hashcmd,y.tab,6.0
hashcmd,include/stdc,1.0
hashlib,bashansi,1.0
hashlib,config,2.0
hashlib,general,8.0
hashlib,lib/termcap/termcap,2.0
hashlib,shell,1.0
hashlib,support/printenv,4.0
hashlib,xmalloc,10.0
hashlib,y.tab,5.0
hashlib,include/stdc,1.0
include/chartypes,config,7.0
include/chartypes,lib/readline/chardefs,1.0
include/gettext,config,1.0
include/maxpath,config,1.0
include/memalloc,config,4.0
include/posixselect,lib/readline/posixselect,2.0
include/posixwait,config,1.0
include/shmbchar,config-bot,1.0
include/shmbutil,config-bot,13.0
include/shmbutil,config,1.0
include/shmbutil,include/shmbchar,1.0
include/shmbutil,include/stdc,1.0
include/shtty,config,2.0
include/shtty,include/stdc,1.0
include/stdc,config-bot,1.0
include/stdc,config,1.0
include/systimes,include/stdc,1.0
include/typemax,config,2.0
include/typemax,general,1.0
input,bashansi,1.0
input,bashintl,4.0
input,bashtypes,1.0
input,command,1.0
input,config-top,3.0
input,config,3.0
input,error,4.0
input,execute_cmd,3.0
input,externs,6.0
input,general,3.0
input,include/filecntl,2.0
input,include/posixstat,1.0
input,lib/termcap/termcap,5.0
input,quit,13.0
input,xmalloc,4.0
input,y.tab,2.0
input,include/stdc,1.0
jobs,bashansi,1.0
jobs,bashintl,33.0
jobs,bashtypes,1.0
jobs,builtins/builtext,5.0
jobs,builtins/common,7.0
jobs,command,10.0
jobs,config-top,5.0
jobs,config,34.0
jobs,error,21.0
jobs,execute_cmd,5.0
jobs,externs,7.0
jobs,flags,7.0
jobs,general,15.0
jobs,include/ansi_stdlib,1.0
jobs,include/filecntl,2.0
jobs,include/posixjmp,1.0
jobs,include/posixtime,1.0
jobs,include/posixwait,22.0
jobs,include/shtty,8.0
jobs,input,5.0
jobs,lib/intl/eval-plural,7.0
jobs,lib/readline/rldefs,6.0
jobs,lib/sh/dprintf,1.0
jobs,lib/termcap/termcap,4.0
jobs,quit,33.0
jobs,shell,30.0
jobs,sig,78.0
jobs,siglist,2.0
jobs,support/printenv,9.0
jobs,test,1.0
jobs,trap,26.0
jobs,unwind_prot,24.0
jobs,variables,3.0
jobs,xmalloc,17.0
jobs,y.tab,9.0
jobs,include/stdc,1.0
lib/glob/collsyms,lib/glob/glob,191.0
lib/glob/collsyms,lib/glob/smatch,199.0
lib/glob/glob,bashansi,1.0
lib/glob/glob,bashtypes,1.0
lib/glob/glob,config-bot,7.0
lib/glob/glob,config,5.0
lib/glob/glob,externs,3.0
lib/glob/glob,general,4.0
lib/glob/glob,include/filecntl,1.0
lib/glob/glob,include/memalloc,1.0
lib/glob/glob,include/shmbchar,11.0
lib/glob/glob,include/shmbutil,5.0
lib/glob/glob,include/stdc,2.0
lib/glob/glob,lib/glob/glob_loop,2.0
lib/glob/glob,lib/glob/ndir,1.0
lib/glob/glob,lib/glob/strmatch,2.0
lib/glob/glob,lib/intl/dcigettext,3.0
lib/glob/glob,lib/intl/localcharset,53.0
lib/glob/glob,lib/malloc/malloc,53.0
lib/glob/glob,lib/readline/ansi_stdlib,53.0
lib/glob/glob,lib/readline/posixdir,5.0
lib/glob/glob,lib/readline/posixstat,1.0
lib/glob/glob,lib/readline/xmalloc,1.0
lib/glob/glob,lib/sh/eaccess,1.0
lib/glob/glob,lib/sh/shquote,9.0
lib/glob/glob,lib/termcap/termcap,62.0
lib/glob/glob,lib/termcap/tparam,28.0
lib/glob/glob,quit,10.0
lib/glob/glob,shell,1.0
lib/glob/glob,sig,2.0
lib/glob/glob,test,1.0
lib/glob/glob,y.tab,50.0
lib/glob/gmisc,bashansi,1.0
lib/glob/gmisc,bashtypes,1.0
lib/glob/gmisc,config-bot,1.0
lib/glob/gmisc,config,2.0
lib/glob/gmisc,include/shmbutil,1.0
lib/glob/gmisc,include/stdc,1.0
lib/glob/smatch,bashansi,1.0
lib/glob/smatch,config-bot,2.0
lib/glob/smatch,config,4.0
lib/glob/smatch,include/chartypes,27.0
lib/glob/smatch,include/shmbchar,1.0
lib/glob/smatch,include/shmbutil,3.0
lib/glob/smatch,lib/glob/collsyms,8.0
lib/glob/smatch,lib/glob/sm_loop,2.0
lib/glob/smatch,lib/glob/strmatch,2.0
lib/glob/smatch,lib/intl/localcharset,6.0
lib/glob/smatch,lib/malloc/malloc,6.0
lib/glob/smatch,lib/readline/ansi_stdlib,6.0
lib/glob/smatch,lib/readline/xmalloc,1.0
lib/glob/smatch,lib/termcap/termcap,7.0
lib/glob/smatch,lib/termcap/tparam,1.0
lib/glob/smatch,support/printenv,1.0
lib/glob/smatch,y.tab,6.0
lib/glob/strmatch,config-bot,3.0
lib/glob/strmatch,config,2.0
lib/glob/strmatch,include/stdc,2.0
lib/glob/xmbsrtowcs,bashansi,1.0
lib/glob/xmbsrtowcs,config-bot,1.0
lib/glob/xmbsrtowcs,config,3.0
lib/glob/xmbsrtowcs,include/shmbchar,3.0
lib/glob/xmbsrtowcs,include/shmbutil,2.0
lib/glob/xmbsrtowcs,lib/intl/localcharset,16.0
lib/glob/xmbsrtowcs,lib/malloc/malloc,16.0
lib/glob/xmbsrtowcs,lib/readline/ansi_stdlib,16.0
lib/glob/xmbsrtowcs,lib/sh/shquote,1.0
lib/glob/xmbsrtowcs,lib/termcap/termcap,17.0
lib/glob/xmbsrtowcs,lib/termcap/tparam,7.0
lib/glob/xmbsrtowcs,y.tab,13.0
lib/intl/bindtextdom,lib/intl/gettextP,45.0
lib/intl/bindtextdom,lib/intl/localcharset,9.0
lib/intl/bindtextdom,lib/sh/shquote,5.0
lib/intl/bindtextdom,lib/termcap/termcap,12.0
lib/intl/bindtextdom,lib/termcap/tparam,5.0
lib/intl/dcgettext,lib/intl/gettextP,2.0
lib/intl/dcigettext,lib/glob/glob,3.0
lib/intl/dcigettext,lib/intl/eval-plural,1.0
lib/intl/dcigettext,lib/intl/gettextP,57.0
lib/intl/dcigettext,lib/intl/gmo,16.0
lib/intl/dcigettext,lib/intl/hash-string,1.0
lib/intl/dcigettext,lib/intl/loadinfo,19.0
lib/intl/dcigettext,lib/intl/localcharset,2.0
lib/intl/dcigettext,lib/intl/plural-exp,2.0
lib/intl/dcigettext,lib/readline/histlib,6.0
lib/intl/dcigettext,lib/sh/shquote,5.0
lib/intl/dcigettext,lib/termcap/termcap,12.0
lib/intl/dcigettext,lib/termcap/tparam,5.0
lib/intl/dcigettext,redir,3.0
lib/intl/dcngettext,lib/intl/gettextP,2.0
lib/intl/dgettext,lib/intl/gettextP,1.0
lib/intl/dngettext,lib/intl/gettextP,1.0
lib/intl/eval-plural,lib/intl/dcigettext,2.0
lib/intl/eval-plural,lib/intl/gettextP,2.0
lib/intl/eval-plural,lib/intl/loadinfo,2.0
lib/intl/eval-plural,lib/intl/plural-exp,38.0
lib/intl/explodename,lib/intl/loadinfo,13.0
lib/intl/explodename,lib/intl/localcharset,1.0
lib/intl/explodename,lib/readline/histlib,1.0
lib/intl/explodename,lib/termcap/termcap,1.0
lib/intl/finddomain,lib/intl/gettextP,6.0
lib/intl/finddomain,lib/intl/loadinfo,25.0
lib/intl/finddomain,lib/intl/localcharset,3.0
lib/intl/finddomain,lib/sh/shquote,3.0
lib/intl/finddomain,lib/termcap/termcap,3.0
lib/intl/finddomain,lib/termcap/tparam,3.0
lib/intl/gettext,lib/intl/gettextP,1.0
lib/intl/gettextP,lib/intl/gmo,9.0
lib/intl/gettextP,lib/intl/loadinfo,12.0
lib/intl/intl-compat,lib/intl/gettextP,1.0
lib/intl/l10nflist,lib/intl/loadinfo,53.0
lib/intl/l10nflist,lib/intl/localcharset,4.0
lib/intl/l10nflist,lib/readline/histlib,1.0
lib/intl/l10nflist,lib/sh/shquote,12.0
lib/intl/l10nflist,lib/termcap/termcap,13.0
lib/intl/l10nflist,lib/termcap/tparam,12.0
lib/intl/loadmsgcat,lib/glob/glob,1.0
lib/intl/loadmsgcat,lib/intl/gettextP,96.0
lib/intl/loadmsgcat,lib/intl/gmo,94.0
lib/intl/loadmsgcat,lib/intl/hash-string,1.0
lib/intl/loadmsgcat,lib/intl/loadinfo,11.0
lib/intl/loadmsgcat,lib/intl/localcharset,8.0
lib/intl/loadmsgcat,lib/intl/plural-exp,3.0
lib/intl/loadmsgcat,lib/malloc/malloc,14.0
lib/intl/loadmsgcat,lib/readline/ansi_stdlib,14.0
lib/intl/loadmsgcat,lib/sh/shquote,2.0
lib/intl/loadmsgcat,lib/termcap/termcap,2.0
lib/intl/loadmsgcat,lib/termcap/tparam,2.0
lib/intl/loadmsgcat,redir,1.0
lib/intl/localcharset,lib/intl/eval-plural,1.0
lib/intl/localcharset,lib/sh/shquote,7.0
lib/intl/localcharset,lib/termcap/termcap,8.0
lib/intl/localcharset,lib/termcap/tparam,7.0
lib/intl/localealias,lib/glob/glob,1.0
lib/intl/localealias,lib/intl/gettextP,3.0
lib/intl/localealias,lib/intl/loadinfo,5.0
lib/intl/localealias,lib/intl/localcharset,2.0
lib/intl/localealias,lib/readline/ansi_stdlib,1.0
lib/intl/localealias,lib/readline/histlib,1.0
lib/intl/localealias,lib/sh/shquote,2.0
lib/intl/localealias,lib/termcap/termcap,2.0
lib/intl/localealias,lib/termcap/tparam,2.0
lib/intl/localealias,redir,1.0
lib/intl/localename,lib/intl/localcharset,3.0
lib/intl/log,lib/intl/localcharset,2.0
lib/intl/log,lib/sh/shquote,1.0
lib/intl/log,lib/termcap/termcap,2.0
lib/intl/log,lib/termcap/tparam,1.0
lib/intl/ngettext,lib/intl/gettextP,1.0
lib/intl/os2compat,lib/intl/localcharset,2.0
lib/intl/os2compat,lib/sh/shquote,4.0
lib/intl/os2compat,lib/termcap/termcap,4.0
lib/intl/os2compat,lib/termcap/tparam,4.0
lib/intl/plural-exp,lib/intl/loadinfo,4.0
lib/intl/plural-exp,lib/sh/strstr,2.0
lib/intl/plural-exp,lib/intl/gettextP,2.0
lib/intl/plural,lib/intl/loadinfo,1.0
lib/intl/plural,lib/intl/localcharset,5.0
lib/intl/plural,lib/intl/plural-exp,85.0
lib/intl/textdomain,lib/intl/gettextP,4.0
lib/intl/textdomain,lib/intl/localcharset,2.0
lib/intl/textdomain,lib/sh/shquote,1.0
lib/intl/textdomain,lib/termcap/termcap,3.0
lib/intl/textdomain,lib/termcap/tparam,1.0
lib/malloc/malloc,include/stdc,5.0
lib/malloc/malloc,lib/malloc/getpagesize,1.0
lib/malloc/malloc,lib/malloc/imalloc,14.0
lib/malloc/mstats,lib/malloc/imalloc,1.0
lib/malloc/stats,lib/malloc/imalloc,1.0
lib/malloc/table,lib/malloc/imalloc,2.0
lib/malloc/trace,lib/malloc/imalloc,1.0
lib/malloc/watch,lib/malloc/imalloc,2.0
lib/malloc/xmalloc,lib/readline/ansi_stdlib,6.0
lib/readline/bind,builtins/mkbuiltins,13.0
lib/readline/bind,lib/readline/ansi_stdlib,8.0
lib/readline/bind,lib/readline/chardefs,126.0
lib/readline/bind,lib/readline/histlib,2.0
lib/readline/bind,lib/readline/history,4.0
lib/readline/bind,lib/readline/keymaps,130.0
lib/readline/bind,lib/readline/posixstat,1.0
lib/readline/bind,lib/readline/readline,55.0
lib/readline/bind,lib/readline/rlconf,11.0
lib/readline/bind,lib/readline/rldefs,59.0
lib/readline/bind,lib/readline/rlprivate,107.0
lib/readline/bind,lib/readline/rlshell,2.0
lib/readline/bind,lib/readline/rltypedefs,26.0
lib/readline/bind,lib/readline/tilde,1.0
lib/readline/bind,lib/readline/xmalloc,47.0
lib/readline/bind,lib/sh/shquote,19.0
lib/readline/bind,lib/termcap/termcap,19.0
lib/readline/bind,lib/termcap/tparam,19.0
lib/readline/bind,support/printenv,1.0
lib/readline/callback,lib/readline/ansi_stdlib,2.0
lib/readline/callback,lib/readline/posixjmp,3.0
lib/readline/callback,lib/readline/readline,63.0
lib/readline/callback,lib/readline/rlconf,6.0
lib/readline/callback,lib/readline/rldefs,1.0
lib/readline/callback,lib/readline/rlprivate,61.0
lib/readline/callback,lib/readline/rltypedefs,2.0
lib/readline/callback,lib/readline/xmalloc,3.0
lib/readline/compat,lib/readline/rlstdc,1.0
lib/readline/compat,lib/readline/rltypedefs,3.0
lib/readline/complete,lib/readline/ansi_stdlib,26.0
lib/readline/complete,lib/readline/chardefs,41.0
lib/readline/complete,lib/readline/histlib,7.0
lib/readline/complete,lib/readline/posixdir,4.0
lib/readline/complete,lib/readline/posixstat,1.0
lib/readline/complete,lib/readline/readline,179.0
lib/readline/complete,lib/readline/rlconf,7.0
lib/readline/complete,lib/readline/rldefs,8.0
lib/readline/complete,lib/readline/rlmbutil,3.0
lib/readline/complete,lib/readline/rlprivate,27.0
lib/readline/complete,lib/readline/rltypedefs,30.0
lib/readline/complete,lib/readline/tilde,4.0
lib/readline/complete,lib/readline/xmalloc,49.0
lib/readline/complete,lib/sh/shquote,34.0
lib/readline/complete,lib/termcap/termcap,34.0
lib/readline/complete,lib/termcap/tparam,34.0
lib/readline/complete,support/printenv,2.0
lib/readline/display,config-bot,1.0
lib/readline/display,lib/readline/ansi_stdlib,5.0
lib/readline/display,lib/readline/chardefs,32.0
lib/readline/display,lib/readline/histlib,1.0
lib/readline/display,lib/readline/history,2.0
lib/readline/display,lib/readline/posixstat,1.0
lib/readline/display,lib/readline/readline,50.0
lib/readline/display,lib/readline/rlconf,3.0
lib/readline/display,lib/readline/rldefs,1.0
lib/readline/display,lib/readline/rlmbutil,37.0
lib/readline/display,lib/readline/rlprivate,193.0
lib/readline/display,lib/readline/rltypedefs,1.0
lib/readline/display,lib/readline/tcap,22.0
lib/readline/display,lib/readline/xmalloc,26.0
lib/readline/display,lib/sh/shquote,16.0
lib/readline/display,lib/termcap/termcap,16.0
lib/readline/display,lib/termcap/tparam,16.0
lib/readline/emacs_keymap,lib/readline/keymaps,774.0
lib/readline/emacs_keymap,lib/readline/readline,354.0
lib/readline/emacs_keymap,lib/readline/rltypedefs,415.0
lib/readline/funmap,lib/readline/ansi_stdlib,2.0
lib/readline/funmap,lib/readline/readline,144.0
lib/readline/funmap,lib/readline/rlconf,2.0
lib/readline/funmap,lib/readline/rltypedefs,2.0
lib/readline/funmap,lib/readline/xmalloc,4.0
lib/readline/histexpand,builtins/mkbuiltins,17.0
lib/readline/histexpand,lib/readline/ansi_stdlib,7.0
lib/readline/histexpand,lib/readline/chardefs,6.0
lib/readline/histexpand,lib/readline/histlib,34.0
lib/readline/histexpand,lib/readline/history,21.0
lib/readline/histexpand,lib/readline/rlmbutil,1.0
lib/readline/histexpand,lib/readline/rlshell,2.0
lib/readline/histexpand,lib/readline/rltypedefs,1.0
lib/readline/histexpand,lib/readline/xmalloc,85.0
lib/readline/histexpand,lib/sh/shquote,36.0
lib/readline/histexpand,lib/termcap/termcap,36.0
lib/readline/histexpand,lib/termcap/tparam,36.0
lib/readline/histexpand,support/printenv,1.0
lib/readline/histfile,builtins/mkbuiltins,1.0
lib/readline/histfile,lib/readline/ansi_stdlib,12.0
lib/readline/histfile,lib/readline/histlib,3.0
lib/readline/histfile,lib/readline/history,26.0
lib/readline/histfile,lib/readline/posixstat,1.0
lib/readline/histfile,lib/readline/rlshell,2.0
lib/readline/histfile,lib/readline/xmalloc,6.0
lib/readline/histfile,lib/sh/shquote,7.0
lib/readline/histfile,lib/termcap/termcap,7.0
lib/readline/histfile,lib/termcap/tparam,7.0
lib/readline/history,builtins/mkbuiltins,6.0
lib/readline/history,lib/readline/ansi_stdlib,4.0
lib/readline/history,lib/readline/histlib,1.0
lib/readline/history,lib/readline/xmalloc,20.0
lib/readline/history,lib/sh/shquote,14.0
lib/readline/history,lib/termcap/termcap,14.0
lib/readline/history,lib/termcap/tparam,14.0
lib/readline/history,lib/readline/bind,1.0
lib/readline/history,lib/readline/callback,1.0
lib/readline/history,lib/readline/compat,1.0
lib/readline/history,lib/readline/complete,1.0
lib/readline/history,lib/readline/display,1.0
lib/readline/history,lib/readline/funmap,1.0
lib/readline/history,lib/readline/histexpand,1.0
lib/readline/history,lib/readline/histfile,1.0
lib/readline/history,lib/readline/histsearch,1.0
lib/readline/history,lib/readline/input,1.0
lib/readline/history,lib/readline/isearch,1.0
lib/readline/history,lib/readline/keymaps,1.0
lib/readline/history,lib/readline/kill,1.0
lib/readline/history,lib/readline/macro,1.0
lib/readline/history,lib/readline/mbutil,1.0
lib/readline/history,lib/readline/misc,1.0
lib/readline/history,lib/readline/nls,1.0
lib/readline/history,lib/readline/parens,1.0
lib/readline/history,lib/readline/readline,1.0
lib/readline/history,lib/readline/rlstdc,1.0
lib/readline/history,lib/readline/rltty,1.0
lib/readline/history,lib/readline/rltypedefs,2.0
lib/readline/history,lib/readline/savestring,1.0
lib/readline/history,lib/readline/search,1.0
lib/readline/history,lib/readline/shell,1.0
lib/readline/history,lib/readline/signals,1.0
lib/readline/history,lib/readline/terminal,1.0
lib/readline/history,lib/readline/text,1.0
lib/readline/history,lib/readline/undo,1.0
lib/readline/history,lib/readline/util,1.0
lib/readline/history,lib/readline/vi_mode,1.0
lib/readline/history,lib/readline/xfree,1.0
lib/readline/histsearch,lib/readline/ansi_stdlib,1.0
lib/readline/histsearch,lib/readline/histlib,11.0
lib/readline/histsearch,lib/readline/history,14.0
lib/readline/histsearch,lib/sh/shquote,2.0
lib/readline/histsearch,lib/termcap/termcap,2.0
lib/readline/histsearch,lib/termcap/tparam,2.0
lib/readline/histsearch,support/printenv,3.0
lib/readline/input,config,5.0
lib/readline/input,lib/readline/ansi_stdlib,1.0
lib/readline/input,lib/readline/chardefs,1.0
lib/readline/input,lib/readline/keymaps,3.0
lib/readline/input,lib/readline/posixselect,2.0
lib/readline/input,lib/readline/readline,27.0
lib/readline/input,lib/readline/rldefs,1.0
lib/readline/input,lib/readline/rlmbutil,1.0
lib/readline/input,lib/readline/rlprivate,21.0
lib/readline/input,lib/readline/rlshell,2.0
lib/readline/input,lib/readline/rltypedefs,3.0
lib/readline/input,lib/readline/xmalloc,3.0
lib/readline/isearch,lib/readline/ansi_stdlib,5.0
lib/readline/isearch,lib/readline/chardefs,13.0
lib/readline/isearch,lib/readline/histlib,2.0
lib/readline/isearch,lib/readline/history,7.0
lib/readline/isearch,lib/readline/keymaps,7.0
lib/readline/isearch,lib/readline/readline,68.0
lib/readline/isearch,lib/readline/rlconf,1.0
lib/readline/isearch,lib/readline/rldefs,3.0
lib/readline/isearch,lib/readline/rlmbutil,7.0
lib/readline/isearch,lib/readline/rlprivate,285.0
lib/readline/isearch,lib/readline/rltypedefs,2.0
lib/readline/isearch,lib/readline/xmalloc,12.0
lib/readline/isearch,lib/sh/shquote,5.0
lib/readline/isearch,lib/termcap/termcap,5.0
lib/readline/isearch,lib/termcap/tparam,5.0
lib/readline/isearch,support/printenv,1.0
lib/readline/keymaps,lib/readline/ansi_stdlib,1.0
lib/readline/keymaps,lib/readline/chardefs,2.0
lib/readline/keymaps,lib/readline/emacs_keymap,1.0
lib/readline/keymaps,lib/readline/readline,7.0
lib/readline/keymaps,lib/readline/rlconf,2.0
lib/readline/keymaps,lib/readline/rltypedefs,3.0
lib/readline/keymaps,lib/readline/vi_keymap,1.0
lib/readline/keymaps,lib/readline/xmalloc,6.0
lib/readline/keymaps,lib/readline/bind,1.0
lib/readline/keymaps,lib/readline/callback,1.0
lib/readline/keymaps,lib/readline/compat,1.0
lib/readline/keymaps,lib/readline/complete,1.0
lib/readline/keymaps,lib/readline/display,1.0
lib/readline/keymaps,lib/readline/funmap,1.0
lib/readline/keymaps,lib/readline/histexpand,1.0
lib/readline/keymaps,lib/readline/histfile,1.0
lib/readline/keymaps,lib/readline/history,1.0
lib/readline/keymaps,lib/readline/histsearch,1.0
lib/readline/keymaps,lib/readline/input,1.0
lib/readline/keymaps,lib/readline/isearch,1.0
lib/readline/keymaps,lib/readline/kill,1.0
lib/readline/keymaps,lib/readline/macro,1.0
lib/readline/keymaps,lib/readline/mbutil,1.0
lib/readline/keymaps,lib/readline/misc,1.0
lib/readline/keymaps,lib/readline/nls,1.0
lib/readline/keymaps,lib/readline/parens,1.0
lib/readline/keymaps,lib/readline/rlstdc,1.0
lib/readline/keymaps,lib/readline/rltty,1.0
lib/readline/keymaps,lib/readline/savestring,1.0
lib/readline/keymaps,lib/readline/search,1.0
lib/readline/keymaps,lib/readline/shell,1.0
lib/readline/keymaps,lib/readline/signals,1.0
lib/readline/keymaps,lib/readline/terminal,1.0
lib/readline/keymaps,lib/readline/text,1.0
lib/readline/keymaps,lib/readline/undo,1.0
lib/readline/keymaps,lib/readline/util,1.0
lib/readline/keymaps,lib/readline/vi_mode,1.0
lib/readline/keymaps,lib/readline/xfree,1.0
lib/readline/kill,builtins/mkbuiltins,4.0
lib/readline/kill,lib/readline/ansi_stdlib,2.0
lib/readline/kill,lib/readline/history,8.0
lib/readline/kill,lib/readline/readline,132.0
lib/readline/kill,lib/readline/rlconf,1.0
lib/readline/kill,lib/readline/rldefs,4.0
lib/readline/kill,lib/readline/rlprivate,12.0
lib/readline/kill,lib/readline/xmalloc,8.0
lib/readline/kill,lib/sh/shquote,3.0
lib/readline/kill,lib/termcap/termcap,3.0
lib/readline/kill,lib/termcap/tparam,3.0
lib/readline/kill,support/printenv,1.0
lib/readline/macro,lib/readline/ansi_stdlib,3.0
lib/readline/macro,lib/readline/history,1.0
lib/readline/macro,lib/readline/readline,34.0
lib/readline/macro,lib/readline/rlconf,1.0
lib/readline/macro,lib/readline/rldefs,1.0
lib/readline/macro,lib/readline/rlprivate,5.0
lib/readline/macro,lib/readline/xmalloc,10.0
lib/readline/macro,lib/sh/shquote,4.0
lib/readline/macro,lib/termcap/termcap,4.0
lib/readline/macro,lib/termcap/tparam,4.0
lib/readline/mbutil,lib/readline/ansi_stdlib,1.0
lib/readline/mbutil,lib/readline/posixjmp,1.0
lib/readline/mbutil,lib/readline/readline,1.0
lib/readline/mbutil,lib/readline/rldefs,1.0
lib/readline/mbutil,lib/readline/rlmbutil,3.0
lib/readline/mbutil,lib/readline/rlprivate,1.0
lib/readline/mbutil,lib/readline/xmalloc,1.0
lib/readline/misc,lib/readline/ansi_stdlib,5.0
lib/readline/misc,lib/readline/chardefs,3.0
lib/readline/misc,lib/readline/history,53.0
lib/readline/misc,lib/readline/keymaps,5.0
lib/readline/misc,lib/readline/readline,149.0
lib/readline/misc,lib/readline/rlconf,3.0
lib/readline/misc,lib/readline/rldefs,5.0
lib/readline/misc,lib/readline/rlmbutil,1.0
lib/readline/misc,lib/readline/rlprivate,25.0
lib/readline/misc,lib/readline/rlshell,1.0
lib/readline/misc,lib/readline/xmalloc,12.0
lib/readline/misc,lib/sh/shquote,6.0
lib/readline/misc,lib/termcap/termcap,6.0
lib/readline/misc,lib/termcap/tparam,6.0
lib/readline/nls,lib/readline/ansi_stdlib,2.0
lib/readline/nls,lib/readline/chardefs,11.0
lib/readline/nls,lib/readline/readline,1.0
lib/readline/nls,lib/readline/rldefs,1.0
lib/readline/nls,lib/readline/rlprivate,4.0
lib/readline/nls,lib/readline/rlshell,4.0
lib/readline/nls,lib/sh/shquote,2.0
lib/readline/nls,lib/termcap/termcap,2.0
lib/readline/nls,lib/termcap/tparam,2.0
lib/readline/parens,config,2.0
lib/readline/parens,lib/readline/histlib,1.0
lib/readline/parens,lib/readline/keymaps,6.0
lib/readline/parens,lib/readline/posixselect,2.0
lib/readline/parens,lib/readline/readline,21.0
lib/readline/parens,lib/readline/rlconf,1.0
lib/readline/parens,lib/readline/rlprivate,3.0
lib/readline/posixdir,config,5.0
lib/readline/readline,lib/readline/ansi_stdlib,2.0
lib/readline/readline,lib/readline/chardefs,23.0
lib/readline/readline,lib/readline/history,8.0
lib/readline/readline,lib/readline/keymaps,103.0
lib/readline/readline,lib/readline/posixjmp,2.0
lib/readline/readline,lib/readline/posixstat,1.0
lib/readline/readline,lib/readline/rlconf,20.0
lib/readline/readline,lib/readline/rldefs,13.0
lib/readline/readline,lib/readline/rlmbutil,1.0
lib/readline/readline,lib/readline/rlprivate,91.0
lib/readline/readline,lib/readline/rlshell,2.0
lib/readline/readline,lib/readline/rltypedefs,53.0
lib/readline/readline,lib/readline/xmalloc,15.0
lib/readline/readline,lib/sh/shquote,8.0
lib/readline/readline,lib/termcap/termcap,8.0
lib/readline/readline,lib/termcap/tparam,8.0
lib/readline/readline,config-bot,2.0
lib/readline/readline,lib/readline/bind,1.0
lib/readline/readline,lib/readline/callback,1.0
lib/readline/readline,lib/readline/compat,1.0
lib/readline/readline,lib/readline/complete,1.0
lib/readline/readline,lib/readline/display,1.0
lib/readline/readline,lib/readline/funmap,1.0
lib/readline/readline,lib/readline/histexpand,1.0
lib/readline/readline,lib/readline/histfile,1.0
lib/readline/readline,lib/readline/histsearch,1.0
lib/readline/readline,lib/readline/input,1.0
lib/readline/readline,lib/readline/isearch,1.0
lib/readline/readline,lib/readline/kill,1.0
lib/readline/readline,lib/readline/macro,1.0
lib/readline/readline,lib/readline/mbutil,1.0
lib/readline/readline,lib/readline/misc,1.0
lib/readline/readline,lib/readline/nls,1.0
lib/readline/readline,lib/readline/parens,1.0
lib/readline/readline,lib/readline/rlstdc,1.0
lib/readline/readline,lib/readline/rltty,1.0
lib/readline/readline,lib/readline/savestring,1.0
lib/readline/readline,lib/readline/search,1.0
lib/readline/readline,lib/readline/shell,1.0
lib/readline/readline,lib/readline/signals,1.0
lib/readline/readline,lib/readline/terminal,1.0
lib/readline/readline,lib/readline/text,1.0
lib/readline/readline,lib/readline/tilde,1.0
lib/readline/readline,lib/readline/undo,1.0
lib/readline/readline,lib/readline/util,1.0
lib/readline/readline,lib/readline/vi_mode,1.0
lib/readline/readline,lib/readline/xfree,1.0
lib/readline/rldefs,config-bot,1.0
lib/readline/rldefs,lib/readline/rlconf,1.0
lib/readline/rldefs,lib/readline/rlstdc,1.0
lib/readline/rlmbutil,lib/readline/rlstdc,1.0
lib/readline/rlprivate,config-bot,2.0
lib/readline/rlprivate,lib/readline/keymaps,7.0
lib/readline/rlprivate,lib/readline/posixjmp,2.0
lib/readline/rlprivate,lib/readline/readline,5.0
lib/readline/rlprivate,lib/readline/rlconf,3.0
lib/readline/rlprivate,lib/readline/rldefs,2.0
lib/readline/rlprivate,lib/readline/rlstdc,1.0
lib/readline/rlshell,lib/readline/rlstdc,1.0
lib/readline/rltty,include/shtty,3.0
lib/readline/rltty,lib/readline/keymaps,18.0
lib/readline/rltty,lib/readline/readline,30.0
lib/readline/rltty,lib/readline/rlconf,3.0
lib/readline/rltty,lib/readline/rldefs,8.0
lib/readline/rltty,lib/readline/rlprivate,23.0
lib/readline/rltty,lib/readline/rltypedefs,4.0
lib/readline/rltty,lib/readline/rlwinsize,1.0
lib/readline/savestring,config,2.0
lib/readline/savestring,lib/readline/xmalloc,2.0
lib/readline/savestring,lib/sh/shquote,1.0
lib/readline/savestring,lib/termcap/termcap,1.0
lib/readline/savestring,lib/termcap/tparam,1.0
lib/readline/search,lib/readline/ansi_stdlib,2.0
lib/readline/search,lib/readline/chardefs,6.0
lib/readline/search,lib/readline/history,28.0
lib/readline/search,lib/readline/readline,82.0
lib/readline/search,lib/readline/rlconf,3.0
lib/readline/search,lib/readline/rldefs,3.0
lib/readline/search,lib/readline/rlmbutil,1.0
lib/readline/search,lib/readline/rlprivate,35.0
lib/readline/search,lib/readline/xmalloc,5.0
lib/readline/search,lib/sh/shquote,2.0
lib/readline/search,lib/termcap/termcap,2.0
lib/readline/search,lib/termcap/tparam,2.0
lib/readline/shell,lib/readline/ansi_stdlib,2.0
lib/readline/shell,lib/readline/rlshell,1.0
lib/readline/shell,lib/readline/rlstdc,1.0
lib/readline/shell,lib/readline/xmalloc,2.0
lib/readline/shell,lib/sh/shquote,1.0
lib/readline/shell,lib/termcap/termcap,1.0
lib/readline/shell,lib/termcap/tparam,1.0
lib/readline/signals,lib/readline/chardefs,9.0
lib/readline/signals,lib/readline/history,4.0
lib/readline/signals,lib/readline/readline,24.0
lib/readline/signals,lib/readline/rlconf,1.0
lib/readline/signals,lib/readline/rldefs,1.0
lib/readline/signals,lib/readline/rlprivate,8.0
lib/readline/terminal,lib/readline/ansi_stdlib,5.0
lib/readline/terminal,lib/readline/history,1.0
lib/readline/terminal,lib/readline/keymaps,6.0
lib/readline/terminal,lib/readline/posixstat,1.0
lib/readline/terminal,lib/readline/readline,29.0
lib/readline/terminal,lib/readline/rlconf,1.0
lib/readline/terminal,lib/readline/rldefs,6.0
lib/readline/terminal,lib/readline/rlprivate,12.0
lib/readline/terminal,lib/readline/rlshell,5.0
lib/readline/terminal,lib/readline/rltty,1.0
lib/readline/terminal,lib/readline/tcap,16.0
lib/readline/terminal,lib/readline/xmalloc,3.0
lib/readline/text,builtins/mkbuiltins,2.0
lib/readline/text,lib/readline/ansi_stdlib,1.0
lib/readline/text,lib/readline/chardefs,14.0
lib/readline/text,lib/readline/history,1.0
lib/readline/text,lib/readline/keymaps,1.0
lib/readline/text,lib/readline/readline,336.0
lib/readline/text,lib/readline/rlconf,12.0
lib/readline/text,lib/readline/rldefs,15.0
lib/readline/text,lib/readline/rlmbutil,36.0
lib/readline/text,lib/readline/rlprivate,65.0
lib/readline/text,lib/readline/rlshell,1.0
lib/readline/text,lib/readline/xmalloc,6.0
lib/readline/text,lib/sh/shquote,3.0
lib/readline/text,lib/termcap/termcap,3.0
lib/readline/text,lib/termcap/tparam,3.0
lib/readline/text,support/printenv,1.0
lib/readline/tilde,lib/readline/ansi_stdlib,1.0
lib/readline/tilde,lib/readline/histlib,1.0
lib/readline/tilde,lib/readline/xmalloc,18.0
lib/readline/tilde,lib/sh/shquote,15.0
lib/readline/tilde,lib/termcap/termcap,15.0
lib/readline/tilde,lib/termcap/tparam,15.0
lib/readline/tilde,support/printenv,2.0
lib/readline/undo,lib/readline/ansi_stdlib,1.0
lib/readline/undo,lib/readline/history,7.0
lib/readline/undo,lib/readline/readline,94.0
lib/readline/undo,lib/readline/rlconf,1.0
lib/readline/undo,lib/readline/rldefs,2.0
lib/readline/undo,lib/readline/rlprivate,1.0
lib/readline/undo,lib/readline/xmalloc,8.0
lib/readline/undo,lib/sh/shquote,2.0
lib/readline/undo,lib/termcap/termcap,2.0
lib/readline/undo,lib/termcap/tparam,2.0
lib/readline/util,builtins/mkbuiltins,3.0
lib/readline/util,config-bot,2.0
lib/readline/util,lib/readline/ansi_stdlib,2.0
lib/readline/util,lib/readline/chardefs,46.0
lib/readline/util,lib/readline/histlib,1.0
lib/readline/util,lib/readline/posixjmp,1.0
lib/readline/util,lib/readline/readline,30.0
lib/readline/util,lib/readline/rldefs,2.0
lib/readline/util,lib/readline/rlmbutil,1.0
lib/readline/util,lib/readline/rlprivate,10.0
lib/readline/util,lib/readline/rltypedefs,1.0
lib/readline/util,lib/readline/tilde,2.0
lib/readline/util,lib/readline/xmalloc,9.0
lib/readline/util,lib/sh/shquote,4.0
lib/readline/util,lib/termcap/termcap,4.0
lib/readline/util,lib/termcap/tparam,4.0
lib/readline/vi_keymap,lib/readline/keymaps,516.0
lib/readline/vi_keymap,lib/readline/readline,343.0
lib/readline/vi_keymap,lib/readline/rltypedefs,170.0
lib/readline/vi_mode,builtins/mkbuiltins,25.0
lib/readline/vi_mode,lib/readline/ansi_stdlib,1.0
lib/readline/vi_mode,lib/readline/chardefs,97.0
lib/readline/vi_mode,lib/readline/histlib,5.0
lib/readline/vi_mode,lib/readline/history,3.0
lib/readline/vi_mode,lib/readline/keymaps,18.0
lib/readline/vi_mode,lib/readline/readline,675.0
lib/readline/vi_mode,lib/readline/rlconf,18.0
lib/readline/vi_mode,lib/readline/rldefs,5.0
lib/readline/vi_mode,lib/readline/rlmbutil,17.0
lib/readline/vi_mode,lib/readline/rlprivate,145.0
lib/readline/vi_mode,lib/readline/xmalloc,4.0
lib/readline/xfree,lib/readline/ansi_stdlib,2.0
lib/readline/xfree,lib/readline/xmalloc,1.0
lib/readline/xmalloc,lib/readline/ansi_stdlib,5.0
lib/readline/xmalloc,lib/readline/bind,1.0
lib/readline/xmalloc,lib/readline/callback,1.0
lib/readline/xmalloc,lib/readline/compat,1.0
lib/readline/xmalloc,lib/readline/complete,1.0
lib/readline/xmalloc,lib/readline/display,1.0
lib/readline/xmalloc,lib/readline/funmap,1.0
lib/readline/xmalloc,lib/readline/histexpand,1.0
lib/readline/xmalloc,lib/readline/histfile,1.0
lib/readline/xmalloc,lib/readline/history,1.0
lib/readline/xmalloc,lib/readline/histsearch,1.0
lib/readline/xmalloc,lib/readline/input,1.0
lib/readline/xmalloc,lib/readline/isearch,1.0
lib/readline/xmalloc,lib/readline/keymaps,1.0
lib/readline/xmalloc,lib/readline/kill,1.0
lib/readline/xmalloc,lib/readline/macro,1.0
lib/readline/xmalloc,lib/readline/mbutil,1.0
lib/readline/xmalloc,lib/readline/misc,1.0
lib/readline/xmalloc,lib/readline/nls,1.0
lib/readline/xmalloc,lib/readline/parens,1.0
lib/readline/xmalloc,lib/readline/readline,1.0
lib/readline/xmalloc,lib/readline/rlstdc,1.0
lib/readline/xmalloc,lib/readline/rltty,1.0
lib/readline/xmalloc,lib/readline/savestring,1.0
lib/readline/xmalloc,lib/readline/search,1.0
lib/readline/xmalloc,lib/readline/shell,1.0
lib/readline/xmalloc,lib/readline/signals,1.0
lib/readline/xmalloc,lib/readline/terminal,1.0
lib/readline/xmalloc,lib/readline/text,1.0
lib/readline/xmalloc,lib/readline/undo,1.0
lib/readline/xmalloc,lib/readline/util,1.0
lib/readline/xmalloc,lib/readline/vi_mode,1.0
lib/readline/xmalloc,lib/readline/xfree,1.0
lib/sh/casemod,bashansi,1.0
lib/sh/casemod,bashintl,1.0
lib/sh/casemod,bashtypes,1.0
lib/sh/casemod,config-bot,5.0
lib/sh/casemod,include/chartypes,13.0
lib/sh/casemod,include/shmbchar,4.0
lib/sh/casemod,include/shmbutil,6.0
lib/sh/casemod,include/stdc,1.0
lib/sh/casemod,lib/glob/strmatch,2.0
lib/sh/casemod,lib/intl/localcharset,1.0
lib/sh/casemod,lib/malloc/malloc,1.0
lib/sh/casemod,lib/readline/ansi_stdlib,1.0
lib/sh/casemod,lib/readline/xmalloc,3.0
lib/sh/casemod,lib/sh/shquote,2.0
lib/sh/casemod,lib/termcap/termcap,1.0
lib/sh/casemod,y.tab,1.0
lib/sh/clktck,bashtypes,1.0
lib/sh/clktck,config,5.0
lib/sh/clock,config,3.0
lib/sh/clock,include/posixtime,1.0
lib/sh/clock,include/stdc,1.0
lib/sh/dprintf,config-bot,2.0
lib/sh/dprintf,include/stdc,1.0
lib/sh/eaccess,bashansi,1.0
lib/sh/eaccess,bashtypes,1.0
lib/sh/eaccess,general,9.0
lib/sh/eaccess,include/filecntl,1.0
lib/sh/eaccess,lib/readline/posixstat,2.0
lib/sh/eaccess,lib/termcap/termcap,6.0
lib/sh/eaccess,shell,13.0
lib/sh/eaccess,support/printenv,4.0
lib/sh/fmtullong,config,2.0
lib/sh/fmtullong,lib/sh/fmtulong,1.0
lib/sh/fmtulong,bashansi,1.0
lib/sh/fmtulong,bashintl,2.0
lib/sh/fmtulong,include/chartypes,8.0
lib/sh/fmtulong,include/stdc,1.0
lib/sh/fmtulong,include/typemax,1.0
lib/sh/fmtumax,config,1.0
lib/sh/fmtumax,lib/sh/fmtulong,1.0
lib/sh/fnxform,bashansi,1.0
lib/sh/fnxform,bashintl,1.0
lib/sh/fnxform,bashtypes,1.0
lib/sh/fnxform,config,6.0
lib/sh/fnxform,include/stdc,1.0
lib/sh/fnxform,lib/readline/xmalloc,1.0
lib/sh/fpurge,config,4.0
lib/sh/fpurge,include/stdc,1.0
lib/sh/getcwd,bashansi,1.0
lib/sh/getcwd,bashtypes,1.0
lib/sh/getcwd,config,5.0
lib/sh/getcwd,include/maxpath,1.0
lib/sh/getcwd,include/memalloc,1.0
lib/sh/getcwd,lib/glob/glob,1.0
lib/sh/getcwd,lib/glob/ndir,1.0
lib/sh/getcwd,lib/intl/localcharset,9.0
lib/sh/getcwd,lib/malloc/malloc,9.0
lib/sh/getcwd,lib/readline/ansi_stdlib,9.0
lib/sh/getcwd,lib/readline/posixdir,2.0
lib/sh/getcwd,lib/readline/posixstat,1.0
lib/sh/getcwd,lib/readline/xmalloc,1.0
lib/sh/getcwd,lib/termcap/termcap,9.0
lib/sh/getcwd,lib/termcap/tparam,5.0
lib/sh/getcwd,redir,1.0
lib/sh/getcwd,y.tab,7.0
lib/sh/getenv,config,1.0
lib/sh/inet_aton,config-bot,1.0
lib/sh/inet_aton,config,4.0
lib/sh/input_avail,bashansi,1.0
lib/sh/input_avail,config,2.0
lib/sh/input_avail,lib/readline/posixselect,1.0
lib/sh/itos,bashansi,1.0
lib/sh/itos,externs,2.0
lib/sh/itos,general,6.0
lib/sh/itos,shell,1.0
lib/sh/mailstat,bashansi,1.0
lib/sh/mailstat,bashtypes,1.0
lib/sh/mailstat,config,3.0
lib/sh/mailstat,include/maxpath,1.0
lib/sh/mailstat,lib/glob/ndir,1.0
lib/sh/mailstat,lib/readline/posixdir,1.0
lib/sh/mailstat,lib/readline/posixstat,1.0
lib/sh/mailstat,lib/sh/shquote,3.0
lib/sh/makepath,bashansi,1.0
lib/sh/makepath,config,2.0
lib/sh/makepath,externs,5.0
lib/sh/makepath,general,1.0
lib/sh/makepath,lib/intl/localcharset,1.0
lib/sh/makepath,lib/malloc/malloc,1.0
lib/sh/makepath,lib/readline/ansi_stdlib,1.0
lib/sh/makepath,lib/sh/shquote,5.0
lib/sh/makepath,lib/termcap/termcap,1.0
lib/sh/makepath,lib/tilde/tilde,1.0
lib/sh/makepath,shell,1.0
lib/sh/makepath,variables,1.0
lib/sh/makepath,xmalloc,5.0
lib/sh/makepath,y.tab,1.0
lib/sh/mbscasecmp,config-bot,1.0
lib/sh/mbscasecmp,config,1.0
lib/sh/mbscasecmp,lib/sh/shquote,2.0
lib/sh/mbschr,bashansi,1.0
lib/sh/mbschr,config-bot,1.0
lib/sh/mbschr,config,3.0
lib/sh/mbschr,include/shmbchar,1.0
lib/sh/mbschr,include/shmbutil,1.0
lib/sh/mbschr,lib/readline/histlib,1.0
lib/sh/mbschr,lib/sh/shquote,1.0
lib/sh/mbscmp,config-bot,1.0
lib/sh/mbscmp,config,1.0
lib/sh/mbscmp,lib/sh/shquote,2.0
lib/sh/mktime,bashansi,1.0
lib/sh/netconn,bashtypes,1.0
lib/sh/netconn,config,6.0
lib/sh/netconn,include/filecntl,1.0
lib/sh/netconn,lib/readline/posixstat,1.0
lib/sh/netopen,bashansi,1.0
lib/sh/netopen,bashintl,2.0
lib/sh/netopen,config-bot,1.0
lib/sh/netopen,config,11.0
lib/sh/netopen,error,5.0
lib/sh/netopen,execute_cmd,2.0
lib/sh/netopen,lib/intl/localcharset,1.0
lib/sh/netopen,lib/malloc/malloc,1.0
lib/sh/netopen,lib/readline/ansi_stdlib,1.0
lib/sh/netopen,lib/readline/histlib,1.0
lib/sh/netopen,lib/readline/xmalloc,2.0
lib/sh/netopen,lib/sh/shquote,1.0
lib/sh/netopen,lib/termcap/termcap,1.0
lib/sh/netopen,shell,1.0
lib/sh/netopen,y.tab,1.0
lib/sh/oslib,bashansi,1.0
lib/sh/oslib,bashtypes,1.0
lib/sh/oslib,config,15.0
lib/sh/oslib,include/chartypes,1.0
lib/sh/oslib,include/filecntl,1.0
lib/sh/oslib,lib/readline/posixstat,1.0
lib/sh/oslib,shell,1.0
lib/sh/pathcanon,bashansi,1.0
lib/sh/pathcanon,bashtypes,1.0
lib/sh/pathcanon,config,2.0
lib/sh/pathcanon,externs,5.0
lib/sh/pathcanon,general,12.0
lib/sh/pathcanon,include/chartypes,1.0
lib/sh/pathcanon,include/filecntl,1.0
lib/sh/pathcanon,lib/intl/localcharset,2.0
lib/sh/pathcanon,lib/malloc/malloc,2.0
lib/sh/pathcanon,lib/readline/ansi_stdlib,2.0
lib/sh/pathcanon,lib/readline/posixstat,1.0
lib/sh/pathcanon,lib/sh/shquote,2.0
lib/sh/pathcanon,lib/termcap/termcap,2.0
lib/sh/pathcanon,shell,1.0
lib/sh/pathcanon,xmalloc,2.0
lib/sh/pathcanon,y.tab,2.0
lib/sh/pathphys,bashansi,1.0
lib/sh/pathphys,bashtypes,1.0
lib/sh/pathphys,config,3.0
lib/sh/pathphys,externs,1.0
lib/sh/pathphys,general,10.0
lib/sh/pathphys,include/chartypes,1.0
lib/sh/pathphys,include/filecntl,1.0
lib/sh/pathphys,lib/intl/localcharset,6.0
lib/sh/pathphys,lib/malloc/malloc,6.0
lib/sh/pathphys,lib/readline/ansi_stdlib,6.0
lib/sh/pathphys,lib/readline/posixstat,1.0
lib/sh/pathphys,lib/sh/shquote,6.0
lib/sh/pathphys,lib/termcap/termcap,6.0
lib/sh/pathphys,shell,1.0
lib/sh/pathphys,xmalloc,6.0
lib/sh/pathphys,y.tab,6.0
lib/sh/rename,config,2.0
lib/sh/setlinebuf,config,4.0
lib/sh/setlinebuf,lib/readline/xmalloc,1.0
lib/sh/shmatch,config-bot,1.0
lib/sh/shmbchar,config-bot,1.0
lib/sh/shmbchar,config,1.0
lib/sh/shmbchar,include/shmbchar,2.0
lib/sh/shmbchar,include/shmbutil,1.0
lib/sh/shquote,config,3.0
lib/sh/shquote,lib/readline/xmalloc,7.0
lib/sh/shquote,syntax,13.0
lib/sh/shtty,include/shtty,7.0
lib/sh/snprintf,bashansi,1.0
lib/sh/snprintf,bashtypes,1.0
lib/sh/snprintf,config-bot,8.0
lib/sh/snprintf,config,21.0
lib/sh/snprintf,externs,8.0
lib/sh/snprintf,general,9.0
lib/sh/snprintf,include/chartypes,6.0
lib/sh/snprintf,include/shmbchar,14.0
lib/sh/snprintf,include/shmbutil,1.0
lib/sh/snprintf,include/stdc,1.0
lib/sh/snprintf,include/typemax,1.0
lib/sh/snprintf,lib/intl/localcharset,6.0
lib/sh/snprintf,lib/malloc/malloc,6.0
lib/sh/snprintf,lib/readline/ansi_stdlib,6.0
lib/sh/snprintf,lib/readline/xmalloc,65.0
lib/sh/snprintf,lib/sh/shquote,11.0
lib/sh/snprintf,lib/termcap/termcap,6.0
lib/sh/snprintf,shell,1.0
lib/sh/snprintf,y.tab,6.0
lib/sh/spell,bashansi,1.0
lib/sh/spell,bashtypes,1.0
lib/sh/spell,config,2.0
lib/sh/spell,include/maxpath,1.0
lib/sh/spell,include/stdc,1.0
lib/sh/spell,lib/glob/ndir,1.0
lib/sh/spell,lib/intl/localcharset,2.0
lib/sh/spell,lib/malloc/malloc,2.0
lib/sh/spell,lib/readline/ansi_stdlib,2.0
lib/sh/spell,lib/readline/posixdir,1.0
lib/sh/spell,lib/readline/posixstat,1.0
lib/sh/spell,lib/sh/shquote,1.0
lib/sh/spell,lib/termcap/termcap,7.0
lib/sh/spell,lib/termcap/tparam,1.0
lib/sh/spell,y.tab,2.0
lib/sh/strcasecmp,config,2.0
lib/sh/strcasestr,bashansi,1.0
lib/sh/strcasestr,config,1.0
lib/sh/strcasestr,include/chartypes,7.0
lib/sh/strcasestr,include/stdc,1.0
lib/sh/strcasestr,lib/sh/shquote,2.0
lib/sh/strchrnul,config,1.0
lib/sh/strchrnul,lib/sh/shquote,1.0
lib/sh/strerror,config,2.0
lib/sh/strftime,config,4.0
lib/sh/strftime,input,2.0
lib/sh/strftime,lib/intl/localcharset,3.0
lib/sh/strftime,lib/malloc/malloc,2.0
lib/sh/strftime,lib/readline/ansi_stdlib,3.0
lib/sh/strftime,lib/readline/histlib,1.0
lib/sh/strftime,lib/sh/shquote,4.0
lib/sh/strftime,lib/termcap/termcap,4.0
lib/sh/strftime,lib/termcap/tparam,2.0
lib/sh/strftime,y.tab,1.0
lib/sh/stringlist,bashansi,1.0
lib/sh/stringlist,command,4.0
lib/sh/stringlist,config,2.0
lib/sh/stringlist,externs,124.0
lib/sh/stringlist,general,3.0
lib/sh/stringlist,lib/intl/localcharset,2.0
lib/sh/stringlist,lib/malloc/malloc,2.0
lib/sh/stringlist,lib/readline/ansi_stdlib,2.0
lib/sh/stringlist,lib/sh/shquote,11.0
lib/sh/stringlist,lib/termcap/termcap,2.0
lib/sh/stringlist,shell,1.0
lib/sh/stringlist,xmalloc,11.0
lib/sh/stringlist,y.tab,2.0
lib/sh/stringvec,bashansi,1.0
lib/sh/stringvec,bashtypes,1.0
lib/sh/stringvec,command,20.0
lib/sh/stringvec,config,3.0
lib/sh/stringvec,externs,2.0
lib/sh/stringvec,general,4.0
lib/sh/stringvec,include/chartypes,1.0
lib/sh/stringvec,lib/intl/localcharset,4.0
lib/sh/stringvec,lib/malloc/malloc,4.0
lib/sh/stringvec,lib/readline/ansi_stdlib,5.0
lib/sh/stringvec,lib/sh/shquote,4.0
lib/sh/stringvec,lib/termcap/termcap,5.0
lib/sh/stringvec,make_cmd,2.0
lib/sh/stringvec,shell,1.0
lib/sh/stringvec,xmalloc,8.0
lib/sh/stringvec,y.tab,4.0
lib/sh/strnlen,include/stdc,1.0
lib/sh/strpbrk,include/stdc,1.0
lib/sh/strtod,bashansi,1.0
lib/sh/strtod,include/chartypes,7.0
lib/sh/strtoimax,include/stdc,1.0
lib/sh/strtol,config,2.0
lib/sh/strtoll,config,3.0
lib/sh/strtoul,config,2.0
lib/sh/strtoull,config,3.0
lib/sh/strtoumax,include/stdc,1.0
lib/sh/strtrans,bashansi,1.0
lib/sh/strtrans,config-bot,2.0
lib/sh/strtrans,config,2.0
lib/sh/strtrans,externs,1.0
lib/sh/strtrans,include/chartypes,19.0
lib/sh/strtrans,lib/intl/localcharset,1.0
lib/sh/strtrans,lib/malloc/malloc,1.0
lib/sh/strtrans,lib/readline/ansi_stdlib,1.0
lib/sh/strtrans,lib/sh/shquote,1.0
lib/sh/strtrans,lib/termcap/termcap,1.0
lib/sh/strtrans,shell,4.0
lib/sh/strtrans,xmalloc,3.0
lib/sh/strtrans,y.tab,1.0
lib/sh/times,config,2.0
lib/sh/timeval,config,2.0
lib/sh/timeval,include/posixtime,1.0
lib/sh/tmpfile,bashtypes,1.0
lib/sh/tmpfile,config,4.0
lib/sh/tmpfile,execute_cmd,1.0
lib/sh/tmpfile,externs,5.0
lib/sh/tmpfile,general,5.0
lib/sh/tmpfile,include/filecntl,1.0
lib/sh/tmpfile,include/posixtime,1.0
lib/sh/tmpfile,lib/intl/localcharset,1.0
lib/sh/tmpfile,lib/malloc/malloc,1.0
lib/sh/tmpfile,lib/readline/ansi_stdlib,1.0
lib/sh/tmpfile,lib/readline/posixstat,1.0
lib/sh/tmpfile,lib/sh/shquote,3.0
lib/sh/tmpfile,lib/termcap/termcap,1.0
lib/sh/tmpfile,shell,1.0
lib/sh/tmpfile,variables,3.0
lib/sh/tmpfile,xmalloc,2.0
lib/sh/tmpfile,y.tab,1.0
lib/sh/uconvert,bashtypes,1.0
lib/sh/uconvert,builtins,1.0
lib/sh/uconvert,config,3.0
lib/sh/uconvert,include/chartypes,3.0
lib/sh/uconvert,shell,1.0
lib/sh/ufuncs,bashtypes,1.0
lib/sh/ufuncs,config,6.0
lib/sh/unicode,bashansi,1.0
lib/sh/unicode,config-bot,1.0
lib/sh/unicode,config,10.0
lib/sh/unicode,include/stdc,1.0
lib/sh/unicode,lib/readline/xmalloc,1.0
lib/sh/unicode,lib/termcap/termcap,1.0
lib/sh/vprint,config,1.0
lib/sh/wcsdup,config-bot,1.0
lib/sh/wcsdup,config,2.0
lib/sh/wcswidth,config-bot,1.0
lib/sh/wcswidth,config,2.0
lib/sh/winsize,bashtypes,1.0
lib/sh/winsize,config,6.0
lib/sh/winsize,include/stdc,1.0
lib/sh/zcatfd,config,2.0
lib/sh/zcatfd,include/stdc,1.0
lib/sh/zgetline,config,2.0
lib/sh/zgetline,lib/readline/xmalloc,2.0
lib/sh/zmapfd,bashansi,1.0
lib/sh/zmapfd,command,1.0
lib/sh/zmapfd,config,2.0
lib/sh/zmapfd,general,3.0
lib/sh/zmapfd,lib/intl/localcharset,2.0
lib/sh/zmapfd,lib/malloc/malloc,2.0
lib/sh/zmapfd,lib/readline/ansi_stdlib,2.0
lib/sh/zmapfd,lib/termcap/termcap,2.0
lib/sh/zmapfd,xmalloc,3.0
lib/sh/zmapfd,y.tab,2.0
lib/sh/zread,config,2.0
lib/sh/zread,lib/termcap/termcap,1.0
lib/sh/zwrite,config,2.0
lib/termcap/termcap,lib/termcap/ltcap,1.0
lib/termcap/tparam,lib/termcap/ltcap,1.0
lib/tilde/shell,lib/readline/ansi_stdlib,2.0
lib/tilde/shell,lib/tilde/tilde,2.0
lib/tilde/tilde,lib/readline/ansi_stdlib,1.0
lib/tilde/tilde,lib/readline/histlib,1.0
lib/tilde/tilde,lib/readline/xmalloc,18.0
lib/tilde/tilde,lib/sh/shquote,15.0
lib/tilde/tilde,lib/termcap/termcap,15.0
lib/tilde/tilde,lib/termcap/tparam,15.0
lib/tilde/tilde,support/printenv,2.0
list,config,2.0
list,general,17.0
list,shell,1.0
locale,bashansi,1.0
locale,bashintl,5.0
locale,bashtypes,1.0
locale,config,7.0
locale,error,4.0
locale,externs,1.0
locale,general,7.0
locale,include/chartypes,1.0
locale,input,2.0
locale,lib/termcap/termcap,1.0
locale,shell,1.0
locale,support/printenv,15.0
locale,syntax,12.0
locale,variables,11.0
locale,xmalloc,21.0
locale,y.tab,8.0
mailcheck,bashansi,1.0
mailcheck,bashintl,4.0
mailcheck,bashtypes,1.0
mailcheck,config,7.0
mailcheck,execute_cmd,1.0
mailcheck,externs,1.0
mailcheck,general,7.0
mailcheck,include/posixstat,1.0
mailcheck,include/posixtime,1.0
mailcheck,lib/termcap/termcap,1.0
mailcheck,lib/tilde/tilde,1.0
mailcheck,shell,5.0
mailcheck,subst,2.0
mailcheck,support/printenv,6.0
mailcheck,variables,7.0
mailcheck,xmalloc,7.0
mailcheck,y.tab,9.0
make_cmd,array,7.0
make_cmd,bashansi,1.0
make_cmd,bashintl,7.0
make_cmd,bashtypes,1.0
make_cmd,builtins/mkbuiltins,1.0
make_cmd,command,545.0
make_cmd,config,14.0
make_cmd,dispose_cmd,3.0
make_cmd,error,8.0
make_cmd,externs,6.0
make_cmd,flags,2.0
make_cmd,general,15.0
make_cmd,include/ansi_stdlib,1.0
make_cmd,include/filecntl,1.0
make_cmd,include/ocache,21.0
make_cmd,include/shmbchar,3.0
make_cmd,include/shmbutil,3.0
make_cmd,input,2.0
make_cmd,parser,4.0
make_cmd,subst,2.0
make_cmd,support/printenv,10.0
make_cmd,syntax,1.0
make_cmd,variables,9.0
make_cmd,xmalloc,31.0
make_cmd,y.tab,2.0
make_cmd,include/stdc,1.0
mksyntax,bashansi,1.0
mksyntax,config,5.0
mksyntax,include/ansi_stdlib,3.0
mksyntax,include/chartypes,2.0
mksyntax,syntax,46.0
nojobs,bashintl,3.0
nojobs,bashtypes,1.0
nojobs,builtins/builtext,2.0
nojobs,command,1.0
nojobs,config-top,4.0
nojobs,config,21.0
nojobs,error,6.0
nojobs,execute_cmd,3.0
nojobs,externs,3.0
nojobs,general,1.0
nojobs,include/filecntl,1.0
nojobs,include/posixjmp,1.0
nojobs,include/posixwait,11.0
nojobs,include/shtty,4.0
nojobs,input,5.0
nojobs,jobs,17.0
nojobs,quit,26.0
nojobs,shell,3.0
nojobs,sig,35.0
nojobs,siglist,1.0
nojobs,trap,1.0
nojobs,xmalloc,1.0
nojobs,y.tab,1.0
parser,command,1.0
parser,input,1.0
pathexp,bashansi,1.0
pathexp,bashintl,1.0
pathexp,bashtypes,1.0
pathexp,config-bot,1.0
pathexp,config,4.0
pathexp,externs,3.0
pathexp,flags,1.0
pathexp,general,4.0
pathexp,include/shmbchar,3.0
pathexp,include/shmbutil,5.0
pathexp,lib/glob/glob,3.0
pathexp,lib/glob/strmatch,2.0
pathexp,lib/termcap/termcap,1.0
pathexp,shell,4.0
pathexp,subst,4.0
pathexp,support/printenv,6.0
pathexp,variables,2.0
pathexp,xmalloc,5.0
pathexp,y.tab,8.0
pcomplete,alias,7.0
pcomplete,array,7.0
pcomplete,arrayfunc,3.0
pcomplete,bashansi,1.0
pcomplete,bashintl,2.0
pcomplete,bashline,8.0
pcomplete,bashtypes,1.0
pcomplete,builtins,25.0
pcomplete,builtins/common,3.0
pcomplete,command,76.0
pcomplete,config-bot,1.0
pcomplete,config,13.0
pcomplete,dispose_cmd,7.0
pcomplete,error,2.0
pcomplete,execute_cmd,2.0
pcomplete,externs,270.0
pcomplete,general,18.0
pcomplete,include/posixstat,1.0
pcomplete,lib/glob/glob,2.0
pcomplete,lib/glob/strmatch,2.0
pcomplete,lib/readline/compat,5.0
pcomplete,lib/readline/complete,9.0
pcomplete,lib/readline/display,1.0
pcomplete,lib/readline/readline,18.0
pcomplete,lib/readline/rlconf,1.0
pcomplete,make_cmd,8.0
pcomplete,pathexp,5.0
pcomplete,shell,8.0
pcomplete,subst,5.0
pcomplete,support/printenv,22.0
pcomplete,unwind_prot,5.0
pcomplete,variables,62.0
pcomplete,xmalloc,16.0
pcomplete,y.tab,15.0
pcomplete,hashlib,3.0
pcomplete,include/stdc,1.0
pcomplib,bashansi,1.0
pcomplib,bashintl,2.0
pcomplib,config,3.0
pcomplib,error,1.0
pcomplib,general,8.0
pcomplib,hashlib,26.0
pcomplib,pcomplete,95.0
pcomplib,shell,1.0
pcomplib,support/printenv,18.0
pcomplib,xmalloc,20.0
pcomplib,y.tab,11.0
print_cmd,bashansi,1.0
print_cmd,bashintl,6.0
print_cmd,builtins/common,1.0
print_cmd,command,409.0
print_cmd,config-bot,5.0
print_cmd,config,17.0
print_cmd,dispose_cmd,4.0
print_cmd,error,5.0
print_cmd,execute_cmd,1.0
print_cmd,externs,15.0
print_cmd,flags,5.0
print_cmd,general,7.0
print_cmd,include/shmbchar,6.0
print_cmd,include/shmbutil,2.0
print_cmd,include/stdc,2.0
print_cmd,lib/sh/strnlen,1.0
print_cmd,shell,1.0
print_cmd,subst,1.0
print_cmd,support/printenv,3.0
print_cmd,unwind_prot,2.0
print_cmd,variables,1.0
print_cmd,xmalloc,3.0
print_cmd,y.tab,8.0
redir,bashansi,1.0
redir,bashintl,11.0
redir,bashtypes,1.0
redir,command,344.0
redir,config-bot,1.0
redir,config-top,10.0
redir,config,15.0
redir,dispose_cmd,7.0
redir,error,10.0
redir,execute_cmd,28.0
redir,externs,13.0
redir,flags,3.0
redir,general,9.0
redir,include/filecntl,8.0
redir,include/memalloc,1.0
redir,include/posixstat,1.0
redir,input,11.0
redir,lib/intl/dcigettext,2.0
redir,lib/sh/dprintf,1.0
redir,make_cmd,13.0
redir,shell,13.0
redir,subst,5.0
redir,support/printenv,6.0
redir,variables,14.0
redir,xmalloc,2.0
redir,y.tab,11.0
redir,include/stdc,1.0
shell,array,19.0
shell,bashansi,1.0
shell,bashhist,7.0
shell,bashintl,17.0
shell,bashjmp,12.0
shell,bashline,2.0
shell,bashtypes,1.0
shell,builtins,13.0
shell,builtins/common,28.0
shell,command,25.0
shell,config-bot,3.0
shell,config-top,13.0
shell,config,32.0
shell,conftypes,1.0
shell,dispose_cmd,2.0
shell,error,10.0
shell,execute_cmd,4.0
shell,externs,10.0
shell,findcmd,2.0
shell,flags,41.0
shell,general,36.0
shell,include/ansi_stdlib,16.0
shell,include/filecntl,3.0
shell,include/posixjmp,1.0
shell,include/posixstat,1.0
shell,include/posixtime,1.0
shell,input,12.0
shell,lib/glob/strmatch,1.0
shell,lib/readline/complete,1.0
shell,lib/readline/histlib,2.0
shell,lib/readline/shell,1.0
shell,lib/readline/tilde,1.0
shell,lib/sh/setlinebuf,2.0
shell,lib/sh/strstr,1.0
shell,lib/termcap/termcap,8.0
shell,lib/tilde/shell,2.0
shell,lib/tilde/tilde,2.0
shell,mailcheck,3.0
shell,make_cmd,4.0
shell,pathnames,5.0
shell,sig,2.0
shell,subst,5.0
shell,support/printenv,34.0
shell,test,3.0
shell,trap,4.0
shell,variables,56.0
shell,xmalloc,33.0
shell,y.tab,13.0
shell,arrayfunc,1.0
shell,include/maxpath,1.0
shell,include/ocache,1.0
shell,quit,1.0
shell,syntax,1.0
shell,unwind_prot,1.0
sig,bashhist,2.0
sig,bashintl,1.0
sig,bashjmp,2.0
sig,bashline,2.0
sig,bashtypes,1.0
sig,builtins/common,3.0
sig,config,32.0
sig,externs,1.0
sig,include/posixjmp,1.0
sig,lib/intl/eval-plural,1.0
sig,quit,2.0
sig,shell,9.0
sig,siglist,1.0
sig,subst,3.0
sig,trap,12.0
sig,unwind_prot,2.0
sig,include/stdc,1.0
siglist,bashintl,35.0
siglist,bashtypes,1.0
siglist,config,2.0
siglist,xmalloc,1.0
siglist,config-bot,1.0
stringlib,bashansi,1.0
stringlib,bashtypes,1.0
stringlib,builtins/mkbuiltins,1.0
stringlib,config,5.0
stringlib,general,27.0
stringlib,include/chartypes,1.0
stringlib,lib/glob/glob,2.0
stringlib,lib/glob/strmatch,3.0
stringlib,lib/readline/histlib,1.0
stringlib,lib/termcap/termcap,2.0
stringlib,pathexp,2.0
stringlib,shell,1.0
stringlib,support/printenv,10.0
stringlib,xmalloc,11.0
stringlib,y.tab,1.0
subst,array,45.0
subst,arrayfunc,28.0
subst,assoc,12.0
subst,bashansi,1.0
subst,bashintl,18.0
subst,bashjmp,17.0
subst,bashtypes,1.0
subst,builtins/builtext,2.0
subst,builtins/common,9.0
subst,builtins/getopt,1.0
subst,builtins/mkbuiltins,2.0
subst,command,764.0
subst,config-bot,34.0
subst,config-top,1.0
subst,config,75.0
subst,dispose_cmd,39.0
subst,error,26.0
subst,execute_cmd,15.0
subst,externs,76.0
subst,flags,19.0
subst,general,146.0
subst,hashlib,19.0
subst,include/ansi_stdlib,4.0
subst,include/chartypes,16.0
subst,include/filecntl,1.0
subst,include/posixstat,1.0
subst,include/shmbchar,96.0
subst,include/shmbutil,103.0
subst,include/stdc,2.0
subst,include/typemax,1.0
subst,jobs,19.0
subst,lib/glob/strmatch,17.0
subst,lib/readline/histlib,5.0
subst,lib/sh/strnlen,1.0
subst,lib/termcap/termcap,2.0
subst,lib/tilde/tilde,1.0
subst,mailcheck,1.0
subst,make_cmd,55.0
subst,parser,18.0
subst,pathexp,48.0
subst,shell,137.0
subst,sig,6.0
subst,support/printenv,132.0
subst,syntax,24.0
subst,trap,4.0
subst,variables,232.0
subst,xmalloc,112.0
subst,y.tab,142.0
support/bashversion,bashansi,1.0
support/bashversion,config,2.0
support/bashversion,conftypes,2.0
support/bashversion,include/ansi_stdlib,4.0
support/bashversion,include/stdc,1.0
support/bashversion,lib/readline/histlib,1.0
support/bashversion,version,1.0
support/man2html,include/ansi_stdlib,11.0
support/man2html,lib/readline/histlib,6.0
support/man2html,lib/sh/strftime,1.0
support/man2html,lib/sh/strstr,14.0
support/man2html,lib/termcap/termcap,2.0
support/man2html,support/printenv,24.0
support/man2html,y.tab,30.0
support/mksignames,config,2.0
support/mksignames,include/ansi_stdlib,3.0
support/printenv,bashansi,1.0
support/printenv,include/ansi_stdlib,3.0
support/recho,bashansi,1.0
support/recho,include/ansi_stdlib,1.0
support/signames,config,2.0
support/signames,y.tab,1.0
support/xcase,bashansi,1.0
support/xcase,include/ansi_stdlib,3.0
support/zecho,bashansi,1.0
support/zecho,include/ansi_stdlib,1.0
syntax,config,6.0
syntax,include/stdc,1.0
test,bashintl,12.0
test,bashtypes,1.0
test,builtins/common,3.0
test,config,1.0
test,externs,3.0
test,general,5.0
test,include/filecntl,1.0
test,include/posixjmp,1.0
test,include/posixstat,1.0
test,lib/glob/strmatch,2.0
test,lib/termcap/termcap,4.0
test,pathexp,3.0
test,shell,7.0
test,variables,4.0
test,include/stdc,1.0
trap,array,3.0
trap,bashansi,1.0
trap,bashintl,5.0
trap,bashjmp,11.0
trap,bashtypes,1.0
trap,builtins,1.0
trap,builtins/builtext,2.0
trap,builtins/common,13.0
trap,command,3.0
trap,config,16.0
trap,error,3.0
trap,externs,3.0
trap,flags,3.0
trap,general,5.0
trap,include/posixjmp,4.0
trap,input,5.0
trap,jobs,1.0
trap,lib/intl/eval-plural,1.0
trap,lib/termcap/termcap,2.0
trap,quit,2.0
trap,shell,5.0
trap,sig,67.0
trap,signames,1.0
trap,support/printenv,13.0
trap,variables,6.0
trap,xmalloc,12.0
trap,y.tab,4.0
trap,include/stdc,1.0
unwind_prot,bashansi,1.0
unwind_prot,bashtypes,1.0
unwind_prot,command,1.0
unwind_prot,config,3.0
unwind_prot,error,3.0
unwind_prot,general,14.0
unwind_prot,lib/termcap/termcap,2.0
unwind_prot,quit,1.0
unwind_prot,sig,4.0
unwind_prot,xmalloc,2.0
unwind_prot,y.tab,5.0
variables,alias,12.0
variables,array,120.0
variables,arrayfunc,5.0
variables,assoc,13.0
variables,bashansi,1.0
variables,bashhist,20.0
variables,bashintl,10.0
variables,bashjmp,2.0
variables,bashline,6.0
variables,bashtypes,1.0
variables,builtins/common,16.0
variables,builtins/getopt,3.0
variables,command,41.0
variables,config,92.0
variables,conftypes,5.0
variables,dispose_cmd,7.0
variables,error,11.0
variables,execute_cmd,2.0
variables,externs,58.0
variables,findcmd,3.0
variables,flags,9.0
variables,general,82.0
variables,hashcmd,14.0
variables,hashlib,153.0
variables,include/ansi_stdlib,5.0
variables,include/chartypes,1.0
variables,include/posixstat,1.0
variables,include/posixtime,1.0
variables,input,1.0
variables,lib/intl/eval-plural,5.0
variables,lib/readline/complete,9.0
variables,lib/readline/histfile,1.0
variables,lib/readline/histlib,1.0
variables,lib/readline/history,7.0
variables,lib/readline/readline,10.0
variables,lib/readline/terminal,1.0
variables,lib/sh/strftime,1.0
variables,lib/sh/strtod,1.0
variables,lib/termcap/termcap,8.0
variables,mailcheck,4.0
variables,pathexp,2.0
variables,pcomplete,5.0
variables,print_cmd,1.0
variables,shell,43.0
variables,sig,4.0
variables,subst,11.0
variables,support/printenv,79.0
variables,xmalloc,80.0
variables,y.tab,65.0
variables,include/stdc,1.0
version,bashintl,8.0
version,config,3.0
version,conftypes,2.0
version,include/stdc,1.0
version,patchlevel,2.0
xmalloc,bashintl,2.0
xmalloc,bashtypes,1.0
xmalloc,error,2.0
xmalloc,include/ansi_stdlib,5.0
xmalloc,bashansi,1.0
xmalloc,include/stdc,1.0
y.tab,alias,18.0
y.tab,bashansi,1.0
y.tab,bashhist,22.0
y.tab,bashintl,23.0
y.tab,bashjmp,4.0
y.tab,bashline,3.0
y.tab,bashtypes,1.0
y.tab,builtins,4.0
y.tab,builtins/builtext,2.0
y.tab,builtins/common,11.0
y.tab,builtins/mkbuiltins,3.0
y.tab,command,442.0
y.tab,config-bot,3.0
y.tab,config-top,7.0
y.tab,config,92.0
y.tab,dispose_cmd,10.0
y.tab,error,22.0
y.tab,externs,37.0
y.tab,flags,9.0
y.tab,general,127.0
y.tab,include/chartypes,3.0
y.tab,include/filecntl,2.0
y.tab,include/maxpath,1.0
y.tab,include/memalloc,1.0
y.tab,include/shmbchar,39.0
y.tab,include/shmbutil,1.0
y.tab,input,154.0
y.tab,lib/readline/histlib,4.0
y.tab,lib/readline/readline,2.0
y.tab,lib/sh/strftime,6.0
y.tab,lib/sh/strstr,1.0
y.tab,lib/termcap/termcap,8.0
y.tab,mailcheck,4.0
y.tab,make_cmd,159.0
y.tab,parser,210.0
y.tab,quit,20.0
y.tab,shell,114.0
y.tab,sig,32.0
y.tab,subst,11.0
y.tab,support/printenv,44.0
y.tab,syntax,46.0
y.tab,test,3.0
y.tab,trap,7.0
y.tab,variables,8.0
y.tab,xmalloc,97.0
