alias,bashansi,0.21684393185721668
alias,builtins/mkbuiltins,0.2237538920245271
alias,command,0.21684393185721668
alias,config,0.23535588282128753
alias,externs,0.22838384511062226
alias,general,0.22606679741447983
alias,hashlib,0.28876238858586467
alias,include/ansi_stdlib,0.21684393185721668
alias,include/chartypes,0.23070464045897748
alias,lib/termcap/termcap,0.21684393185721668
alias,pcomplete,0.24702151604353587
alias,support/printenv,0.25403039137883177
alias,xmalloc,0.25403039137883177
alias,y.tab,0.27266001884166
alias,include/stdc,0.21684393185721668
alias,builtins/alias,0.3576932694951385
array,bashansi,0.21684393185721668
array,builtins/common,0.21684393185721668
array,command,0.27034086206093655
array,config,0.22144552074060395
array,externs,0.23302878621672646
array,general,0.2656923582725533
array,make_cmd,0.24001732035959936
array,shell,0.2749752499194302
array,subst,0.36224339895213337
array,support/printenv,0.24702151604353587
array,xmalloc,0.2563658194165694
array,y.tab,0.26103293510270303
array,include/stdc,0.21684393185721668
arrayfunc,array,0.3488096271144106
arrayfunc,assoc,0.2376855286627968
arrayfunc,bashintl,0.23535588282128753
arrayfunc,bashjmp,0.21684393185721668
arrayfunc,builtins/common,0.2237538920245271
arrayfunc,builtins/mkbuiltins,0.21684393185721668
arrayfunc,command,0.32840043935188906
arrayfunc,config,0.2237538920245271
arrayfunc,dispose_cmd,0.2237538920245271
arrayfunc,error,0.26103293510270303
arrayfunc,externs,0.23070464045897748
arrayfunc,general,0.22838384511062226
arrayfunc,hashlib,0.24235085303635165
arrayfunc,include/shmbchar,0.23070464045897748
arrayfunc,include/shmbutil,0.22144552074060395
arrayfunc,make_cmd,0.22838384511062226
arrayfunc,pathexp,0.21914207224727592
arrayfunc,shell,0.22144552074060395
arrayfunc,sig,0.21914207224727592
arrayfunc,subst,0.33258874885210576
arrayfunc,support/printenv,0.23535588282128753
arrayfunc,variables,0.4988028447403514
arrayfunc,xmalloc,0.24235085303635165
arrayfunc,y.tab,0.2656923582725533
assoc,array,0.22606679741447983
assoc,bashansi,0.21684393185721668
assoc,builtins/common,0.21684393185721668
assoc,command,0.2749752499194302
assoc,config,0.22144552074060395
assoc,dispose_cmd,0.21684393185721668
assoc,externs,0.23070464045897748
assoc,general,0.26103293510270303
assoc,hashlib,0.480946708318439
assoc,make_cmd,0.2237538920245271
assoc,shell,0.23070464045897748
assoc,subst,0.27728616189290606
assoc,support/printenv,0.24235085303635165
assoc,xmalloc,0.24468572060433036
assoc,y.tab,0.2563658194165694
assoc,include/stdc,0.21684393185721668
bashansi,config,0.22606679741447983
bashhist,bashansi,0.21684393185721668
bashhist,bashintl,0.21914207224727592
bashhist,bashline,0.24235085303635165
bashhist,bashtypes,0.21684393185721668
bashhist,builtins/common,0.22144552074060395
bashhist,builtins/mkbuiltins,0.21684393185721668
bashhist,config,0.25870013620307797
bashhist,error,0.2237538920245271
bashhist,execute_cmd,0.2237538920245271
bashhist,externs,0.22606679741447983
bashhist,flags,0.22606679741447983
bashhist,general,0.2237538920245271
bashhist,include/filecntl,0.21684393185721668
bashhist,include/posixstat,0.21684393185721668
bashhist,input,0.2237538920245271
bashhist,lib/glob/glob,0.21684393185721668
bashhist,lib/glob/strmatch,0.21914207224727592
bashhist,lib/readline/histexpand,0.21684393185721668
bashhist,lib/readline/histfile,0.21914207224727592
bashhist,lib/readline/history,0.4094479962978115
bashhist,lib/termcap/termcap,0.21914207224727592
bashhist,parser,0.22606679741447983
bashhist,pathexp,0.2656923582725533
bashhist,shell,0.2376855286627968
bashhist,support/printenv,0.22606679741447983
bashhist,variables,0.28647886015528096
bashhist,xmalloc,0.22144552074060395
bashhist,y.tab,0.27266001884166
bashhist,include/stdc,0.21684393185721668
bashintl,config,0.22144552074060395
bashintl,include/gettext,0.21684393185721668
bashjmp,include/posixjmp,0.22606679741447983
bashline,alias,0.23535588282128753
bashline,bashansi,0.21684393185721668
bashline,bashintl,0.22606679741447983
bashline,bashtypes,0.21684393185721668
bashline,builtins,0.25403039137883177
bashline,builtins/common,0.2376855286627968
bashline,builtins/mkbuiltins,0.25403039137883177
bashline,command,0.22144552074060395
bashline,config,0.3089737320657995
bashline,dispose_cmd,0.21914207224727592
bashline,error,0.21684393185721668
bashline,execute_cmd,0.21684393185721668
bashline,externs,0.29782677066210034
bashline,findcmd,0.2237538920245271
bashline,general,0.34483780847246936
bashline,include/ansi_stdlib,0.21684393185721668
bashline,include/chartypes,0.21914207224727592
bashline,include/posixstat,0.21684393185721668
bashline,include/shmbchar,0.32840043935188906
bashline,include/shmbutil,0.2376855286627968
bashline,input,0.21684393185721668
bashline,lib/glob/glob,0.22838384511062226
bashline,lib/readline/bind,0.29103930882079754
bashline,lib/readline/compat,0.24935783168617603
bashline,lib/readline/complete,0.33672565714176234
bashline,lib/readline/display,0.22838384511062226
bashline,lib/readline/emacs_keymap,0.27266001884166
bashline,lib/readline/histexpand,0.21684393185721668
bashline,lib/readline/histlib,0.21914207224727592
bashline,lib/readline/history,0.24001732035959936
bashline,lib/readline/input,0.21684393185721668
bashline,lib/readline/keymaps,0.30231209877731097
bashline,lib/readline/kill,0.21914207224727592
bashline,lib/readline/misc,0.21684393185721668
bashline,lib/readline/readline,0.4998114711650839
bashline,lib/readline/rlconf,0.23070464045897748
bashline,lib/readline/rltty,0.2237538920245271
bashline,lib/readline/rltypedefs,0.23070464045897748
bashline,lib/readline/text,0.22606679741447983
bashline,lib/termcap/termcap,0.23070464045897748
bashline,pathexp,0.2633638105382945
bashline,pathnames,0.21684393185721668
bashline,pcomplete,0.25169425950111
bashline,shell,0.23535588282128753
bashline,subst,0.2749752499194302
bashline,support/printenv,0.4260946904905568
bashline,syntax,0.2795923643330115
bashline,variables,0.29782677066210034
bashline,xmalloc,0.39319303504178144
bashline,y.tab,0.3766565591334961
bashline,include/stdc,0.21684393185721668
bashtypes,config,0.21914207224727592
bracecomp,bashansi,0.21684393185721668
bracecomp,config,0.2237538920245271
bracecomp,externs,0.22606679741447983
bracecomp,general,0.21684393185721668
bracecomp,include/ansi_stdlib,0.21684393185721668
bracecomp,include/shmbchar,0.22838384511062226
bracecomp,include/shmbutil,0.21684393185721668
bracecomp,lib/readline/compat,0.21914207224727592
bracecomp,lib/readline/complete,0.24235085303635165
bracecomp,lib/readline/readline,0.24235085303635165
bracecomp,lib/readline/rltypedefs,0.22144552074060395
bracecomp,lib/termcap/termcap,0.21684393185721668
bracecomp,shell,0.21684393185721668
bracecomp,support/printenv,0.23070464045897748
bracecomp,xmalloc,0.23070464045897748
bracecomp,y.tab,0.22606679741447983
braces,bashansi,0.21684393185721668
braces,config,0.22144552074060395
braces,general,0.22144552074060395
braces,include/chartypes,0.23535588282128753
braces,include/shmbchar,0.23535588282128753
braces,include/shmbutil,0.23302878621672646
braces,lib/sh/strstr,0.21684393185721668
braces,support/printenv,0.22838384511062226
braces,xmalloc,0.23535588282128753
braces,y.tab,0.24235085303635165
builtins,alias,0.21684393185721668
builtins,command,0.21684393185721668
builtins,config,0.22144552074060395
builtins,general,0.21914207224727592
builtins,builtins/builtins,0.3576932694951385
builtins/bashgetopt,bashansi,0.21684393185721668
builtins/bashgetopt,builtins/common,0.23070464045897748
builtins/bashgetopt,command,0.3766565591334961
builtins/bashgetopt,config,0.21914207224727592
builtins/bashgetopt,general,0.21684393185721668
builtins/bashgetopt,include/chartypes,0.21914207224727592
builtins/bashgetopt,lib/readline/histlib,0.21684393185721668
builtins/bashgetopt,shell,0.21684393185721668
builtins/bashgetopt,include/stdc,0.21684393185721668
builtins/builtext,command,0.3408092683143585
builtins/builtext,config-top,0.21914207224727592
builtins/builtext,config,0.24468572060433036
builtins/builtins,bashintl,0.45793043523198373
builtins/builtins,builtins,0.47878141572320065
builtins/builtins,builtins/builtext,0.3428305283312607
builtins/builtins,config-top,0.2237538920245271
builtins/builtins,config,0.4108257788168189
builtins/builtins,general,0.25169425950111
builtins/common,bashansi,0.21684393185721668
builtins/common,bashintl,0.2841890953083282
builtins/common,bashjmp,0.21914207224727592
builtins/common,bashtypes,0.21684393185721668
builtins/common,builtins,0.30231209877731097
builtins/common,builtins/builtext,0.22144552074060395
builtins/common,command,0.36037011427339277
builtins/common,config-bot,0.22144552074060395
builtins/common,config,0.22606679741447983
builtins/common,dispose_cmd,0.21684393185721668
builtins/common,error,0.21914207224727592
builtins/common,execute_cmd,0.2376855286627968
builtins/common,externs,0.21914207224727592
builtins/common,flags,0.21914207224727592
builtins/common,general,0.27034086206093655
builtins/common,include/ansi_stdlib,0.21684393185721668
builtins/common,include/chartypes,0.21684393185721668
builtins/common,include/maxpath,0.21684393185721668
builtins/common,include/posixstat,0.21684393185721668
builtins/common,include/stdc,0.22144552074060395
builtins/common,input,0.21684393185721668
builtins/common,jobs,0.23302878621672646
builtins/common,lib/termcap/termcap,0.21914207224727592
builtins/common,lib/tilde/tilde,0.21684393185721668
builtins/common,shell,0.29782677066210034
builtins/common,sig,0.23302878621672646
builtins/common,support/printenv,0.24001732035959936
builtins/common,trap,0.26103293510270303
builtins/common,variables,0.2656923582725533
builtins/common,xmalloc,0.22838384511062226
builtins/common,y.tab,0.24702151604353587
builtins/evalfile,array,0.3241627446279331
builtins/evalfile,bashansi,0.21684393185721668
builtins/evalfile,bashhist,0.21684393185721668
builtins/evalfile,bashintl,0.22838384511062226
builtins/evalfile,bashjmp,0.23302878621672646
builtins/evalfile,bashtypes,0.21684393185721668
builtins/evalfile,builtins,0.21684393185721668
builtins/evalfile,builtins/common,0.22838384511062226
builtins/evalfile,config,0.24235085303635165
builtins/evalfile,error,0.21914207224727592
builtins/evalfile,execute_cmd,0.22144552074060395
builtins/evalfile,externs,0.2237538920245271
builtins/evalfile,flags,0.21684393185721668
builtins/evalfile,general,0.22144552074060395
builtins/evalfile,include/filecntl,0.21684393185721668
builtins/evalfile,include/posixjmp,0.22144552074060395
builtins/evalfile,include/posixstat,0.21684393185721668
builtins/evalfile,include/typemax,0.21684393185721668
builtins/evalfile,input,0.21684393185721668
builtins/evalfile,jobs,0.21684393185721668
builtins/evalfile,shell,0.25169425950111
builtins/evalfile,sig,0.21684393185721668
builtins/evalfile,support/printenv,0.21684393185721668
builtins/evalfile,trap,0.21914207224727592
builtins/evalfile,unwind_prot,0.24702151604353587
builtins/evalfile,variables,0.31117525423101616
builtins/evalfile,xmalloc,0.21684393185721668
builtins/evalfile,y.tab,0.22838384511062226
builtins/evalstring,bashansi,0.21684393185721668
builtins/evalstring,bashhist,0.23302878621672646
builtins/evalstring,bashintl,0.21684393185721668
builtins/evalstring,bashjmp,0.24702151604353587
builtins/evalstring,builtins,0.21684393185721668
builtins/evalstring,builtins/builtext,0.22144552074060395
builtins/evalstring,builtins/common,0.24001732035959936
builtins/evalstring,command,0.36410102906851927
builtins/evalstring,config-top,0.21684393185721668
builtins/evalstring,config,0.23070464045897748
builtins/evalstring,dispose_cmd,0.22606679741447983
builtins/evalstring,error,0.22144552074060395
builtins/evalstring,execute_cmd,0.22838384511062226
builtins/evalstring,externs,0.22838384511062226
builtins/evalstring,flags,0.2237538920245271
builtins/evalstring,general,0.21684393185721668
builtins/evalstring,include/filecntl,0.21684393185721668
builtins/evalstring,input,0.27034086206093655
builtins/evalstring,jobs,0.21914207224727592
builtins/evalstring,quit,0.21914207224727592
builtins/evalstring,redir,0.22144552074060395
builtins/evalstring,shell,0.27728616189290606
builtins/evalstring,sig,0.22144552074060395
builtins/evalstring,trap,0.2237538920245271
builtins/evalstring,unwind_prot,0.3198777982679637
builtins/evalstring,xmalloc,0.21684393185721668
builtins/evalstring,y.tab,0.2237538920245271
builtins/getopt,bashintl,0.22606679741447983
builtins/getopt,config,0.21914207224727592
builtins/getopt,include/memalloc,0.21684393185721668
builtins/getopt,lib/readline/histlib,0.21684393185721668
builtins/getopt,shell,0.21684393185721668
builtins/getopt,include/stdc,0.21684393185721668
builtins/mkbuiltins,bashansi,0.21684393185721668
builtins/mkbuiltins,bashtypes,0.21684393185721668
builtins/mkbuiltins,config,0.22606679741447983
builtins/mkbuiltins,execute_cmd,0.22606679741447983
builtins/mkbuiltins,include/ansi_stdlib,0.23070464045897748
builtins/mkbuiltins,include/filecntl,0.21684393185721668
builtins/mkbuiltins,include/posixstat,0.21684393185721668
builtins/mkbuiltins,include/stdc,0.21684393185721668
builtins/mkbuiltins,lib/intl/eval-plural,0.21684393185721668
builtins/mkbuiltins,lib/termcap/termcap,0.2376855286627968
builtins/mkbuiltins,support/printenv,0.25870013620307797
builtins/mkbuiltins,y.tab,0.2656923582725533
builtins/psize,bashtypes,0.21684393185721668
builtins/psize,command,0.21684393185721668
builtins/psize,config,0.22144552074060395
builtins/psize,general,0.21684393185721668
builtins/psize,include/ansi_stdlib,0.21684393185721668
builtins/psize,sig,0.21914207224727592
command,config,0.22144552074060395
command,include/stdc,0.21684393185721668
config-bot,config-top,0.3274468315825041
config-bot,config,0.4885682889130175
config,config-top,0.21684393185721668
copy_cmd,bashtypes,0.21684393185721668
copy_cmd,command,0.49950200155714003
copy_cmd,config,0.24235085303635165
copy_cmd,externs,0.22144552074060395
copy_cmd,general,0.23070464045897748
copy_cmd,make_cmd,0.32974497197256336
copy_cmd,shell,0.21684393185721668
copy_cmd,support/printenv,0.22838384511062226
copy_cmd,xmalloc,0.2656923582725533
copy_cmd,dispose_cmd,0.11060289972528742
copy_cmd,execute_cmd,0.11060289972528742
copy_cmd,print_cmd,0.11060289972528742
dispose_cmd,bashansi,0.21684393185721668
dispose_cmd,bashtypes,0.21684393185721668
dispose_cmd,command,0.4718017906036651
dispose_cmd,config,0.23535588282128753
dispose_cmd,error,0.21684393185721668
dispose_cmd,general,0.21914207224727592
dispose_cmd,include/ocache,0.26801817568739705
dispose_cmd,shell,0.22144552074060395
dispose_cmd,xmalloc,0.22144552074060395
dispose_cmd,y.tab,0.2841890953083282
dispose_cmd,include/stdc,0.21684393185721668
dispose_cmd,execute_cmd,0.11060289972528742
dispose_cmd,make_cmd,0.11060289972528742
dispose_cmd,print_cmd,0.11060289972528742
error,array,0.22144552074060395
error,bashansi,0.21684393185721668
error,bashintl,0.25403039137883177
error,bashtypes,0.21684393185721668
error,command,0.2237538920245271
error,config-bot,0.23302878621672646
error,config,0.23302878621672646
error,externs,0.22144552074060395
error,flags,0.22144552074060395
error,general,0.2237538920245271
error,include/ansi_stdlib,0.21684393185721668
error,include/stdc,0.23302878621672646
error,input,0.22838384511062226
error,lib/termcap/termcap,0.21684393185721668
error,shell,0.25169425950111
error,variables,0.25870013620307797
eval,bashansi,0.21684393185721668
eval,bashhist,0.21684393185721668
eval,bashintl,0.21914207224727592
eval,bashjmp,0.23070464045897748
eval,builtins/common,0.22144552074060395
eval,command,0.24935783168617603
eval,config,0.22838384511062226
eval,dispose_cmd,0.22144552074060395
eval,error,0.21684393185721668
eval,execute_cmd,0.21914207224727592
eval,externs,0.21914207224727592
eval,flags,0.2237538920245271
eval,include/ansi_stdlib,0.21684393185721668
eval,input,0.22838384511062226
eval,quit,0.23302878621672646
eval,shell,0.25403039137883177
eval,sig,0.24702151604353587
eval,subst,0.21684393185721668
eval,trap,0.22144552074060395
eval,variables,0.24235085303635165
eval,builtins/eval,0.3576932694951385
eval,lib/intl/eval-plural,0.1644055442850844
execute_cmd,alias,0.21914207224727592
execute_cmd,array,0.28647886015528096
execute_cmd,arrayfunc,0.22144552074060395
execute_cmd,bashansi,0.21684393185721668
execute_cmd,bashintl,0.24001732035959936
execute_cmd,bashjmp,0.2563658194165694
execute_cmd,bashtypes,0.21684393185721668
execute_cmd,builtins,0.2376855286627968
execute_cmd,builtins/builtext,0.24935783168617603
execute_cmd,command,0.4999999694798595
execute_cmd,config-bot,0.21684393185721668
execute_cmd,config-top,0.21914207224727592
execute_cmd,config,0.4161728540759508
execute_cmd,dispose_cmd,0.27266001884166
execute_cmd,error,0.2563658194165694
execute_cmd,externs,0.31554784842586187
execute_cmd,findcmd,0.2237538920245271
execute_cmd,flags,0.28189347004208143
execute_cmd,general,0.33258874885210576
execute_cmd,hashcmd,0.21684393185721668
execute_cmd,hashlib,0.22144552074060395
execute_cmd,include/ansi_stdlib,0.2563658194165694
execute_cmd,include/chartypes,0.21914207224727592
execute_cmd,include/filecntl,0.22144552074060395
execute_cmd,include/memalloc,0.21684393185721668
execute_cmd,include/posixjmp,0.21684393185721668
execute_cmd,include/posixstat,0.21684393185721668
execute_cmd,include/posixtime,0.21684393185721668
execute_cmd,input,0.2237538920245271
execute_cmd,jobs,0.31117525423101616
execute_cmd,lib/glob/strmatch,0.21914207224727592
execute_cmd,lib/readline/histlib,0.21684393185721668
execute_cmd,lib/termcap/termcap,0.21914207224727592
execute_cmd,lib/tilde/tilde,0.21684393185721668
execute_cmd,make_cmd,0.33435679174981453
execute_cmd,pathexp,0.23535588282128753
execute_cmd,quit,0.4135320012522177
execute_cmd,redir,0.3387742386147406
execute_cmd,shell,0.4956794191654655
execute_cmd,sig,0.3677688331711863
execute_cmd,subst,0.3067624816455114
execute_cmd,support/printenv,0.3067624816455114
execute_cmd,test,0.22838384511062226
execute_cmd,trap,0.418748898806408
execute_cmd,unwind_prot,0.3962992958477816
execute_cmd,variables,0.4675488317523454
execute_cmd,xmalloc,0.3387742386147406
execute_cmd,y.tab,0.30231209877731097
execute_cmd,include/stdc,0.21684393185721668
execute_cmd,print_cmd,0.11060289972528742
expr,array,0.23535588282128753
expr,arrayfunc,0.22606679741447983
expr,bashansi,0.21684393185721668
expr,bashintl,0.2656923582725533
expr,bashjmp,0.21914207224727592
expr,builtins/mkbuiltins,0.22606679741447983
expr,config,0.23535588282128753
expr,error,0.21914207224727592
expr,externs,0.22606679741447983
expr,general,0.25403039137883177
expr,include/chartypes,0.24702151604353587
expr,include/posixjmp,0.21914207224727592
expr,shell,0.22144552074060395
expr,sig,0.22144552074060395
expr,support/printenv,0.23070464045897748
expr,variables,0.23535588282128753
expr,xmalloc,0.2376855286627968
expr,y.tab,0.2656923582725533
externs,command,0.26103293510270303
externs,config-bot,0.21684393185721668
externs,config,0.28189347004208143
externs,general,0.26801817568739705
externs,include/stdc,0.21684393185721668
externs,redir,0.24702151604353587
externs,shell,0.24001732035959936
externs,variables,0.34683090629218444
externs,y.tab,0.30231209877731097
findcmd,bashansi,0.21684393185721668
findcmd,bashtypes,0.21684393185721668
findcmd,config,0.22144552074060395
findcmd,externs,0.22144552074060395
findcmd,flags,0.21914207224727592
findcmd,general,0.34483780847246936
findcmd,hashcmd,0.22838384511062226
findcmd,hashlib,0.21684393185721668
findcmd,include/chartypes,0.21684393185721668
findcmd,include/filecntl,0.21684393185721668
findcmd,include/memalloc,0.21684393185721668
findcmd,include/posixstat,0.21914207224727592
findcmd,pathexp,0.21684393185721668
findcmd,quit,0.2237538920245271
findcmd,shell,0.23070464045897748
findcmd,sig,0.21914207224727592
findcmd,support/printenv,0.24702151604353587
findcmd,variables,0.25169425950111
findcmd,xmalloc,0.24235085303635165
findcmd,y.tab,0.24235085303635165
findcmd,include/stdc,0.21684393185721668
flags,config,0.25870013620307797
flags,externs,0.21914207224727592
flags,shell,0.3133667302014995
flags,xmalloc,0.21684393185721668
flags,include/stdc,0.21684393185721668
general,bashansi,0.21684393185721668
general,bashintl,0.2237538920245271
general,bashtypes,0.21914207224727592
general,builtins/mkbuiltins,0.21914207224727592
general,command,0.24468572060433036
general,config,0.2795923643330115
general,include/chartypes,0.25403039137883177
general,include/filecntl,0.21684393185721668
general,include/posixstat,0.21914207224727592
general,lib/termcap/termcap,0.21684393185721668
general,lib/tilde/tilde,0.23070464045897748
general,shell,0.33672565714176234
general,sig,0.22838384511062226
general,support/printenv,0.24702151604353587
general,syntax,0.23070464045897748
general,test,0.22838384511062226
general,variables,0.3947545698115065
general,xmalloc,0.24935783168617603
general,y.tab,0.44579171658078337
general,include/stdc,0.21684393185721668
hashcmd,bashansi,0.21684393185721668
hashcmd,bashtypes,0.21684393185721668
hashcmd,config,0.21914207224727592
hashcmd,general,0.21684393185721668
hashcmd,hashlib,0.27728616189290606
hashcmd,include/posixstat,0.21684393185721668
hashcmd,shell,0.21684393185721668
hashcmd,support/printenv,0.24001732035959936
hashcmd,xmalloc,0.24235085303635165
hashcmd,y.tab,0.22838384511062226
hashcmd,include/stdc,0.21684393185721668
hashlib,bashansi,0.21684393185721668
hashlib,config,0.21914207224727592
hashlib,general,0.23302878621672646
hashlib,lib/termcap/termcap,0.21914207224727592
hashlib,shell,0.21684393185721668
hashlib,support/printenv,0.2237538920245271
hashlib,xmalloc,0.2376855286627968
hashlib,y.tab,0.22606679741447983
hashlib,include/stdc,0.21684393185721668
include/chartypes,config,0.23070464045897748
include/chartypes,lib/readline/chardefs,0.21684393185721668
include/gettext,config,0.21684393185721668
include/gettext,lib/intl/gettext,0.3576932694951385
include/gettext,lib/intl/gettextP,0.3576932694951385
include/maxpath,config,0.21684393185721668
include/memalloc,config,0.2237538920245271
include/posixselect,lib/readline/posixselect,0.5768353417424145
include/posixwait,config,0.21684393185721668
include/shmbchar,config-bot,0.21684393185721668
include/shmbchar,lib/sh/shmbchar,0.3576932694951385
include/shmbutil,config-bot,0.24468572060433036
include/shmbutil,config,0.21684393185721668
include/shmbutil,include/shmbchar,0.21684393185721668
include/shmbutil,include/stdc,0.21684393185721668
include/shtty,config,0.21914207224727592
include/shtty,include/stdc,0.21684393185721668
include/shtty,lib/sh/shtty,0.3576932694951385
include/stdc,config-bot,0.21684393185721668
include/stdc,config,0.21684393185721668
include/systimes,include/stdc,0.21684393185721668
include/typemax,config,0.21914207224727592
include/typemax,general,0.21684393185721668
input,bashansi,0.21684393185721668
input,bashintl,0.2237538920245271
input,bashtypes,0.21684393185721668
input,command,0.21684393185721668
input,config-top,0.22144552074060395
input,config,0.22144552074060395
input,externs,0.22838384511062226
input,general,0.22144552074060395
input,include/filecntl,0.21914207224727592
input,include/posixstat,0.21684393185721668
input,lib/termcap/termcap,0.22606679741447983
input,quit,0.24468572060433036
input,xmalloc,0.2237538920245271
input,y.tab,0.4663958156383331
input,include/stdc,0.21684393185721668
input,lib/readline/input,0.3576932694951385
input,lib/sh/input_avail,0.1644055442850844
jobs,bashansi,0.21684393185721668
jobs,bashintl,0.29103930882079754
jobs,bashtypes,0.21684393185721668
jobs,builtins/builtext,0.22606679741447983
jobs,command,0.2376855286627968
jobs,config-top,0.22606679741447983
jobs,config,0.29330925353099946
jobs,error,0.2633638105382945
jobs,externs,0.23070464045897748
jobs,flags,0.23070464045897748
jobs,general,0.24935783168617603
jobs,include/ansi_stdlib,0.21684393185721668
jobs,include/filecntl,0.21914207224727592
jobs,include/posixjmp,0.21684393185721668
jobs,include/posixtime,0.21684393185721668
jobs,include/posixwait,0.2656923582725533
jobs,include/shtty,0.23302878621672646
jobs,input,0.22606679741447983
jobs,lib/intl/eval-plural,0.23070464045897748
jobs,lib/readline/rldefs,0.22838384511062226
jobs,lib/sh/dprintf,0.21684393185721668
jobs,lib/termcap/termcap,0.2237538920245271
jobs,quit,0.29103930882079754
jobs,shell,0.2841890953083282
jobs,sig,0.38179253008886715
jobs,siglist,0.21914207224727592
jobs,support/printenv,0.23535588282128753
jobs,test,0.21684393185721668
jobs,trap,0.27728616189290606
jobs,unwind_prot,0.27034086206093655
jobs,variables,0.22144552074060395
jobs,xmalloc,0.25403039137883177
jobs,y.tab,0.23535588282128753
jobs,include/stdc,0.21684393185721668
jobs,builtins/jobs,0.3576932694951385
lib/glob/collsyms,lib/glob/glob,0.48194820486352796
lib/glob/collsyms,lib/glob/smatch,0.4864883118600665
lib/glob/glob,bashansi,0.21684393185721668
lib/glob/glob,bashtypes,0.21684393185721668
lib/glob/glob,config-bot,0.23070464045897748
lib/glob/glob,config,0.22606679741447983
lib/glob/glob,externs,0.22144552074060395
lib/glob/glob,general,0.2237538920245271
lib/glob/glob,include/filecntl,0.21684393185721668
lib/glob/glob,include/memalloc,0.21684393185721668
lib/glob/glob,include/shmbchar,0.24001732035959936
lib/glob/glob,include/shmbutil,0.22606679741447983
lib/glob/glob,include/stdc,0.21914207224727592
lib/glob/glob,lib/glob/glob_loop,0.3835476165323603
lib/glob/glob,lib/glob/ndir,0.21684393185721668
lib/glob/glob,lib/glob/strmatch,0.21914207224727592
lib/glob/glob,lib/intl/dcigettext,0.22838384511062226
lib/glob/glob,lib/intl/localcharset,0.3346637494820673
lib/glob/glob,lib/malloc/malloc,0.3346637494820673
lib/glob/glob,lib/readline/ansi_stdlib,0.3346637494820673
lib/glob/glob,lib/readline/posixdir,0.22606679741447983
lib/glob/glob,lib/readline/posixstat,0.21684393185721668
lib/glob/glob,lib/readline/xmalloc,0.21684393185721668
lib/glob/glob,lib/sh/eaccess,0.21684393185721668
lib/glob/glob,lib/sh/shquote,0.23535588282128753
lib/glob/glob,lib/termcap/termcap,0.3527231979910242
lib/glob/glob,lib/termcap/tparam,0.2795923643330115
lib/glob/glob,quit,0.2376855286627968
lib/glob/glob,shell,0.21684393185721668
lib/glob/glob,sig,0.21914207224727592
lib/glob/glob,test,0.21684393185721668
lib/glob/glob,y.tab,0.32840043935188906
lib/glob/gmisc,bashansi,0.21684393185721668
lib/glob/gmisc,bashtypes,0.21684393185721668
lib/glob/gmisc,config-bot,0.21684393185721668
lib/glob/gmisc,config,0.21914207224727592
lib/glob/gmisc,include/shmbutil,0.21684393185721668
lib/glob/gmisc,include/stdc,0.21684393185721668
lib/glob/smatch,bashansi,0.21684393185721668
lib/glob/smatch,config-bot,0.21914207224727592
lib/glob/smatch,config,0.2237538920245271
lib/glob/smatch,include/chartypes,0.27728616189290606
lib/glob/smatch,include/shmbchar,0.21684393185721668
lib/glob/smatch,include/shmbutil,0.22144552074060395
lib/glob/smatch,lib/glob/sm_loop,0.21914207224727592
lib/glob/smatch,lib/glob/strmatch,0.21914207224727592
lib/glob/smatch,lib/intl/localcharset,0.22838384511062226
lib/glob/smatch,lib/malloc/malloc,0.22838384511062226
lib/glob/smatch,lib/readline/ansi_stdlib,0.22838384511062226
lib/glob/smatch,lib/readline/xmalloc,0.21684393185721668
lib/glob/smatch,lib/termcap/termcap,0.23070464045897748
lib/glob/smatch,lib/termcap/tparam,0.21684393185721668
lib/glob/smatch,support/printenv,0.21684393185721668
lib/glob/smatch,y.tab,0.22838384511062226
lib/glob/strmatch,config-bot,0.22144552074060395
lib/glob/strmatch,config,0.21914207224727592
lib/glob/strmatch,include/stdc,0.21914207224727592
lib/glob/xmbsrtowcs,bashansi,0.21684393185721668
lib/glob/xmbsrtowcs,config-bot,0.21684393185721668
lib/glob/xmbsrtowcs,config,0.22144552074060395
lib/glob/xmbsrtowcs,include/shmbchar,0.22144552074060395
lib/glob/xmbsrtowcs,include/shmbutil,0.21914207224727592
lib/glob/xmbsrtowcs,lib/intl/localcharset,0.25169425950111
lib/glob/xmbsrtowcs,lib/malloc/malloc,0.25169425950111
lib/glob/xmbsrtowcs,lib/readline/ansi_stdlib,0.25169425950111
lib/glob/xmbsrtowcs,lib/sh/shquote,0.21684393185721668
lib/glob/xmbsrtowcs,lib/termcap/termcap,0.25403039137883177
lib/glob/xmbsrtowcs,lib/termcap/tparam,0.23070464045897748
lib/glob/xmbsrtowcs,y.tab,0.24468572060433036
lib/intl/bindtextdom,lib/intl/gettextP,0.3177183038917134
lib/intl/bindtextdom,lib/intl/localcharset,0.23535588282128753
lib/intl/bindtextdom,lib/sh/shquote,0.22606679741447983
lib/intl/bindtextdom,lib/termcap/termcap,0.24235085303635165
lib/intl/bindtextdom,lib/termcap/tparam,0.22606679741447983
lib/intl/dcgettext,lib/intl/gettextP,0.21914207224727592
lib/intl/dcigettext,lib/intl/eval-plural,0.22144552074060395
lib/intl/dcigettext,lib/intl/gettextP,0.3428305283312607
lib/intl/dcigettext,lib/intl/gmo,0.25169425950111
lib/intl/dcigettext,lib/intl/hash-string,0.21684393185721668
lib/intl/dcigettext,lib/intl/loadinfo,0.25870013620307797
lib/intl/dcigettext,lib/intl/localcharset,0.21914207224727592
lib/intl/dcigettext,lib/intl/plural-exp,0.21914207224727592
lib/intl/dcigettext,lib/readline/histlib,0.22838384511062226
lib/intl/dcigettext,lib/sh/shquote,0.22606679741447983
lib/intl/dcigettext,lib/termcap/termcap,0.24235085303635165
lib/intl/dcigettext,lib/termcap/tparam,0.22606679741447983
lib/intl/dcigettext,redir,0.22606679741447983
lib/intl/dcngettext,lib/intl/gettextP,0.21914207224727592
lib/intl/dgettext,lib/intl/gettextP,0.21684393185721668
lib/intl/dngettext,lib/intl/gettextP,0.21684393185721668
lib/intl/eval-plural,lib/intl/gettextP,0.21914207224727592
lib/intl/eval-plural,lib/intl/loadinfo,0.21914207224727592
lib/intl/eval-plural,lib/intl/plural-exp,0.4129149985025984
lib/intl/eval-plural,lib/intl/plural,0.1644055442850844
lib/intl/explodename,lib/intl/loadinfo,0.24468572060433036
lib/intl/explodename,lib/intl/localcharset,0.21684393185721668
lib/intl/explodename,lib/readline/histlib,0.21684393185721668
lib/intl/explodename,lib/termcap/termcap,0.21684393185721668
lib/intl/finddomain,lib/intl/gettextP,0.22838384511062226
lib/intl/finddomain,lib/intl/loadinfo,0.27266001884166
lib/intl/finddomain,lib/intl/localcharset,0.22144552074060395
lib/intl/finddomain,lib/sh/shquote,0.22144552074060395
lib/intl/finddomain,lib/termcap/termcap,0.22144552074060395
lib/intl/finddomain,lib/termcap/tparam,0.22144552074060395
lib/intl/gettext,lib/intl/gettextP,0.5745372013523552
lib/intl/gettextP,lib/intl/gmo,0.23535588282128753
lib/intl/gettextP,lib/intl/loadinfo,0.24235085303635165
lib/intl/intl-compat,lib/intl/gettextP,0.21684393185721668
lib/intl/intl-compat,lib/readline/compat,0.1644055442850844
lib/intl/l10nflist,lib/intl/loadinfo,0.3346637494820673
lib/intl/l10nflist,lib/intl/localcharset,0.2237538920245271
lib/intl/l10nflist,lib/readline/histlib,0.21684393185721668
lib/intl/l10nflist,lib/sh/shquote,0.24235085303635165
lib/intl/l10nflist,lib/termcap/termcap,0.24468572060433036
lib/intl/l10nflist,lib/termcap/tparam,0.24235085303635165
lib/intl/loadmsgcat,lib/glob/glob,0.21684393185721668
lib/intl/loadmsgcat,lib/intl/gettextP,0.4094479962978115
lib/intl/loadmsgcat,lib/intl/gmo,0.4066428109692875
lib/intl/loadmsgcat,lib/intl/hash-string,0.21684393185721668
lib/intl/loadmsgcat,lib/intl/loadinfo,0.24001732035959936
lib/intl/loadmsgcat,lib/intl/localcharset,0.23302878621672646
lib/intl/loadmsgcat,lib/intl/plural-exp,0.22144552074060395
lib/intl/loadmsgcat,lib/malloc/malloc,0.24702151604353587
lib/intl/loadmsgcat,lib/readline/ansi_stdlib,0.24702151604353587
lib/intl/loadmsgcat,lib/sh/shquote,0.21914207224727592
lib/intl/loadmsgcat,lib/termcap/termcap,0.21914207224727592
lib/intl/loadmsgcat,lib/termcap/tparam,0.21914207224727592
lib/intl/loadmsgcat,redir,0.21684393185721668
lib/intl/localcharset,lib/intl/eval-plural,0.21684393185721668
lib/intl/localcharset,lib/sh/shquote,0.23070464045897748
lib/intl/localcharset,lib/termcap/termcap,0.23302878621672646
lib/intl/localcharset,lib/termcap/tparam,0.23070464045897748
lib/intl/localealias,lib/glob/glob,0.21684393185721668
lib/intl/localealias,lib/intl/gettextP,0.22144552074060395
lib/intl/localealias,lib/intl/loadinfo,0.22606679741447983
lib/intl/localealias,lib/intl/localcharset,0.21914207224727592
lib/intl/localealias,lib/readline/ansi_stdlib,0.21684393185721668
lib/intl/localealias,lib/readline/histlib,0.21684393185721668
lib/intl/localealias,lib/sh/shquote,0.21914207224727592
lib/intl/localealias,lib/termcap/termcap,0.21914207224727592
lib/intl/localealias,lib/termcap/tparam,0.21914207224727592
lib/intl/localealias,redir,0.21684393185721668
lib/intl/localename,lib/intl/localcharset,0.22144552074060395
lib/intl/log,lib/intl/localcharset,0.21914207224727592
lib/intl/log,lib/sh/shquote,0.21684393185721668
lib/intl/log,lib/termcap/termcap,0.21914207224727592
lib/intl/log,lib/termcap/tparam,0.21684393185721668
lib/intl/ngettext,lib/intl/gettextP,0.21684393185721668
lib/intl/os2compat,lib/intl/localcharset,0.21914207224727592
lib/intl/os2compat,lib/sh/shquote,0.2237538920245271
lib/intl/os2compat,lib/termcap/termcap,0.2237538920245271
lib/intl/os2compat,lib/termcap/tparam,0.2237538920245271
lib/intl/plural-exp,lib/intl/loadinfo,0.2237538920245271
lib/intl/plural-exp,lib/sh/strstr,0.21914207224727592
lib/intl/plural-exp,lib/intl/gettextP,0.21914207224727592
lib/intl/plural-exp,lib/intl/plural,0.1644055442850844
lib/intl/plural,lib/intl/loadinfo,0.21684393185721668
lib/intl/plural,lib/intl/localcharset,0.22606679741447983
lib/intl/plural,lib/intl/plural-exp,0.39319303504178144
lib/intl/textdomain,lib/intl/gettextP,0.2237538920245271
lib/intl/textdomain,lib/intl/localcharset,0.21914207224727592
lib/intl/textdomain,lib/sh/shquote,0.21684393185721668
lib/intl/textdomain,lib/termcap/termcap,0.22144552074060395
lib/intl/textdomain,lib/termcap/tparam,0.21684393185721668
lib/malloc/malloc,include/stdc,0.22606679741447983
lib/malloc/malloc,lib/malloc/getpagesize,0.21684393185721668
lib/malloc/malloc,lib/malloc/imalloc,0.24702151604353587
lib/malloc/mstats,lib/malloc/imalloc,0.21684393185721668
lib/malloc/stats,lib/malloc/imalloc,0.21684393185721668
lib/malloc/table,lib/malloc/imalloc,0.21914207224727592
lib/malloc/trace,lib/malloc/imalloc,0.21684393185721668
lib/malloc/watch,lib/malloc/imalloc,0.21914207224727592
lib/malloc/xmalloc,lib/readline/ansi_stdlib,0.22838384511062226
lib/malloc/xmalloc,lib/readline/xmalloc,0.3576932694951385
lib/readline/bind,builtins/mkbuiltins,0.24468572060433036
lib/readline/bind,lib/readline/ansi_stdlib,0.23302878621672646
lib/readline/bind,lib/readline/chardefs,0.4439583122957584
lib/readline/bind,lib/readline/histlib,0.21914207224727592
lib/readline/bind,lib/readline/history,0.22606679741447983
lib/readline/bind,lib/readline/keymaps,0.4484429743355436
lib/readline/bind,lib/readline/posixstat,0.21684393185721668
lib/readline/bind,lib/readline/readline,0.3408092683143585
lib/readline/bind,lib/readline/rlconf,0.24001732035959936
lib/readline/bind,lib/readline/rldefs,0.34683090629218444
lib/readline/bind,lib/readline/rlprivate,0.42370911129611744
lib/readline/bind,lib/readline/rlshell,0.21914207224727592
lib/readline/bind,lib/readline/rltypedefs,0.2749752499194302
lib/readline/bind,lib/readline/tilde,0.21684393185721668
lib/readline/bind,lib/readline/xmalloc,0.3241627446279331
lib/readline/bind,lib/sh/shquote,0.25870013620307797
lib/readline/bind,lib/termcap/termcap,0.25870013620307797
lib/readline/bind,lib/termcap/tparam,0.25870013620307797
lib/readline/bind,support/printenv,0.21684393185721668
lib/readline/callback,lib/readline/ansi_stdlib,0.21914207224727592
lib/readline/callback,lib/readline/posixjmp,0.22144552074060395
lib/readline/callback,lib/readline/readline,0.3565771194481498
lib/readline/callback,lib/readline/rlconf,0.22838384511062226
lib/readline/callback,lib/readline/rldefs,0.21684393185721668
lib/readline/callback,lib/readline/rlprivate,0.350773784047539
lib/readline/callback,lib/readline/rltypedefs,0.21914207224727592
lib/readline/callback,lib/readline/xmalloc,0.2237538920245271
lib/readline/compat,lib/readline/rlstdc,0.21684393185721668
lib/readline/compat,lib/readline/rltypedefs,0.22144552074060395
lib/readline/complete,lib/readline/ansi_stdlib,0.2749752499194302
lib/readline/complete,lib/readline/chardefs,0.3089737320657995
lib/readline/complete,lib/readline/histlib,0.23070464045897748
lib/readline/complete,lib/readline/posixdir,0.2237538920245271
lib/readline/complete,lib/readline/posixstat,0.21684393185721668
lib/readline/complete,lib/readline/readline,0.47800873046231146
lib/readline/complete,lib/readline/rlconf,0.23070464045897748
lib/readline/complete,lib/readline/rldefs,0.23302878621672646
lib/readline/complete,lib/readline/rlmbutil,0.22144552074060395
lib/readline/complete,lib/readline/rlprivate,0.27728616189290606
lib/readline/complete,lib/readline/rltypedefs,0.2841890953083282
lib/readline/complete,lib/readline/tilde,0.2237538920245271
lib/readline/complete,lib/readline/xmalloc,0.32840043935188906
lib/readline/complete,lib/sh/shquote,0.29330925353099946
lib/readline/complete,lib/termcap/termcap,0.29330925353099946
lib/readline/complete,lib/termcap/tparam,0.29330925353099946
lib/readline/complete,support/printenv,0.21914207224727592
lib/readline/display,config-bot,0.21684393185721668
lib/readline/display,lib/readline/ansi_stdlib,0.22606679741447983
lib/readline/display,lib/readline/chardefs,0.28876238858586467
lib/readline/display,lib/readline/histlib,0.21684393185721668
lib/readline/display,lib/readline/history,0.22144552074060395
lib/readline/display,lib/readline/posixstat,0.21684393185721668
lib/readline/display,lib/readline/readline,0.3305008960421725
lib/readline/display,lib/readline/rlconf,0.22144552074060395
lib/readline/display,lib/readline/rldefs,0.21684393185721668
lib/readline/display,lib/readline/rlmbutil,0.3000736326779294
lib/readline/display,lib/readline/rlprivate,0.4825875148966851
lib/readline/display,lib/readline/rltypedefs,0.21684393185721668
lib/readline/display,lib/readline/tcap,0.2656923582725533
lib/readline/display,lib/readline/xmalloc,0.27728616189290606
lib/readline/display,lib/sh/shquote,0.25169425950111
lib/readline/display,lib/termcap/termcap,0.25169425950111
lib/readline/display,lib/termcap/tparam,0.25169425950111
lib/readline/emacs_keymap,lib/readline/keymaps,0.49999965977474137
lib/readline/emacs_keymap,lib/readline/readline,0.49911174733119673
lib/readline/emacs_keymap,lib/readline/rltypedefs,0.4997156302573069
lib/readline/emacs_keymap,lib/readline/vi_keymap,0.11060289972528742
lib/readline/funmap,lib/readline/ansi_stdlib,0.21914207224727592
lib/readline/funmap,lib/readline/readline,0.45934859595870325
lib/readline/funmap,lib/readline/rlconf,0.21914207224727592
lib/readline/funmap,lib/readline/rltypedefs,0.21914207224727592
lib/readline/funmap,lib/readline/xmalloc,0.22606679741447983
lib/readline/histexpand,builtins/mkbuiltins,0.25403039137883177
lib/readline/histexpand,lib/readline/ansi_stdlib,0.23070464045897748
lib/readline/histexpand,lib/readline/chardefs,0.22838384511062226
lib/readline/histexpand,lib/readline/histlib,0.29330925353099946
lib/readline/histexpand,lib/readline/history,0.2656923582725533
lib/readline/histexpand,lib/readline/rlmbutil,0.21684393185721668
lib/readline/histexpand,lib/readline/rlshell,0.21914207224727592
lib/readline/histexpand,lib/readline/rltypedefs,0.21684393185721668
lib/readline/histexpand,lib/readline/xmalloc,0.3947545698115065
lib/readline/histexpand,lib/sh/shquote,0.29782677066210034
lib/readline/histexpand,lib/termcap/termcap,0.29782677066210034
lib/readline/histexpand,lib/termcap/tparam,0.29782677066210034
lib/readline/histexpand,support/printenv,0.21684393185721668
lib/readline/histfile,builtins/mkbuiltins,0.21684393185721668
lib/readline/histfile,lib/readline/ansi_stdlib,0.24235085303635165
lib/readline/histfile,lib/readline/histlib,0.22144552074060395
lib/readline/histfile,lib/readline/history,0.27728616189290606
lib/readline/histfile,lib/readline/posixstat,0.21684393185721668
lib/readline/histfile,lib/readline/rlshell,0.21914207224727592
lib/readline/histfile,lib/readline/xmalloc,0.23070464045897748
lib/readline/histfile,lib/sh/shquote,0.23070464045897748
lib/readline/histfile,lib/termcap/termcap,0.23070464045897748
lib/readline/histfile,lib/termcap/tparam,0.23070464045897748
lib/readline/history,builtins/mkbuiltins,0.22838384511062226
lib/readline/history,lib/readline/ansi_stdlib,0.2237538920245271
lib/readline/history,lib/readline/histlib,0.21684393185721668
lib/readline/history,lib/readline/xmalloc,0.2633638105382945
lib/readline/history,lib/sh/shquote,0.24702151604353587
lib/readline/history,lib/termcap/termcap,0.24702151604353587
lib/readline/history,lib/termcap/tparam,0.24702151604353587
lib/readline/history,lib/readline/callback,0.21684393185721668
lib/readline/history,lib/readline/compat,0.21684393185721668
lib/readline/history,lib/readline/complete,0.21684393185721668
lib/readline/history,lib/readline/funmap,0.21684393185721668
lib/readline/history,lib/readline/histsearch,0.24935783168617603
lib/readline/history,lib/readline/input,0.21684393185721668
lib/readline/history,lib/readline/isearch,0.23302878621672646
lib/readline/history,lib/readline/keymaps,0.21914207224727592
lib/readline/history,lib/readline/kill,0.23535588282128753
lib/readline/history,lib/readline/macro,0.21914207224727592
lib/readline/history,lib/readline/mbutil,0.21684393185721668
lib/readline/history,lib/readline/misc,0.33672565714176234
lib/readline/history,lib/readline/nls,0.21684393185721668
lib/readline/history,lib/readline/parens,0.21684393185721668
lib/readline/history,lib/readline/readline,0.23535588282128753
lib/readline/history,lib/readline/rlstdc,0.21684393185721668
lib/readline/history,lib/readline/rltty,0.21684393185721668
lib/readline/history,lib/readline/rltypedefs,0.21914207224727592
lib/readline/history,lib/readline/savestring,0.21684393185721668
lib/readline/history,lib/readline/search,0.28189347004208143
lib/readline/history,lib/readline/shell,0.21684393185721668
lib/readline/history,lib/readline/signals,0.22606679741447983
lib/readline/history,lib/readline/terminal,0.21914207224727592
lib/readline/history,lib/readline/text,0.21914207224727592
lib/readline/history,lib/readline/undo,0.23302878621672646
lib/readline/history,lib/readline/util,0.21684393185721668
lib/readline/history,lib/readline/vi_mode,0.2237538920245271
lib/readline/history,lib/readline/xfree,0.21684393185721668
lib/readline/histsearch,lib/readline/ansi_stdlib,0.21684393185721668
lib/readline/histsearch,lib/readline/histlib,0.24001732035959936
lib/readline/histsearch,lib/sh/shquote,0.21914207224727592
lib/readline/histsearch,lib/termcap/termcap,0.21914207224727592
lib/readline/histsearch,lib/termcap/tparam,0.21914207224727592
lib/readline/histsearch,support/printenv,0.22144552074060395
lib/readline/input,config,0.22606679741447983
lib/readline/input,lib/readline/ansi_stdlib,0.21684393185721668
lib/readline/input,lib/readline/chardefs,0.21684393185721668
lib/readline/input,lib/readline/keymaps,0.2237538920245271
lib/readline/input,lib/readline/posixselect,0.21914207224727592
lib/readline/input,lib/readline/readline,0.2795923643330115
lib/readline/input,lib/readline/rldefs,0.21684393185721668
lib/readline/input,lib/readline/rlmbutil,0.21684393185721668
lib/readline/input,lib/readline/rlprivate,0.2633638105382945
lib/readline/input,lib/readline/rlshell,0.21914207224727592
lib/readline/input,lib/readline/rltypedefs,0.22144552074060395
lib/readline/input,lib/readline/xmalloc,0.2237538920245271
lib/readline/input,lib/sh/input_avail,0.1644055442850844
lib/readline/isearch,lib/readline/ansi_stdlib,0.22606679741447983
lib/readline/isearch,lib/readline/chardefs,0.24468572060433036
lib/readline/isearch,lib/readline/histlib,0.21914207224727592
lib/readline/isearch,lib/readline/keymaps,0.23302878621672646
lib/readline/isearch,lib/readline/readline,0.36594287961675254
lib/readline/isearch,lib/readline/rlconf,0.21684393185721668
lib/readline/isearch,lib/readline/rldefs,0.22144552074060395
lib/readline/isearch,lib/readline/rlmbutil,0.23070464045897748
lib/readline/isearch,lib/readline/rlprivate,0.49678907282750184
lib/readline/isearch,lib/readline/rltypedefs,0.21914207224727592
lib/readline/isearch,lib/readline/xmalloc,0.24468572060433036
lib/readline/isearch,lib/sh/shquote,0.22606679741447983
lib/readline/isearch,lib/termcap/termcap,0.22606679741447983
lib/readline/isearch,lib/termcap/tparam,0.22606679741447983
lib/readline/isearch,support/printenv,0.21684393185721668
lib/readline/keymaps,lib/readline/ansi_stdlib,0.21684393185721668
lib/readline/keymaps,lib/readline/chardefs,0.21914207224727592
lib/readline/keymaps,lib/readline/readline,0.4272641819251289
lib/readline/keymaps,lib/readline/rlconf,0.21914207224727592
lib/readline/keymaps,lib/readline/rltypedefs,0.22144552074060395
lib/readline/keymaps,lib/readline/vi_keymap,0.49995772430929386
lib/readline/keymaps,lib/readline/xmalloc,0.23070464045897748
lib/readline/keymaps,lib/readline/callback,0.21684393185721668
lib/readline/keymaps,lib/readline/compat,0.21684393185721668
lib/readline/keymaps,lib/readline/complete,0.21684393185721668
lib/readline/keymaps,lib/readline/display,0.21684393185721668
lib/readline/keymaps,lib/readline/funmap,0.21684393185721668
lib/readline/keymaps,lib/readline/histexpand,0.21684393185721668
lib/readline/keymaps,lib/readline/histfile,0.21684393185721668
lib/readline/keymaps,lib/readline/histsearch,0.21684393185721668
lib/readline/keymaps,lib/readline/kill,0.21684393185721668
lib/readline/keymaps,lib/readline/macro,0.21684393185721668
lib/readline/keymaps,lib/readline/mbutil,0.21684393185721668
lib/readline/keymaps,lib/readline/misc,0.22838384511062226
lib/readline/keymaps,lib/readline/nls,0.21684393185721668
lib/readline/keymaps,lib/readline/parens,0.23070464045897748
lib/readline/keymaps,lib/readline/rlstdc,0.21684393185721668
lib/readline/keymaps,lib/readline/rltty,0.25870013620307797
lib/readline/keymaps,lib/readline/savestring,0.21684393185721668
lib/readline/keymaps,lib/readline/search,0.21684393185721668
lib/readline/keymaps,lib/readline/shell,0.21684393185721668
lib/readline/keymaps,lib/readline/signals,0.21684393185721668
lib/readline/keymaps,lib/readline/terminal,0.23070464045897748
lib/readline/keymaps,lib/readline/text,0.21914207224727592
lib/readline/keymaps,lib/readline/undo,0.21684393185721668
lib/readline/keymaps,lib/readline/util,0.21684393185721668
lib/readline/keymaps,lib/readline/vi_mode,0.25870013620307797
lib/readline/keymaps,lib/readline/xfree,0.21684393185721668
lib/readline/kill,builtins/mkbuiltins,0.2237538920245271
lib/readline/kill,lib/readline/ansi_stdlib,0.21914207224727592
lib/readline/kill,lib/readline/readline,0.45014613816568166
lib/readline/kill,lib/readline/rlconf,0.21684393185721668
lib/readline/kill,lib/readline/rldefs,0.2237538920245271
lib/readline/kill,lib/readline/rlprivate,0.24235085303635165
lib/readline/kill,lib/readline/xmalloc,0.23535588282128753
lib/readline/kill,lib/sh/shquote,0.22144552074060395
lib/readline/kill,lib/termcap/termcap,0.22144552074060395
lib/readline/kill,lib/termcap/tparam,0.22144552074060395
lib/readline/kill,support/printenv,0.21684393185721668
lib/readline/macro,lib/readline/ansi_stdlib,0.22144552074060395
lib/readline/macro,lib/readline/readline,0.2955718600637189
lib/readline/macro,lib/readline/rlconf,0.21684393185721668
lib/readline/macro,lib/readline/rldefs,0.21684393185721668
lib/readline/macro,lib/readline/rlprivate,0.22606679741447983
lib/readline/macro,lib/readline/xmalloc,0.24001732035959936
lib/readline/macro,lib/sh/shquote,0.2237538920245271
lib/readline/macro,lib/termcap/termcap,0.2237538920245271
lib/readline/macro,lib/termcap/tparam,0.2237538920245271
lib/readline/mbutil,lib/readline/ansi_stdlib,0.21684393185721668
lib/readline/mbutil,lib/readline/posixjmp,0.21684393185721668
lib/readline/mbutil,lib/readline/readline,0.21914207224727592
lib/readline/mbutil,lib/readline/rldefs,0.21684393185721668
lib/readline/mbutil,lib/readline/rlmbutil,0.22144552074060395
lib/readline/mbutil,lib/readline/rlprivate,0.21684393185721668
lib/readline/mbutil,lib/readline/xmalloc,0.21914207224727592
lib/readline/misc,lib/readline/ansi_stdlib,0.22606679741447983
lib/readline/misc,lib/readline/chardefs,0.22144552074060395
lib/readline/misc,lib/readline/readline,0.4627051307712618
lib/readline/misc,lib/readline/rlconf,0.22144552074060395
lib/readline/misc,lib/readline/rldefs,0.22606679741447983
lib/readline/misc,lib/readline/rlmbutil,0.21684393185721668
lib/readline/misc,lib/readline/rlprivate,0.27266001884166
lib/readline/misc,lib/readline/rlshell,0.21684393185721668
lib/readline/misc,lib/readline/xmalloc,0.24468572060433036
lib/readline/misc,lib/sh/shquote,0.22838384511062226
lib/readline/misc,lib/termcap/termcap,0.22838384511062226
lib/readline/misc,lib/termcap/tparam,0.22838384511062226
lib/readline/nls,lib/readline/ansi_stdlib,0.21914207224727592
lib/readline/nls,lib/readline/chardefs,0.24001732035959936
lib/readline/nls,lib/readline/readline,0.21914207224727592
lib/readline/nls,lib/readline/rldefs,0.21684393185721668
lib/readline/nls,lib/readline/rlprivate,0.2237538920245271
lib/readline/nls,lib/readline/rlshell,0.2237538920245271
lib/readline/nls,lib/sh/shquote,0.21914207224727592
lib/readline/nls,lib/termcap/termcap,0.21914207224727592
lib/readline/nls,lib/termcap/tparam,0.21914207224727592
lib/readline/parens,config,0.21914207224727592
lib/readline/parens,lib/readline/histlib,0.21684393185721668
lib/readline/parens,lib/readline/posixselect,0.21914207224727592
lib/readline/parens,lib/readline/readline,0.2656923582725533
lib/readline/parens,lib/readline/rlconf,0.21684393185721668
lib/readline/parens,lib/readline/rlprivate,0.22144552074060395
lib/readline/posixdir,config,0.22606679741447983
lib/readline/readline,lib/readline/ansi_stdlib,0.21914207224727592
lib/readline/readline,lib/readline/chardefs,0.26801817568739705
lib/readline/readline,lib/readline/posixjmp,0.21914207224727592
lib/readline/readline,lib/readline/posixstat,0.21684393185721668
lib/readline/readline,lib/readline/rlconf,0.26103293510270303
lib/readline/readline,lib/readline/rldefs,0.24468572060433036
lib/readline/readline,lib/readline/rlmbutil,0.21684393185721668
lib/readline/readline,lib/readline/rlprivate,0.4094479962978115
lib/readline/readline,lib/readline/rlshell,0.21914207224727592
lib/readline/readline,lib/readline/rltypedefs,0.3346637494820673
lib/readline/readline,lib/readline/xmalloc,0.25169425950111
lib/readline/readline,lib/sh/shquote,0.23302878621672646
lib/readline/readline,lib/termcap/termcap,0.23302878621672646
lib/readline/readline,lib/termcap/tparam,0.23302878621672646
lib/readline/readline,config-bot,0.21914207224727592
lib/readline/readline,lib/readline/compat,0.21684393185721668
lib/readline/readline,lib/readline/histexpand,0.21684393185721668
lib/readline/readline,lib/readline/histfile,0.21684393185721668
lib/readline/readline,lib/readline/histsearch,0.21684393185721668
lib/readline/readline,lib/readline/rlstdc,0.21684393185721668
lib/readline/readline,lib/readline/rltty,0.28647886015528096
lib/readline/readline,lib/readline/savestring,0.21684393185721668
lib/readline/readline,lib/readline/search,0.3900195507909815
lib/readline/readline,lib/readline/shell,0.21684393185721668
lib/readline/readline,lib/readline/signals,0.27266001884166
lib/readline/readline,lib/readline/terminal,0.2841890953083282
lib/readline/readline,lib/readline/text,0.4987803126037232
lib/readline/readline,lib/readline/tilde,0.21684393185721668
lib/readline/readline,lib/readline/undo,0.4080536907033146
lib/readline/readline,lib/readline/util,0.28647886015528096
lib/readline/readline,lib/readline/vi_mode,0.4999978352140524
lib/readline/readline,lib/readline/xfree,0.21684393185721668
lib/readline/rldefs,config-bot,0.21684393185721668
lib/readline/rldefs,lib/readline/rlconf,0.21684393185721668
lib/readline/rldefs,lib/readline/rlstdc,0.21684393185721668
lib/readline/rlmbutil,lib/readline/rlstdc,0.21684393185721668
lib/readline/rlprivate,config-bot,0.21914207224727592
lib/readline/rlprivate,lib/readline/keymaps,0.23070464045897748
lib/readline/rlprivate,lib/readline/posixjmp,0.21914207224727592
lib/readline/rlprivate,lib/readline/rlconf,0.22144552074060395
lib/readline/rlprivate,lib/readline/rldefs,0.21914207224727592
lib/readline/rlprivate,lib/readline/rlstdc,0.21684393185721668
lib/readline/rlshell,lib/readline/rlstdc,0.21684393185721668
lib/readline/rltty,include/shtty,0.22144552074060395
lib/readline/rltty,lib/readline/rlconf,0.22144552074060395
lib/readline/rltty,lib/readline/rldefs,0.23302878621672646
lib/readline/rltty,lib/readline/rlprivate,0.26801817568739705
lib/readline/rltty,lib/readline/rltypedefs,0.2237538920245271
lib/readline/rltty,lib/readline/rlwinsize,0.21684393185721668
lib/readline/savestring,config,0.21914207224727592
lib/readline/savestring,lib/readline/xmalloc,0.22144552074060395
lib/readline/savestring,lib/sh/shquote,0.21684393185721668
lib/readline/savestring,lib/termcap/termcap,0.21684393185721668
lib/readline/savestring,lib/termcap/tparam,0.21684393185721668
lib/readline/search,lib/readline/ansi_stdlib,0.21914207224727592
lib/readline/search,lib/readline/chardefs,0.22838384511062226
lib/readline/search,lib/readline/rlconf,0.22144552074060395
lib/readline/search,lib/readline/rldefs,0.22144552074060395
lib/readline/search,lib/readline/rlmbutil,0.21684393185721668
lib/readline/search,lib/readline/rlprivate,0.2955718600637189
lib/readline/search,lib/readline/xmalloc,0.22838384511062226
lib/readline/search,lib/sh/shquote,0.21914207224727592
lib/readline/search,lib/termcap/termcap,0.21914207224727592
lib/readline/search,lib/termcap/tparam,0.21914207224727592
lib/readline/shell,lib/readline/ansi_stdlib,0.21914207224727592
lib/readline/shell,lib/readline/rlshell,0.21684393185721668
lib/readline/shell,lib/readline/rlstdc,0.21684393185721668
lib/readline/shell,lib/readline/xmalloc,0.22144552074060395
lib/readline/shell,lib/sh/shquote,0.21684393185721668
lib/readline/shell,lib/termcap/termcap,0.21684393185721668
lib/readline/shell,lib/termcap/tparam,0.21684393185721668
lib/readline/shell,lib/tilde/shell,0.3576932694951385
lib/readline/signals,lib/readline/chardefs,0.23535588282128753
lib/readline/signals,lib/readline/rlconf,0.21684393185721668
lib/readline/signals,lib/readline/rldefs,0.21684393185721668
lib/readline/signals,lib/readline/rlprivate,0.23302878621672646
lib/readline/terminal,lib/readline/ansi_stdlib,0.22606679741447983
lib/readline/terminal,lib/readline/posixstat,0.21684393185721668
lib/readline/terminal,lib/readline/rlconf,0.21684393185721668
lib/readline/terminal,lib/readline/rldefs,0.22838384511062226
lib/readline/terminal,lib/readline/rlprivate,0.24235085303635165
lib/readline/terminal,lib/readline/rlshell,0.22606679741447983
lib/readline/terminal,lib/readline/rltty,0.21684393185721668
lib/readline/terminal,lib/readline/tcap,0.25169425950111
lib/readline/terminal,lib/readline/xmalloc,0.2237538920245271
lib/readline/text,builtins/mkbuiltins,0.21914207224727592
lib/readline/text,lib/readline/ansi_stdlib,0.21684393185721668
lib/readline/text,lib/readline/chardefs,0.24702151604353587
lib/readline/text,lib/readline/rlconf,0.24235085303635165
lib/readline/text,lib/readline/rldefs,0.24935783168617603
lib/readline/text,lib/readline/rlmbutil,0.29782677066210034
lib/readline/text,lib/readline/rlprivate,0.3584813076685443
lib/readline/text,lib/readline/rlshell,0.21684393185721668
lib/readline/text,lib/readline/xmalloc,0.23070464045897748
lib/readline/text,lib/sh/shquote,0.22144552074060395
lib/readline/text,lib/termcap/termcap,0.22144552074060395
lib/readline/text,lib/termcap/tparam,0.22144552074060395
lib/readline/text,support/printenv,0.21684393185721668
lib/readline/tilde,lib/readline/ansi_stdlib,0.21684393185721668
lib/readline/tilde,lib/readline/histlib,0.21684393185721668
lib/readline/tilde,lib/readline/xmalloc,0.2563658194165694
lib/readline/tilde,lib/sh/shquote,0.24935783168617603
lib/readline/tilde,lib/termcap/termcap,0.24935783168617603
lib/readline/tilde,lib/termcap/tparam,0.24935783168617603
lib/readline/tilde,support/printenv,0.21914207224727592
lib/readline/tilde,lib/tilde/tilde,0.3576932694951385
lib/readline/undo,lib/readline/ansi_stdlib,0.21684393185721668
lib/readline/undo,lib/readline/rlconf,0.21684393185721668
lib/readline/undo,lib/readline/rldefs,0.21914207224727592
lib/readline/undo,lib/readline/rlprivate,0.21684393185721668
lib/readline/undo,lib/readline/xmalloc,0.23535588282128753
lib/readline/undo,lib/sh/shquote,0.21914207224727592
lib/readline/undo,lib/termcap/termcap,0.21914207224727592
lib/readline/undo,lib/termcap/tparam,0.21914207224727592
lib/readline/util,builtins/mkbuiltins,0.22144552074060395
lib/readline/util,config-bot,0.21914207224727592
lib/readline/util,lib/readline/ansi_stdlib,0.21914207224727592
lib/readline/util,lib/readline/chardefs,0.3198777982679637
lib/readline/util,lib/readline/histlib,0.21684393185721668
lib/readline/util,lib/readline/posixjmp,0.21684393185721668
lib/readline/util,lib/readline/rldefs,0.21914207224727592
lib/readline/util,lib/readline/rlmbutil,0.21684393185721668
lib/readline/util,lib/readline/rlprivate,0.2376855286627968
lib/readline/util,lib/readline/rltypedefs,0.21684393185721668
lib/readline/util,lib/readline/tilde,0.21914207224727592
lib/readline/util,lib/readline/xmalloc,0.2376855286627968
lib/readline/util,lib/sh/shquote,0.2237538920245271
lib/readline/util,lib/termcap/termcap,0.2237538920245271
lib/readline/util,lib/termcap/tparam,0.2237538920245271
lib/readline/vi_keymap,lib/readline/readline,0.49890942664531407
lib/readline/vi_keymap,lib/readline/rltypedefs,0.47372644334119995
lib/readline/vi_keymap,lib/readline/vi_mode,0.11060289972528742
lib/readline/vi_mode,builtins/mkbuiltins,0.27266001884166
lib/readline/vi_mode,lib/readline/ansi_stdlib,0.21684393185721668
lib/readline/vi_mode,lib/readline/chardefs,0.4108257788168189
lib/readline/vi_mode,lib/readline/histlib,0.22606679741447983
lib/readline/vi_mode,lib/readline/rlconf,0.2563658194165694
lib/readline/vi_mode,lib/readline/rldefs,0.22606679741447983
lib/readline/vi_mode,lib/readline/rlmbutil,0.25403039137883177
lib/readline/vi_mode,lib/readline/rlprivate,0.45934859595870325
lib/readline/vi_mode,lib/readline/xmalloc,0.22606679741447983
lib/readline/xfree,lib/readline/ansi_stdlib,0.21914207224727592
lib/readline/xfree,lib/readline/xmalloc,0.21914207224727592
lib/readline/xmalloc,lib/readline/ansi_stdlib,0.22606679741447983
lib/readline/xmalloc,lib/readline/compat,0.21684393185721668
lib/readline/xmalloc,lib/readline/histsearch,0.21684393185721668
lib/readline/xmalloc,lib/readline/nls,0.21684393185721668
lib/readline/xmalloc,lib/readline/parens,0.21684393185721668
lib/readline/xmalloc,lib/readline/rlstdc,0.21684393185721668
lib/readline/xmalloc,lib/readline/rltty,0.21684393185721668
lib/readline/xmalloc,lib/readline/signals,0.21684393185721668
lib/sh/casemod,bashansi,0.21684393185721668
lib/sh/casemod,bashintl,0.21684393185721668
lib/sh/casemod,bashtypes,0.21684393185721668
lib/sh/casemod,config-bot,0.22606679741447983
lib/sh/casemod,include/chartypes,0.24468572060433036
lib/sh/casemod,include/shmbchar,0.2237538920245271
lib/sh/casemod,include/shmbutil,0.22838384511062226
lib/sh/casemod,include/stdc,0.21684393185721668
lib/sh/casemod,lib/glob/strmatch,0.21914207224727592
lib/sh/casemod,lib/intl/localcharset,0.21684393185721668
lib/sh/casemod,lib/malloc/malloc,0.21684393185721668
lib/sh/casemod,lib/readline/ansi_stdlib,0.21684393185721668
lib/sh/casemod,lib/readline/xmalloc,0.22144552074060395
lib/sh/casemod,lib/sh/shquote,0.21914207224727592
lib/sh/casemod,lib/termcap/termcap,0.21684393185721668
lib/sh/casemod,y.tab,0.21684393185721668
lib/sh/clktck,bashtypes,0.21684393185721668
lib/sh/clktck,config,0.22606679741447983
lib/sh/clock,config,0.22144552074060395
lib/sh/clock,include/posixtime,0.21684393185721668
lib/sh/clock,include/stdc,0.21684393185721668
lib/sh/dprintf,config-bot,0.21914207224727592
lib/sh/dprintf,include/stdc,0.21684393185721668
lib/sh/eaccess,bashansi,0.21684393185721668
lib/sh/eaccess,bashtypes,0.21684393185721668
lib/sh/eaccess,general,0.23535588282128753
lib/sh/eaccess,include/filecntl,0.21684393185721668
lib/sh/eaccess,lib/readline/posixstat,0.21914207224727592
lib/sh/eaccess,lib/termcap/termcap,0.22838384511062226
lib/sh/eaccess,shell,0.24468572060433036
lib/sh/eaccess,support/printenv,0.2237538920245271
lib/sh/fmtullong,config,0.21914207224727592
lib/sh/fmtullong,lib/sh/fmtulong,0.21684393185721668
lib/sh/fmtulong,bashansi,0.21684393185721668
lib/sh/fmtulong,bashintl,0.21914207224727592
lib/sh/fmtulong,include/chartypes,0.23302878621672646
lib/sh/fmtulong,include/stdc,0.21684393185721668
lib/sh/fmtulong,include/typemax,0.21684393185721668
lib/sh/fmtumax,config,0.21684393185721668
lib/sh/fmtumax,lib/sh/fmtulong,0.21684393185721668
lib/sh/fnxform,bashansi,0.21684393185721668
lib/sh/fnxform,bashintl,0.21684393185721668
lib/sh/fnxform,bashtypes,0.21684393185721668
lib/sh/fnxform,config,0.22838384511062226
lib/sh/fnxform,include/stdc,0.21684393185721668
lib/sh/fnxform,lib/readline/xmalloc,0.21684393185721668
lib/sh/fpurge,config,0.2237538920245271
lib/sh/fpurge,include/stdc,0.21684393185721668
lib/sh/getcwd,bashansi,0.21684393185721668
lib/sh/getcwd,bashtypes,0.21684393185721668
lib/sh/getcwd,config,0.22606679741447983
lib/sh/getcwd,include/maxpath,0.21684393185721668
lib/sh/getcwd,include/memalloc,0.21684393185721668
lib/sh/getcwd,lib/glob/glob,0.21684393185721668
lib/sh/getcwd,lib/glob/ndir,0.21684393185721668
lib/sh/getcwd,lib/intl/localcharset,0.23535588282128753
lib/sh/getcwd,lib/malloc/malloc,0.23535588282128753
lib/sh/getcwd,lib/readline/ansi_stdlib,0.23535588282128753
lib/sh/getcwd,lib/readline/posixdir,0.21914207224727592
lib/sh/getcwd,lib/readline/posixstat,0.21684393185721668
lib/sh/getcwd,lib/readline/xmalloc,0.21684393185721668
lib/sh/getcwd,lib/termcap/termcap,0.23535588282128753
lib/sh/getcwd,lib/termcap/tparam,0.22606679741447983
lib/sh/getcwd,redir,0.21684393185721668
lib/sh/getcwd,y.tab,0.23070464045897748
lib/sh/getenv,config,0.21684393185721668
lib/sh/inet_aton,config-bot,0.21684393185721668
lib/sh/inet_aton,config,0.2237538920245271
lib/sh/input_avail,bashansi,0.21684393185721668
lib/sh/input_avail,config,0.21914207224727592
lib/sh/input_avail,lib/readline/posixselect,0.21684393185721668
lib/sh/itos,bashansi,0.21684393185721668
lib/sh/itos,externs,0.21914207224727592
lib/sh/itos,general,0.22838384511062226
lib/sh/itos,shell,0.21684393185721668
lib/sh/mailstat,bashansi,0.21684393185721668
lib/sh/mailstat,bashtypes,0.21684393185721668
lib/sh/mailstat,config,0.22144552074060395
lib/sh/mailstat,include/maxpath,0.21684393185721668
lib/sh/mailstat,lib/glob/ndir,0.21684393185721668
lib/sh/mailstat,lib/readline/posixdir,0.21684393185721668
lib/sh/mailstat,lib/readline/posixstat,0.21684393185721668
lib/sh/mailstat,lib/sh/shquote,0.22144552074060395
lib/sh/makepath,bashansi,0.21684393185721668
lib/sh/makepath,config,0.21914207224727592
lib/sh/makepath,externs,0.22606679741447983
lib/sh/makepath,general,0.21684393185721668
lib/sh/makepath,lib/intl/localcharset,0.21684393185721668
lib/sh/makepath,lib/malloc/malloc,0.21684393185721668
lib/sh/makepath,lib/readline/ansi_stdlib,0.21684393185721668
lib/sh/makepath,lib/sh/shquote,0.22606679741447983
lib/sh/makepath,lib/termcap/termcap,0.21684393185721668
lib/sh/makepath,lib/tilde/tilde,0.21684393185721668
lib/sh/makepath,shell,0.21684393185721668
lib/sh/makepath,variables,0.21684393185721668
lib/sh/makepath,xmalloc,0.22606679741447983
lib/sh/makepath,y.tab,0.21684393185721668
lib/sh/mbscasecmp,config-bot,0.21684393185721668
lib/sh/mbscasecmp,config,0.21684393185721668
lib/sh/mbscasecmp,lib/sh/shquote,0.21914207224727592
lib/sh/mbschr,bashansi,0.21684393185721668
lib/sh/mbschr,config-bot,0.21684393185721668
lib/sh/mbschr,config,0.22144552074060395
lib/sh/mbschr,include/shmbchar,0.21684393185721668
lib/sh/mbschr,include/shmbutil,0.21684393185721668
lib/sh/mbschr,lib/readline/histlib,0.21684393185721668
lib/sh/mbschr,lib/sh/shquote,0.21684393185721668
lib/sh/mbscmp,config-bot,0.21684393185721668
lib/sh/mbscmp,config,0.21684393185721668
lib/sh/mbscmp,lib/sh/shquote,0.21914207224727592
lib/sh/mktime,bashansi,0.21684393185721668
lib/sh/netconn,bashtypes,0.21684393185721668
lib/sh/netconn,config,0.22838384511062226
lib/sh/netconn,include/filecntl,0.21684393185721668
lib/sh/netconn,lib/readline/posixstat,0.21684393185721668
lib/sh/netopen,bashansi,0.21684393185721668
lib/sh/netopen,bashintl,0.21914207224727592
lib/sh/netopen,config-bot,0.21684393185721668
lib/sh/netopen,config,0.24001732035959936
lib/sh/netopen,error,0.22606679741447983
lib/sh/netopen,execute_cmd,0.21914207224727592
lib/sh/netopen,lib/intl/localcharset,0.21684393185721668
lib/sh/netopen,lib/malloc/malloc,0.21684393185721668
lib/sh/netopen,lib/readline/ansi_stdlib,0.21684393185721668
lib/sh/netopen,lib/readline/histlib,0.21684393185721668
lib/sh/netopen,lib/readline/xmalloc,0.21914207224727592
lib/sh/netopen,lib/sh/shquote,0.21684393185721668
lib/sh/netopen,lib/termcap/termcap,0.21684393185721668
lib/sh/netopen,shell,0.21684393185721668
lib/sh/netopen,y.tab,0.21684393185721668
lib/sh/oslib,bashansi,0.21684393185721668
lib/sh/oslib,bashtypes,0.21684393185721668
lib/sh/oslib,config,0.24935783168617603
lib/sh/oslib,include/chartypes,0.21684393185721668
lib/sh/oslib,include/filecntl,0.21684393185721668
lib/sh/oslib,lib/readline/posixstat,0.21684393185721668
lib/sh/oslib,shell,0.21684393185721668
lib/sh/pathcanon,bashansi,0.21684393185721668
lib/sh/pathcanon,bashtypes,0.21684393185721668
lib/sh/pathcanon,config,0.21914207224727592
lib/sh/pathcanon,externs,0.22606679741447983
lib/sh/pathcanon,general,0.24235085303635165
lib/sh/pathcanon,include/chartypes,0.21684393185721668
lib/sh/pathcanon,include/filecntl,0.21684393185721668
lib/sh/pathcanon,lib/intl/localcharset,0.21914207224727592
lib/sh/pathcanon,lib/malloc/malloc,0.21914207224727592
lib/sh/pathcanon,lib/readline/ansi_stdlib,0.21914207224727592
lib/sh/pathcanon,lib/readline/posixstat,0.21684393185721668
lib/sh/pathcanon,lib/sh/shquote,0.21914207224727592
lib/sh/pathcanon,lib/termcap/termcap,0.21914207224727592
lib/sh/pathcanon,shell,0.21684393185721668
lib/sh/pathcanon,xmalloc,0.21914207224727592
lib/sh/pathcanon,y.tab,0.21914207224727592
lib/sh/pathphys,bashansi,0.21684393185721668
lib/sh/pathphys,bashtypes,0.21684393185721668
lib/sh/pathphys,config,0.22144552074060395
lib/sh/pathphys,externs,0.21684393185721668
lib/sh/pathphys,general,0.2376855286627968
lib/sh/pathphys,include/chartypes,0.21684393185721668
lib/sh/pathphys,include/filecntl,0.21684393185721668
lib/sh/pathphys,lib/intl/localcharset,0.22838384511062226
lib/sh/pathphys,lib/malloc/malloc,0.22838384511062226
lib/sh/pathphys,lib/readline/ansi_stdlib,0.22838384511062226
lib/sh/pathphys,lib/readline/posixstat,0.21684393185721668
lib/sh/pathphys,lib/sh/shquote,0.22838384511062226
lib/sh/pathphys,lib/termcap/termcap,0.22838384511062226
lib/sh/pathphys,shell,0.21684393185721668
lib/sh/pathphys,xmalloc,0.22838384511062226
lib/sh/pathphys,y.tab,0.22838384511062226
lib/sh/rename,config,0.21914207224727592
lib/sh/setlinebuf,config,0.2237538920245271
lib/sh/setlinebuf,lib/readline/xmalloc,0.21684393185721668
lib/sh/shmatch,config-bot,0.21684393185721668
lib/sh/shmbchar,config-bot,0.21684393185721668
lib/sh/shmbchar,config,0.21684393185721668
lib/sh/shmbchar,include/shmbchar,0.21914207224727592
lib/sh/shmbchar,include/shmbutil,0.21684393185721668
lib/sh/shquote,config,0.22144552074060395
lib/sh/shquote,lib/readline/xmalloc,0.23070464045897748
lib/sh/shquote,syntax,0.24468572060433036
lib/sh/shtty,include/shtty,0.23070464045897748
lib/sh/snprintf,bashansi,0.21684393185721668
lib/sh/snprintf,bashtypes,0.21684393185721668
lib/sh/snprintf,config-bot,0.23302878621672646
lib/sh/snprintf,config,0.2633638105382945
lib/sh/snprintf,externs,0.23302878621672646
lib/sh/snprintf,general,0.23535588282128753
lib/sh/snprintf,include/chartypes,0.22838384511062226
lib/sh/snprintf,include/shmbchar,0.24702151604353587
lib/sh/snprintf,include/shmbutil,0.21684393185721668
lib/sh/snprintf,include/stdc,0.21684393185721668
lib/sh/snprintf,include/typemax,0.21684393185721668
lib/sh/snprintf,lib/intl/localcharset,0.22838384511062226
lib/sh/snprintf,lib/malloc/malloc,0.22838384511062226
lib/sh/snprintf,lib/readline/ansi_stdlib,0.22838384511062226
lib/sh/snprintf,lib/readline/xmalloc,0.3584813076685443
lib/sh/snprintf,lib/sh/shquote,0.24001732035959936
lib/sh/snprintf,lib/termcap/termcap,0.22838384511062226
lib/sh/snprintf,shell,0.21684393185721668
lib/sh/snprintf,y.tab,0.22838384511062226
lib/sh/spell,bashansi,0.21684393185721668
lib/sh/spell,bashtypes,0.21684393185721668
lib/sh/spell,config,0.21914207224727592
lib/sh/spell,include/maxpath,0.21684393185721668
lib/sh/spell,include/stdc,0.21684393185721668
lib/sh/spell,lib/glob/ndir,0.21684393185721668
lib/sh/spell,lib/intl/localcharset,0.21914207224727592
lib/sh/spell,lib/malloc/malloc,0.21914207224727592
lib/sh/spell,lib/readline/ansi_stdlib,0.21914207224727592
lib/sh/spell,lib/readline/posixdir,0.21684393185721668
lib/sh/spell,lib/readline/posixstat,0.21684393185721668
lib/sh/spell,lib/sh/shquote,0.21684393185721668
lib/sh/spell,lib/termcap/termcap,0.23070464045897748
lib/sh/spell,lib/termcap/tparam,0.21684393185721668
lib/sh/spell,y.tab,0.21914207224727592
lib/sh/strcasecmp,config,0.21914207224727592
lib/sh/strcasestr,bashansi,0.21684393185721668
lib/sh/strcasestr,config,0.21684393185721668
lib/sh/strcasestr,include/chartypes,0.23070464045897748
lib/sh/strcasestr,include/stdc,0.21684393185721668
lib/sh/strcasestr,lib/sh/shquote,0.21914207224727592
lib/sh/strchrnul,config,0.21684393185721668
lib/sh/strchrnul,lib/sh/shquote,0.21684393185721668
lib/sh/strerror,config,0.21914207224727592
lib/sh/strftime,config,0.2237538920245271
lib/sh/strftime,input,0.21914207224727592
lib/sh/strftime,lib/intl/localcharset,0.22144552074060395
lib/sh/strftime,lib/malloc/malloc,0.21914207224727592
lib/sh/strftime,lib/readline/ansi_stdlib,0.22144552074060395
lib/sh/strftime,lib/readline/histlib,0.21684393185721668
lib/sh/strftime,lib/sh/shquote,0.2237538920245271
lib/sh/strftime,lib/termcap/termcap,0.2237538920245271
lib/sh/strftime,lib/termcap/tparam,0.21914207224727592
lib/sh/strftime,y.tab,0.23070464045897748
lib/sh/stringlist,bashansi,0.21684393185721668
lib/sh/stringlist,command,0.2237538920245271
lib/sh/stringlist,config,0.21914207224727592
lib/sh/stringlist,externs,0.4420709573432914
lib/sh/stringlist,general,0.22144552074060395
lib/sh/stringlist,lib/intl/localcharset,0.21914207224727592
lib/sh/stringlist,lib/malloc/malloc,0.21914207224727592
lib/sh/stringlist,lib/readline/ansi_stdlib,0.21914207224727592
lib/sh/stringlist,lib/sh/shquote,0.24001732035959936
lib/sh/stringlist,lib/termcap/termcap,0.21914207224727592
lib/sh/stringlist,shell,0.21684393185721668
lib/sh/stringlist,xmalloc,0.24001732035959936
lib/sh/stringlist,y.tab,0.21914207224727592
lib/sh/stringvec,bashansi,0.21684393185721668
lib/sh/stringvec,bashtypes,0.21684393185721668
lib/sh/stringvec,command,0.26103293510270303
lib/sh/stringvec,config,0.22144552074060395
lib/sh/stringvec,externs,0.21914207224727592
lib/sh/stringvec,general,0.2237538920245271
lib/sh/stringvec,include/chartypes,0.21684393185721668
lib/sh/stringvec,lib/intl/localcharset,0.2237538920245271
lib/sh/stringvec,lib/malloc/malloc,0.2237538920245271
lib/sh/stringvec,lib/readline/ansi_stdlib,0.22606679741447983
lib/sh/stringvec,lib/sh/shquote,0.2237538920245271
lib/sh/stringvec,lib/termcap/termcap,0.22606679741447983
lib/sh/stringvec,make_cmd,0.21914207224727592
lib/sh/stringvec,shell,0.21684393185721668
lib/sh/stringvec,xmalloc,0.23302878621672646
lib/sh/stringvec,y.tab,0.2237538920245271
lib/sh/strnlen,include/stdc,0.21684393185721668
lib/sh/strpbrk,include/stdc,0.21684393185721668
lib/sh/strtod,bashansi,0.21684393185721668
lib/sh/strtod,include/chartypes,0.23070464045897748
lib/sh/strtoimax,include/stdc,0.21684393185721668
lib/sh/strtol,config,0.21914207224727592
lib/sh/strtoll,config,0.22144552074060395
lib/sh/strtoul,config,0.21914207224727592
lib/sh/strtoull,config,0.22144552074060395
lib/sh/strtoumax,include/stdc,0.21684393185721668
lib/sh/strtrans,bashansi,0.21684393185721668
lib/sh/strtrans,config-bot,0.21914207224727592
lib/sh/strtrans,config,0.21914207224727592
lib/sh/strtrans,externs,0.21684393185721668
lib/sh/strtrans,include/chartypes,0.25870013620307797
lib/sh/strtrans,lib/intl/localcharset,0.21684393185721668
lib/sh/strtrans,lib/malloc/malloc,0.21684393185721668
lib/sh/strtrans,lib/readline/ansi_stdlib,0.21684393185721668
lib/sh/strtrans,lib/sh/shquote,0.21684393185721668
lib/sh/strtrans,lib/termcap/termcap,0.21684393185721668
lib/sh/strtrans,shell,0.2237538920245271
lib/sh/strtrans,xmalloc,0.22144552074060395
lib/sh/strtrans,y.tab,0.21684393185721668
lib/sh/times,config,0.21914207224727592
lib/sh/timeval,config,0.21914207224727592
lib/sh/timeval,include/posixtime,0.21684393185721668
lib/sh/tmpfile,bashtypes,0.21684393185721668
lib/sh/tmpfile,config,0.2237538920245271
lib/sh/tmpfile,execute_cmd,0.21684393185721668
lib/sh/tmpfile,externs,0.22606679741447983
lib/sh/tmpfile,general,0.22606679741447983
lib/sh/tmpfile,include/filecntl,0.21684393185721668
lib/sh/tmpfile,include/posixtime,0.21684393185721668
lib/sh/tmpfile,lib/intl/localcharset,0.21684393185721668
lib/sh/tmpfile,lib/malloc/malloc,0.21684393185721668
lib/sh/tmpfile,lib/readline/ansi_stdlib,0.21684393185721668
lib/sh/tmpfile,lib/readline/posixstat,0.21684393185721668
lib/sh/tmpfile,lib/sh/shquote,0.22144552074060395
lib/sh/tmpfile,lib/termcap/termcap,0.21684393185721668
lib/sh/tmpfile,shell,0.21684393185721668
lib/sh/tmpfile,variables,0.22144552074060395
lib/sh/tmpfile,xmalloc,0.21914207224727592
lib/sh/tmpfile,y.tab,0.21684393185721668
lib/sh/uconvert,bashtypes,0.21684393185721668
lib/sh/uconvert,builtins,0.21684393185721668
lib/sh/uconvert,config,0.22144552074060395
lib/sh/uconvert,include/chartypes,0.22144552074060395
lib/sh/uconvert,shell,0.21684393185721668
lib/sh/ufuncs,bashtypes,0.21684393185721668
lib/sh/ufuncs,config,0.22838384511062226
lib/sh/unicode,bashansi,0.21684393185721668
lib/sh/unicode,config-bot,0.21684393185721668
lib/sh/unicode,config,0.2376855286627968
lib/sh/unicode,include/stdc,0.21684393185721668
lib/sh/unicode,lib/readline/xmalloc,0.21684393185721668
lib/sh/unicode,lib/termcap/termcap,0.21684393185721668
lib/sh/vprint,config,0.21684393185721668
lib/sh/wcsdup,config-bot,0.21684393185721668
lib/sh/wcsdup,config,0.21914207224727592
lib/sh/wcswidth,config-bot,0.21684393185721668
lib/sh/wcswidth,config,0.21914207224727592
lib/sh/winsize,bashtypes,0.21684393185721668
lib/sh/winsize,config,0.22838384511062226
lib/sh/winsize,include/stdc,0.21684393185721668
lib/sh/zcatfd,config,0.21914207224727592
lib/sh/zcatfd,include/stdc,0.21684393185721668
lib/sh/zgetline,config,0.21914207224727592
lib/sh/zgetline,lib/readline/xmalloc,0.21914207224727592
lib/sh/zmapfd,bashansi,0.21684393185721668
lib/sh/zmapfd,command,0.21684393185721668
lib/sh/zmapfd,config,0.21914207224727592
lib/sh/zmapfd,general,0.22144552074060395
lib/sh/zmapfd,lib/intl/localcharset,0.21914207224727592
lib/sh/zmapfd,lib/malloc/malloc,0.21914207224727592
lib/sh/zmapfd,lib/readline/ansi_stdlib,0.21914207224727592
lib/sh/zmapfd,lib/termcap/termcap,0.21914207224727592
lib/sh/zmapfd,xmalloc,0.22144552074060395
lib/sh/zmapfd,y.tab,0.21914207224727592
lib/sh/zread,config,0.21914207224727592
lib/sh/zread,lib/termcap/termcap,0.21684393185721668
lib/sh/zwrite,config,0.21914207224727592
lib/termcap/termcap,lib/termcap/ltcap,0.21684393185721668
lib/termcap/tparam,lib/termcap/ltcap,0.21684393185721668
lib/tilde/shell,lib/readline/ansi_stdlib,0.21914207224727592
lib/tilde/shell,lib/tilde/tilde,0.21914207224727592
lib/tilde/tilde,lib/readline/ansi_stdlib,0.21684393185721668
lib/tilde/tilde,lib/readline/histlib,0.21684393185721668
lib/tilde/tilde,lib/readline/xmalloc,0.2563658194165694
lib/tilde/tilde,lib/sh/shquote,0.24935783168617603
lib/tilde/tilde,lib/termcap/termcap,0.24935783168617603
lib/tilde/tilde,lib/termcap/tparam,0.24935783168617603
lib/tilde/tilde,support/printenv,0.21914207224727592
list,config,0.21914207224727592
list,general,0.25403039137883177
list,shell,0.21684393185721668
locale,bashansi,0.21684393185721668
locale,bashintl,0.22606679741447983
locale,bashtypes,0.21684393185721668
locale,config,0.23070464045897748
locale,error,0.2237538920245271
locale,externs,0.21684393185721668
locale,general,0.23070464045897748
locale,include/chartypes,0.21684393185721668
locale,input,0.21914207224727592
locale,lib/termcap/termcap,0.21684393185721668
locale,shell,0.21684393185721668
locale,support/printenv,0.24935783168617603
locale,syntax,0.24235085303635165
locale,variables,0.24001732035959936
locale,xmalloc,0.2633638105382945
locale,y.tab,0.23302878621672646
mailcheck,bashansi,0.21684393185721668
mailcheck,bashintl,0.2237538920245271
mailcheck,bashtypes,0.21684393185721668
mailcheck,config,0.23070464045897748
mailcheck,execute_cmd,0.21684393185721668
mailcheck,externs,0.21684393185721668
mailcheck,general,0.23070464045897748
mailcheck,include/posixstat,0.21684393185721668
mailcheck,include/posixtime,0.21684393185721668
mailcheck,lib/termcap/termcap,0.21684393185721668
mailcheck,lib/tilde/tilde,0.21684393185721668
mailcheck,shell,0.23302878621672646
mailcheck,subst,0.22144552074060395
mailcheck,support/printenv,0.22838384511062226
mailcheck,variables,0.24001732035959936
mailcheck,xmalloc,0.23070464045897748
mailcheck,y.tab,0.24468572060433036
make_cmd,bashansi,0.21684393185721668
make_cmd,bashintl,0.23070464045897748
make_cmd,bashtypes,0.21684393185721668
make_cmd,builtins/mkbuiltins,0.21684393185721668
make_cmd,command,0.4999749498271126
make_cmd,config,0.24702151604353587
make_cmd,dispose_cmd,0.22144552074060395
make_cmd,error,0.23302878621672646
make_cmd,externs,0.22838384511062226
make_cmd,flags,0.21914207224727592
make_cmd,general,0.24935783168617603
make_cmd,include/ansi_stdlib,0.21684393185721668
make_cmd,include/filecntl,0.21684393185721668
make_cmd,include/ocache,0.2633638105382945
make_cmd,include/shmbchar,0.22144552074060395
make_cmd,include/shmbutil,0.22144552074060395
make_cmd,input,0.21914207224727592
make_cmd,parser,0.2237538920245271
make_cmd,subst,0.3428305283312607
make_cmd,support/printenv,0.2376855286627968
make_cmd,syntax,0.21684393185721668
make_cmd,variables,0.23535588282128753
make_cmd,xmalloc,0.28647886015528096
make_cmd,y.tab,0.4692094743786487
make_cmd,include/stdc,0.21684393185721668
make_cmd,print_cmd,0.11060289972528742
mksyntax,bashansi,0.21684393185721668
mksyntax,config,0.22606679741447983
mksyntax,include/ansi_stdlib,0.22144552074060395
mksyntax,include/chartypes,0.21914207224727592
mksyntax,syntax,0.3198777982679637
nojobs,bashintl,0.22144552074060395
nojobs,bashtypes,0.21684393185721668
nojobs,builtins/builtext,0.21914207224727592
nojobs,command,0.21684393185721668
nojobs,config-top,0.2237538920245271
nojobs,config,0.2633638105382945
nojobs,error,0.22838384511062226
nojobs,execute_cmd,0.22144552074060395
nojobs,externs,0.22144552074060395
nojobs,general,0.21684393185721668
nojobs,include/filecntl,0.21684393185721668
nojobs,include/posixjmp,0.21684393185721668
nojobs,include/posixwait,0.24001732035959936
nojobs,include/shtty,0.2237538920245271
nojobs,input,0.22606679741447983
nojobs,jobs,0.25403039137883177
nojobs,quit,0.2749752499194302
nojobs,shell,0.22144552074060395
nojobs,sig,0.2955718600637189
nojobs,siglist,0.21684393185721668
nojobs,trap,0.21684393185721668
nojobs,xmalloc,0.21684393185721668
nojobs,y.tab,0.21684393185721668
parser,command,0.21684393185721668
parser,input,0.21684393185721668
pathexp,bashansi,0.21684393185721668
pathexp,bashintl,0.21684393185721668
pathexp,bashtypes,0.21684393185721668
pathexp,config-bot,0.21684393185721668
pathexp,config,0.2237538920245271
pathexp,externs,0.22144552074060395
pathexp,flags,0.21684393185721668
pathexp,general,0.2237538920245271
pathexp,include/shmbchar,0.22144552074060395
pathexp,include/shmbutil,0.22606679741447983
pathexp,lib/glob/glob,0.22144552074060395
pathexp,lib/glob/strmatch,0.21914207224727592
pathexp,lib/termcap/termcap,0.21684393185721668
pathexp,shell,0.2237538920245271
pathexp,subst,0.33258874885210576
pathexp,support/printenv,0.22838384511062226
pathexp,variables,0.2237538920245271
pathexp,xmalloc,0.22606679741447983
pathexp,y.tab,0.23302878621672646
pcomplete,array,0.23070464045897748
pcomplete,arrayfunc,0.22144552074060395
pcomplete,bashansi,0.21684393185721668
pcomplete,bashintl,0.21914207224727592
pcomplete,bashtypes,0.21684393185721668
pcomplete,builtins,0.27266001884166
pcomplete,builtins/common,0.22144552074060395
pcomplete,command,0.37838508141857347
pcomplete,config-bot,0.21684393185721668
pcomplete,config,0.24468572060433036
pcomplete,dispose_cmd,0.23070464045897748
pcomplete,error,0.21914207224727592
pcomplete,execute_cmd,0.21914207224727592
pcomplete,externs,0.4957587491629563
pcomplete,general,0.2563658194165694
pcomplete,include/posixstat,0.21684393185721668
pcomplete,lib/glob/glob,0.21914207224727592
pcomplete,lib/glob/strmatch,0.21914207224727592
pcomplete,lib/readline/compat,0.22606679741447983
pcomplete,lib/readline/complete,0.23535588282128753
pcomplete,lib/readline/display,0.21684393185721668
pcomplete,lib/readline/readline,0.2563658194165694
pcomplete,lib/readline/rlconf,0.21684393185721668
pcomplete,make_cmd,0.23302878621672646
pcomplete,pathexp,0.22606679741447983
pcomplete,shell,0.23302878621672646
pcomplete,subst,0.22606679741447983
pcomplete,support/printenv,0.2656923582725533
pcomplete,unwind_prot,0.22606679741447983
pcomplete,variables,0.36224339895213337
pcomplete,xmalloc,0.25169425950111
pcomplete,y.tab,0.24935783168617603
pcomplete,hashlib,0.22144552074060395
pcomplete,include/stdc,0.21684393185721668
pcomplib,bashansi,0.21684393185721668
pcomplib,bashintl,0.21914207224727592
pcomplib,config,0.22144552074060395
pcomplib,error,0.21684393185721668
pcomplib,general,0.23302878621672646
pcomplib,hashlib,0.2749752499194302
pcomplib,pcomplete,0.4080536907033146
pcomplib,shell,0.21684393185721668
pcomplib,support/printenv,0.2563658194165694
pcomplib,xmalloc,0.26103293510270303
pcomplib,y.tab,0.24001732035959936
print_cmd,bashansi,0.21684393185721668
print_cmd,bashintl,0.22838384511062226
print_cmd,builtins/common,0.21684393185721668
print_cmd,command,0.49968190259074746
print_cmd,config-bot,0.22606679741447983
print_cmd,config,0.25403039137883177
print_cmd,dispose_cmd,0.2237538920245271
print_cmd,error,0.22606679741447983
print_cmd,execute_cmd,0.21684393185721668
print_cmd,externs,0.24935783168617603
print_cmd,flags,0.22606679741447983
print_cmd,general,0.23070464045897748
print_cmd,include/shmbchar,0.22838384511062226
print_cmd,include/shmbutil,0.21914207224727592
print_cmd,include/stdc,0.21914207224727592
print_cmd,lib/sh/strnlen,0.21684393185721668
print_cmd,shell,0.21684393185721668
print_cmd,subst,0.21684393185721668
print_cmd,support/printenv,0.22144552074060395
print_cmd,unwind_prot,0.21914207224727592
print_cmd,variables,0.21914207224727592
print_cmd,xmalloc,0.22144552074060395
print_cmd,y.tab,0.23302878621672646
redir,bashansi,0.21684393185721668
redir,bashintl,0.24001732035959936
redir,bashtypes,0.21684393185721668
redir,command,0.49892957868698307
redir,config-bot,0.21684393185721668
redir,config-top,0.2376855286627968
redir,config,0.24935783168617603
redir,dispose_cmd,0.23070464045897748
redir,error,0.2376855286627968
redir,flags,0.22144552074060395
redir,general,0.23535588282128753
redir,include/filecntl,0.23302878621672646
redir,include/memalloc,0.21684393185721668
redir,include/posixstat,0.21684393185721668
redir,input,0.24001732035959936
redir,lib/sh/dprintf,0.21684393185721668
redir,make_cmd,0.24468572060433036
redir,shell,0.24468572060433036
redir,subst,0.22606679741447983
redir,support/printenv,0.22838384511062226
redir,variables,0.24702151604353587
redir,xmalloc,0.21914207224727592
redir,y.tab,0.24001732035959936
redir,include/stdc,0.21684393185721668
shell,bashansi,0.21684393185721668
shell,bashintl,0.25403039137883177
shell,bashjmp,0.24235085303635165
shell,bashtypes,0.21684393185721668
shell,builtins,0.24468572060433036
shell,command,0.27266001884166
shell,config-bot,0.22144552074060395
shell,config-top,0.24468572060433036
shell,config,0.28876238858586467
shell,conftypes,0.21684393185721668
shell,include/ansi_stdlib,0.25169425950111
shell,include/filecntl,0.22144552074060395
shell,include/posixjmp,0.21684393185721668
shell,include/posixstat,0.21684393185721668
shell,include/posixtime,0.21684393185721668
shell,input,0.24235085303635165
shell,lib/glob/strmatch,0.21684393185721668
shell,lib/readline/complete,0.21684393185721668
shell,lib/readline/histlib,0.21914207224727592
shell,lib/readline/shell,0.5745372013523552
shell,lib/readline/tilde,0.21684393185721668
shell,lib/sh/setlinebuf,0.21914207224727592
shell,lib/sh/strstr,0.21684393185721668
shell,lib/termcap/termcap,0.23302878621672646
shell,lib/tilde/shell,0.5768353417424145
shell,lib/tilde/tilde,0.21914207224727592
shell,make_cmd,0.2237538920245271
shell,pathnames,0.22606679741447983
shell,sig,0.24001732035959936
shell,subst,0.4572046280990092
shell,support/printenv,0.29330925353099946
shell,test,0.2376855286627968
shell,trap,0.23535588282128753
shell,variables,0.4135320012522177
shell,xmalloc,0.29103930882079754
shell,y.tab,0.4448816927099082
shell,include/maxpath,0.21684393185721668
shell,include/ocache,0.21684393185721668
shell,quit,0.21684393185721668
shell,syntax,0.21684393185721668
shell,unwind_prot,0.21684393185721668
sig,bashhist,0.21914207224727592
sig,bashintl,0.21684393185721668
sig,bashjmp,0.21914207224727592
sig,bashline,0.21914207224727592
sig,bashtypes,0.21684393185721668
sig,config,0.28876238858586467
sig,externs,0.21684393185721668
sig,include/posixjmp,0.21684393185721668
sig,lib/intl/eval-plural,0.21684393185721668
sig,quit,0.21914207224727592
sig,siglist,0.21684393185721668
sig,subst,0.23535588282128753
sig,trap,0.38347134476313977
sig,unwind_prot,0.22838384511062226
sig,include/stdc,0.21684393185721668
siglist,bashintl,0.2955718600637189
siglist,bashtypes,0.21684393185721668
siglist,config,0.21914207224727592
siglist,xmalloc,0.21684393185721668
siglist,config-bot,0.21684393185721668
stringlib,bashansi,0.21684393185721668
stringlib,bashtypes,0.21684393185721668
stringlib,builtins/mkbuiltins,0.21684393185721668
stringlib,config,0.22606679741447983
stringlib,general,0.27728616189290606
stringlib,include/chartypes,0.21684393185721668
stringlib,lib/glob/glob,0.21914207224727592
stringlib,lib/glob/strmatch,0.22144552074060395
stringlib,lib/readline/histlib,0.21684393185721668
stringlib,lib/termcap/termcap,0.21914207224727592
stringlib,pathexp,0.21914207224727592
stringlib,shell,0.21684393185721668
stringlib,support/printenv,0.2376855286627968
stringlib,xmalloc,0.24001732035959936
stringlib,y.tab,0.21684393185721668
subst,bashansi,0.21684393185721668
subst,bashintl,0.2563658194165694
subst,bashjmp,0.25403039137883177
subst,bashtypes,0.21684393185721668
subst,builtins/builtext,0.21914207224727592
subst,builtins/common,0.23535588282128753
subst,builtins/getopt,0.21684393185721668
subst,builtins/mkbuiltins,0.21914207224727592
subst,command,0.4999995821110101
subst,config-bot,0.29330925353099946
subst,config-top,0.21684393185721668
subst,config,0.3766565591334961
subst,dispose_cmd,0.3045418271390482
subst,error,0.2749752499194302
subst,externs,0.37838508141857347
subst,flags,0.25870013620307797
subst,general,0.4600412194455806
subst,hashlib,0.25870013620307797
subst,include/ansi_stdlib,0.2237538920245271
subst,include/chartypes,0.25169425950111
subst,include/filecntl,0.21684393185721668
subst,include/posixstat,0.21684393185721668
subst,include/shmbchar,0.4094479962978115
subst,include/shmbutil,0.418748898806408
subst,include/stdc,0.21914207224727592
subst,include/typemax,0.21684393185721668
subst,jobs,0.25870013620307797
subst,lib/glob/strmatch,0.25403039137883177
subst,lib/readline/histlib,0.22606679741447983
subst,lib/sh/strnlen,0.21684393185721668
subst,lib/termcap/termcap,0.21914207224727592
subst,lib/tilde/tilde,0.21684393185721668
subst,parser,0.2563658194165694
subst,support/printenv,0.4493009007956087
subst,syntax,0.27034086206093655
subst,trap,0.2237538920245271
subst,variables,0.49301350016343914
subst,xmalloc,0.42955707735451987
subst,y.tab,0.4645948730259602
support/bashversion,bashansi,0.21684393185721668
support/bashversion,config,0.21914207224727592
support/bashversion,conftypes,0.21914207224727592
support/bashversion,include/ansi_stdlib,0.2237538920245271
support/bashversion,include/stdc,0.21684393185721668
support/bashversion,lib/readline/histlib,0.21684393185721668
support/bashversion,version,0.21684393185721668
support/man2html,include/ansi_stdlib,0.24001732035959936
support/man2html,lib/readline/histlib,0.22838384511062226
support/man2html,lib/sh/strftime,0.21684393185721668
support/man2html,lib/sh/strstr,0.24702151604353587
support/man2html,lib/termcap/termcap,0.21914207224727592
support/man2html,support/printenv,0.27034086206093655
support/man2html,y.tab,0.2841890953083282
support/mksignames,config,0.21914207224727592
support/mksignames,include/ansi_stdlib,0.22144552074060395
support/printenv,bashansi,0.21684393185721668
support/printenv,include/ansi_stdlib,0.22144552074060395
support/recho,bashansi,0.21684393185721668
support/recho,include/ansi_stdlib,0.21684393185721668
support/signames,config,0.21914207224727592
support/signames,y.tab,0.21684393185721668
support/xcase,bashansi,0.21684393185721668
support/xcase,include/ansi_stdlib,0.22144552074060395
support/zecho,bashansi,0.21684393185721668
support/zecho,include/ansi_stdlib,0.21684393185721668
syntax,config,0.22838384511062226
syntax,include/stdc,0.21684393185721668
test,bashintl,0.24235085303635165
test,bashtypes,0.21684393185721668
test,builtins/common,0.22144552074060395
test,config,0.21684393185721668
test,externs,0.22144552074060395
test,include/filecntl,0.21684393185721668
test,include/posixjmp,0.21684393185721668
test,include/posixstat,0.21684393185721668
test,lib/glob/strmatch,0.21914207224727592
test,lib/termcap/termcap,0.2237538920245271
test,pathexp,0.22144552074060395
test,variables,0.2237538920245271
test,include/stdc,0.21684393185721668
trap,array,0.22144552074060395
trap,bashansi,0.21684393185721668
trap,bashintl,0.22606679741447983
trap,bashjmp,0.24001732035959936
trap,bashtypes,0.21684393185721668
trap,builtins,0.21684393185721668
trap,builtins/builtext,0.21914207224727592
trap,command,0.22144552074060395
trap,config,0.25169425950111
trap,error,0.22144552074060395
trap,externs,0.22144552074060395
trap,flags,0.22144552074060395
trap,general,0.22606679741447983
trap,include/posixjmp,0.2237538920245271
trap,input,0.22606679741447983
trap,lib/intl/eval-plural,0.21684393185721668
trap,lib/termcap/termcap,0.21914207224727592
trap,quit,0.21914207224727592
trap,signames,0.21684393185721668
trap,support/printenv,0.24468572060433036
trap,variables,0.22838384511062226
trap,xmalloc,0.24235085303635165
trap,y.tab,0.24001732035959936
trap,include/stdc,0.21684393185721668
trap,builtins/trap,0.3576932694951385
unwind_prot,bashansi,0.21684393185721668
unwind_prot,bashtypes,0.21684393185721668
unwind_prot,command,0.21684393185721668
unwind_prot,config,0.22144552074060395
unwind_prot,error,0.22144552074060395
unwind_prot,general,0.24702151604353587
unwind_prot,lib/termcap/termcap,0.21914207224727592
unwind_prot,quit,0.21684393185721668
unwind_prot,xmalloc,0.21914207224727592
unwind_prot,y.tab,0.22606679741447983
variables,alias,0.24235085303635165
variables,array,0.4381302559608208
variables,assoc,0.24468572060433036
variables,bashansi,0.21684393185721668
variables,bashintl,0.2376855286627968
variables,bashjmp,0.21914207224727592
variables,bashtypes,0.21684393185721668
variables,builtins/getopt,0.22144552074060395
variables,command,0.3089737320657995
variables,config,0.4037711481525391
variables,conftypes,0.22606679741447983
variables,dispose_cmd,0.23070464045897748
variables,flags,0.23535588282128753
variables,hashcmd,0.24702151604353587
variables,hashlib,0.4645948730259602
variables,include/ansi_stdlib,0.22606679741447983
variables,include/chartypes,0.21684393185721668
variables,include/posixstat,0.21684393185721668
variables,include/posixtime,0.21684393185721668
variables,input,0.21684393185721668
variables,lib/intl/eval-plural,0.22606679741447983
variables,lib/readline/complete,0.23535588282128753
variables,lib/readline/histfile,0.21684393185721668
variables,lib/readline/histlib,0.21684393185721668
variables,lib/readline/history,0.23070464045897748
variables,lib/readline/readline,0.2376855286627968
variables,lib/readline/terminal,0.21684393185721668
variables,lib/sh/strftime,0.21684393185721668
variables,lib/sh/strtod,0.21684393185721668
variables,lib/termcap/termcap,0.23302878621672646
variables,sig,0.2237538920245271
variables,support/printenv,0.38347134476313977
variables,xmalloc,0.3851334898797635
variables,y.tab,0.3731502500889859
variables,include/stdc,0.21684393185721668
version,bashintl,0.23302878621672646
version,config,0.22144552074060395
version,conftypes,0.21914207224727592
version,include/stdc,0.21684393185721668
version,patchlevel,0.21914207224727592
xmalloc,bashintl,0.21914207224727592
xmalloc,bashtypes,0.21684393185721668
xmalloc,error,0.21914207224727592
xmalloc,include/ansi_stdlib,0.22606679741447983
xmalloc,bashansi,0.21684393185721668
xmalloc,include/stdc,0.21684393185721668
xmalloc,lib/malloc/xmalloc,0.3576932694951385
xmalloc,lib/readline/xmalloc,0.3576932694951385
y.tab,bashansi,0.21684393185721668
y.tab,bashintl,0.26801817568739705
y.tab,bashjmp,0.2237538920245271
y.tab,bashtypes,0.21684393185721668
y.tab,builtins,0.2237538920245271
y.tab,builtins/builtext,0.21914207224727592
y.tab,command,0.4998282866696996
y.tab,config-bot,0.22144552074060395
y.tab,config-top,0.23070464045897748
y.tab,config,0.4037711481525391
y.tab,error,0.2656923582725533
y.tab,flags,0.23535588282128753
y.tab,include/chartypes,0.22144552074060395
y.tab,include/filecntl,0.21914207224727592
y.tab,include/maxpath,0.21684393185721668
y.tab,include/memalloc,0.21684393185721668
y.tab,include/shmbchar,0.3045418271390482
y.tab,include/shmbutil,0.21684393185721668
y.tab,lib/readline/histlib,0.2237538920245271
y.tab,lib/readline/readline,0.21914207224727592
y.tab,lib/sh/strstr,0.21684393185721668
y.tab,lib/termcap/termcap,0.23302878621672646
y.tab,parser,0.4872062740235677
y.tab,quit,0.26103293510270303
y.tab,sig,0.28876238858586467
y.tab,support/printenv,0.31554784842586187
y.tab,syntax,0.3198777982679637
y.tab,test,0.22144552074060395
y.tab,xmalloc,0.4108257788168189
config-top,config,0.1644055442850844
include/posixdir,lib/readline/posixdir,0.3576932694951385
include/posixjmp,lib/readline/posixjmp,0.3576932694951385
include/posixstat,lib/readline/posixstat,0.3576932694951385
signames,support/signames,0.3576932694951385
include/ansi_stdlib,lib/readline/ansi_stdlib,0.3576932694951385
builtins/bind,lib/readline/bind,0.3576932694951385
builtins/complete,lib/readline/complete,0.3576932694951385
builtins/eval,lib/intl/eval-plural,0.1644055442850844
builtins/hash,lib/intl/hash-string,0.1644055442850844
builtins/history,lib/readline/history,0.3576932694951385
builtins/kill,lib/readline/kill,0.3576932694951385
builtins/times,lib/sh/times,0.3576932694951385
lib/glob/glob_loop,lib/glob/sm_loop,0.11060289972528742
