{
    "all-groups": {
        "group0": [
            "edu.uci.isr.archstudio4.comp.booleannotation.BPLessEqualNode", 
            "edu.uci.isr.archstudio4.comp.booleannotation.BPLessNode"
        ], 
        "group1": [
            "edu.uci.isr.archstudio4.comp.xarchcs.changesetrelationshipmanager.IChangeSetRelationshipManager", 
            "edu.uci.isr.archstudio4.comp.xarchcs.changesetrelationshipmanager.ChangeSetRelationshipManagerMyxComponent"
        ], 
        "group2": [
            "edu.uci.isr.archstudio4.comp.relatedelements.processors.RelatedTypeElementsProcessor", 
            "edu.uci.isr.archstudio4.comp.relatedelements.IRelatedElementsProcessor"
        ], 
        "group3": [
            "edu.uci.isr.archstudio4.comp.archipelago.types.TypesAssignStructureLogic", 
            "edu.uci.isr.archstudio4.comp.archipelago.types.StructureAssignTypeLogic"
        ], 
        "group4": [
            "edu.uci.isr.archstudio4.comp.xarchcs.views.changesets.conversion.ComparableBooleanGuardConverter", 
            "edu.uci.isr.archstudio4.comp.xarchcs.views.changesets.conversion.CSConverter"
        ], 
        "group5": [
            "edu.uci.isr.archstudio4.comp.archipelago.statecharts.StatechartsEditDescriptionContextMenuFiller", 
            "edu.uci.isr.archstudio4.comp.archipelago.types.TypesEditDescriptionContextMenuFiller", 
            "edu.uci.isr.archstudio4.comp.archipelago.types.StructureEditDescriptionContextMenuFiller", 
            "edu.uci.isr.archstudio4.comp.archipelago.util.AbstractEditDescriptionContextMenuFiller"
        ], 
        "group6": [
            "edu.uci.isr.archstudio4.comp.xarchcs.views.changesets.ChangeSetStateEvent", 
            "edu.uci.isr.archstudio4.comp.xarchcs.views.changesets.IChangeSetState", 
            "edu.uci.isr.archstudio4.comp.xarchcs.views.changesets.ChangeSetState", 
            "edu.uci.isr.archstudio4.comp.xarchcs.views.changesets.IChangeSetStateListener"
        ], 
        "group7": [
            "edu.uci.isr.archstudio4.comp.tracelink.models.ISelectionModel", 
            "edu.uci.isr.archstudio4.comp.tracelink.models.SelectionModel"
        ], 
        "group8": [
            "edu.uci.isr.archstudio4.comp.archipelago.types.StructureHintSupport", 
            "edu.uci.isr.archstudio4.comp.archipelago.types.TypesHintSupport"
        ], 
        "group9": [
            "edu.uci.isr.archstudio4.comp.archipelago.codegen.BrickLabel", 
            "edu.uci.isr.archstudio4.comp.archipelago.codegen.BrickLabelList"
        ], 
        "group10": [
            "edu.uci.isr.archstudio4.comp.xarchcs.changesetstatusview.ChangeSetStatusViewEvent", 
            "edu.uci.isr.archstudio4.comp.xarchcs.changesetstatusview.IChangeSetStatusView"
        ], 
        "group11": [
            "edu.uci.isr.archstudio4.comp.relatedelements.RelatedElementsManagerImpl", 
            "edu.uci.isr.archstudio4.comp.relatedelements.RelatedElementsMyxComponent"
        ], 
        "group12": [
            "edu.uci.isr.archstudio4.comp.archipelago.statecharts.logics.mapping.MapXadlInitialStateLogic", 
            "edu.uci.isr.archstudio4.comp.archipelago.statecharts.logics.mapping.MapXadlFinalStateLogic"
        ], 
        "group13": [
            "edu.uci.isr.archstudio4.comp.tracelink.publishextract.IPublishExtractLinkView", 
            "edu.uci.isr.archstudio4.comp.tracelink.publishextract.PublishExtractLinkView"
        ], 
        "group14": [
            "edu.uci.isr.archstudio4.comp.booleannotation.BPNotNode", 
            "edu.uci.isr.archstudio4.comp.booleannotation.BPAndNode", 
            "edu.uci.isr.archstudio4.comp.booleannotation.BPOrNode"
        ], 
        "group15": [
            "edu.uci.isr.archstudio4.comp.copypaste.ICopyPasteManager", 
            "edu.uci.isr.archstudio4.comp.archipelago.generic.logics.editing.XadlCopyPasteLogic"
        ], 
        "group16": [
            "edu.uci.isr.archstudio4.comp.archipelago.options.EditOptionalLogic", 
            "edu.uci.isr.archstudio4.comp.archipelago.util.AbstractEditGuardLogic", 
            "edu.uci.isr.archstudio4.comp.archipelago.variants.EditVariantsLogic"
        ], 
        "group17": [
            "edu.uci.isr.archstudio4.comp.archipelago.activitydiagrams.logics.mapping.MapXadlForkJoinLogic", 
            "edu.uci.isr.archstudio4.comp.archipelago.activitydiagrams.logics.mapping.MapXadlDecisionMergeLogic"
        ], 
        "group18": [
            "edu.uci.isr.archstudio4.comp.booleannotation.BPGreaterEqualNode", 
            "edu.uci.isr.archstudio4.comp.booleannotation.BPEqualNode"
        ], 
        "group19": [
            "edu.uci.isr.archstudio4.comp.archlight.tools.schematron.SchematronUtils", 
            "edu.uci.isr.archstudio4.comp.archlight.tools.schematron.SchematronInitializationException"
        ], 
        "group20": [
            "edu.uci.isr.archstudio4.comp.xarchcs.changesetstatusview.IChangeSetStatusViewListener", 
            "edu.uci.isr.archstudio4.comp.xarchcs.changesetstatusview.ChangeSetStatusViewListeners"
        ], 
        "group21": [
            "edu.uci.isr.archstudio4.comp.aim.AIMMyxComponent", 
            "edu.uci.isr.archstudio4.comp.aim.AbstractAIMMyxComponent"
        ], 
        "group22": [
            "edu.uci.isr.archstudio4.comp.archipelago.stateline.StatelineTreePlugin", 
            "edu.uci.isr.archstudio4.comp.archipelago.variants.VariantsTreePlugin"
        ], 
        "group23": [
            "edu.uci.isr.archstudio4.comp.aim.AIMImpl", 
            "edu.uci.isr.archstudio4.comp.aimeclipse.AIMEclipseImpl"
        ], 
        "group24": [
            "edu.uci.isr.archstudio4.rationale.views.RationaleViewMyxComponent", 
            "edu.uci.isr.archstudio4.rationale.views.AbstractRationaleViewMyxComponent"
        ], 
        "group25": [
            "edu.uci.isr.archstudio4.comp.archipelago.util.ArrayPropertyCoder", 
            "edu.uci.isr.archstudio4.comp.archipelago.util.IPropertyCoder"
        ], 
        "group26": [
            "edu.uci.isr.archstudio4.comp.aimeclipse.AbstractAIMEclipseMyxComponent", 
            "edu.uci.isr.archstudio4.comp.aimeclipse.AIMEclipseMyxComponent"
        ], 
        "group27": [
            "edu.uci.isr.archstudio4.comp.xarchcs.changesetidview.IChangeSetIdViewListener", 
            "edu.uci.isr.archstudio4.comp.xarchcs.changesetidview.ChangeSetIdViewListeners"
        ], 
        "group28": [
            "edu.uci.isr.archstudio4.comp.xarchcs.explicitadt.ExplicitADTEvent", 
            "edu.uci.isr.archstudio4.comp.xarchcs.explicitadt.ExplicitADTImpl"
        ], 
        "group29": [
            "edu.uci.isr.archstudio4.rationale.views.RationaleViewPart", 
            "edu.uci.isr.archstudio4.rationale.actions.DeleteRationaleAction"
        ], 
        "group30": [
            "edu.uci.isr.archstudio4.comp.booleaneval.NoSuchTypeException", 
            "edu.uci.isr.archstudio4.comp.booleaneval.TypeParser"
        ], 
        "group31": [
            "edu.uci.isr.archstudio4.comp.archipelago.statecharts.logics.mapping.MapXadlTransitionLogic", 
            "edu.uci.isr.archstudio4.comp.archipelago.activitydiagrams.logics.mapping.MapXadlControlFlowLogic"
        ], 
        "group32": [
            "edu.uci.isr.archstudio4.comp.archipelago.statecharts.StatechartsRemoveContextMenuFiller", 
            "edu.uci.isr.archstudio4.comp.archipelago.util.AbstractRemoveContextMenuFiller", 
            "edu.uci.isr.archstudio4.comp.archipelago.types.StructureRemoveContextMenuFiller"
        ], 
        "group33": [
            "edu.uci.isr.archstudio4.comp.archipelago.things.SWTXadlSelectorThingPeer", 
            "edu.uci.isr.archstudio4.comp.archipelago.things.SWTXadlSelectorThing"
        ], 
        "group34": [
            "edu.uci.isr.archstudio4.rationale.views.AssociatedItemsContentProvider", 
            "edu.uci.isr.archstudio4.rationale.views.AssociatedItemsLabelProvider"
        ], 
        "group35": [
            "edu.uci.isr.archstudio4.graphlayout.gui.DotSpacingParameterPanel", 
            "edu.uci.isr.archstudio4.graphlayout.gui.SizeAndScaleParameterPanel"
        ], 
        "group36": [
            "edu.uci.isr.archstudio4.comp.archipelago.generic.logics.editing.dialogs.OptionsDialogContentProvider", 
            "edu.uci.isr.archstudio4.comp.archipelago.generic.logics.editing.dialogs.OptionsDialogLabelProvider"
        ], 
        "group37": [
            "edu.uci.isr.archstudio4.utils.HasObjRefUtil", 
            "edu.uci.isr.archstudio4.utils.IHasObjRef"
        ], 
        "group38": [
            "edu.uci.isr.archstudio4.comp.booleannotation.BPInRangeNode", 
            "edu.uci.isr.archstudio4.comp.booleannotation.BPGreaterNode"
        ], 
        "group39": [
            "edu.uci.isr.archstudio4.comp.tracelink.hypermedia.IHypermediaAdapter", 
            "edu.uci.isr.archstudio4.comp.tracelink.hypermedia.HypermediaAdapter"
        ], 
        "group40": [
            "edu.uci.isr.archstudio4.comp.archipelago.util.AbstractEditDirectionLogic", 
            "edu.uci.isr.archstudio4.comp.archipelago.types.StructureEditDirectionLogic", 
            "edu.uci.isr.archstudio4.comp.archipelago.types.TypesEditDirectionLogic"
        ], 
        "group41": [
            "edu.uci.isr.archstudio4.comp.xarchcs.changesetadt.resolvers.AbstractResolver", 
            "edu.uci.isr.archstudio4.comp.xarchcs.changesetadt.resolvers.MultiValueResolver", 
            "edu.uci.isr.archstudio4.comp.xarchcs.changesetadt.resolvers.NoResolver"
        ], 
        "group42": [
            "edu.uci.isr.archstudio4.comp.xarchcs.actions.AddOrRelationshipAction", 
            "edu.uci.isr.archstudio4.comp.xarchcs.actions.AddAndRelationshipAction"
        ], 
        "group43": [
            "edu.uci.isr.archstudio4.comp.archipelago.types.StructureDoubleClickHandler", 
            "edu.uci.isr.archstudio4.comp.archipelago.statecharts.StatechartsDoubleClickHandler"
        ], 
        "group44": [
            "edu.uci.isr.archstudio4.comp.archipelago.generic.logics.mapping.MapXadlSplineLogic", 
            "edu.uci.isr.archstudio4.comp.archipelago.generic.logics.mapping.MapXadlNondirectionalSplineLogic"
        ], 
        "group45": [
            "edu.uci.isr.archstudio4.comp.xarchcs.changesetidview.IdCreators", 
            "edu.uci.isr.archstudio4.comp.xarchcs.changesetidview.IdReferences"
        ], 
        "group46": [
            "edu.uci.isr.archstudio4.comp.archipelago.types.TypesTypeDropLogic", 
            "edu.uci.isr.archstudio4.comp.archipelago.util.AbstractTypeDropLogic"
        ], 
        "group47": [
            "edu.uci.isr.archstudio4.comp.archipelago.types.TypesEditDescriptionCellModifier", 
            "edu.uci.isr.archstudio4.comp.archipelago.activitydiagrams.ActivityDiagramsEditDescriptionCellModifier", 
            "edu.uci.isr.archstudio4.comp.archipelago.types.StructureEditDescriptionCellModifier", 
            "edu.uci.isr.archstudio4.comp.archipelago.util.AbstractEditDescriptionCellModifier", 
            "edu.uci.isr.archstudio4.comp.archipelago.statecharts.StatechartsEditDescriptionCellModifier"
        ], 
        "group48": [
            "edu.uci.isr.archstudio4.comp.archipelago.types.TypesEditDescriptionLogic", 
            "edu.uci.isr.archstudio4.comp.archipelago.types.StructureEditDescriptionLogic", 
            "edu.uci.isr.archstudio4.comp.archipelago.util.AbstractEditDescriptionLogic"
        ], 
        "group49": [
            "edu.uci.isr.archstudio4.comp.archipelago.activitydiagrams.editorsupport.logics.StructureNewElementLogic", 
            "edu.uci.isr.archstudio4.comp.archipelago.types.StructureNewElementLogic"
        ], 
        "group50": [
            "edu.uci.isr.archstudio4.comp.fileman.CantOpenFileException", 
            "edu.uci.isr.archstudio4.comp.fileman.NewFileWizard"
        ], 
        "group51": [
            "edu.uci.isr.archstudio4.comp.archipelago.IArchipelagoTreeDoubleClickHandler", 
            "edu.uci.isr.archstudio4.comp.archipelago.types.TypesDoubleClickHandler"
        ], 
        "group52": [
            "edu.uci.isr.archstudio4.comp.pruner.MissingElementException", 
            "edu.uci.isr.archstudio4.comp.pruner.MissingAttributeException"
        ], 
        "group53": [
            "edu.uci.isr.archstudio4.comp.tracelink.preferences.PreferencesView", 
            "edu.uci.isr.archstudio4.comp.tracelink.preferences.PreferencesConstants", 
            "edu.uci.isr.archstudio4.comp.tracelink.preferences.PreferencesViewer"
        ], 
        "group54": [
            "edu.uci.isr.archstudio4.comp.archipelago.FolderNodeLabelProvider", 
            "edu.uci.isr.archstudio4.comp.archipelago.FolderNodeTreePlugin"
        ], 
        "group55": [
            "edu.uci.isr.archstudio4.comp.archipelago.activitydiagrams.logics.mapping.MapXadlReferenceLogic", 
            "edu.uci.isr.archstudio4.comp.archipelago.activitydiagrams.logics.mapping.MapXadlNoteLogic", 
            "edu.uci.isr.archstudio4.comp.archipelago.activitydiagrams.logics.mapping.MapXadlActorLogic"
        ], 
        "group56": [
            "edu.uci.isr.archstudio4.graphlayout.gui.IGraphLayoutParameterPanelProvider", 
            "edu.uci.isr.archstudio4.graphlayout.gui.IGraphLayoutParameterPanel"
        ], 
        "group57": [
            "edu.uci.isr.archstudio4.comp.archipelago.statecharts.logics.mapping.MapXadlStateLogic", 
            "edu.uci.isr.archstudio4.comp.archipelago.activitydiagrams.logics.mapping.MapXadlActionLogic"
        ], 
        "group58": [
            "edu.uci.isr.archstudio4.comp.archipelago.types.TypesNewTypeSetContextMenuFiller", 
            "edu.uci.isr.archstudio4.comp.archipelago.types.StructureNewStructureContextMenuFiller"
        ], 
        "group59": [
            "edu.uci.isr.archstudio4.comp.booleannotation.BooleanGuardParserConstants", 
            "edu.uci.isr.archstudio4.comp.booleannotation.BooleanGuardParser", 
            "edu.uci.isr.archstudio4.comp.booleannotation.BooleanGuardParserTreeConstants"
        ], 
        "group60": [
            "edu.uci.isr.archstudio4.comp.archipelago.generic.logics.mapping.SingleAssemblyXadlMappingLogic", 
            "edu.uci.isr.archstudio4.comp.archipelago.generic.logics.mapping.BNAPath", 
            "edu.uci.isr.archstudio4.comp.archipelago.generic.logics.mapping.AbstractAutomapSingleAssemblyXArchRelativePathMappingLogic"
        ], 
        "group61": [
            "edu.uci.isr.archstudio4.comp.archipelago.types.TypesEditorFocuser", 
            "edu.uci.isr.archstudio4.comp.archipelago.types.StructureEditorFocuser"
        ], 
        "group62": [
            "edu.uci.isr.archstudio4.comp.archipelago.TreeNodeDataCache", 
            "edu.uci.isr.archstudio4.comp.archipelago.ArchipelagoDataCache"
        ], 
        "group63": [
            "edu.uci.isr.archstudio4.comp.tracelink.controllers.LinkColumnSorterAdapter", 
            "edu.uci.isr.archstudio4.comp.tracelink.views.LinkTableView"
        ], 
        "group64": [
            "edu.uci.isr.archstudio4.comp.xarchcs.xarchfakedetach.XArchDetachListener", 
            "edu.uci.isr.archstudio4.comp.xarchcs.xarchfakedetach.XArchDetachMyxComponent"
        ], 
        "group65": [
            "edu.uci.isr.archstudio4.comp.changesetsviewer.ChangeSetsViewerConstants", 
            "edu.uci.isr.archstudio4.comp.changesetsviewer.ChangeSetsViewerEditor", 
            "edu.uci.isr.archstudio4.comp.changesetsviewer.ChangeSetsViewerMyxComponent"
        ], 
        "group66": [
            "edu.uci.isr.archstudio4.comp.tracelink.models.SimpleTracelinkElement", 
            "edu.uci.isr.archstudio4.comp.tracelink.views.SimpleTracelinkLabelProvider"
        ], 
        "group67": [
            "edu.uci.isr.archstudio4.comp.archipelago.DefaultArchipelagoEventBus", 
            "edu.uci.isr.archstudio4.comp.archipelago.IArchipelagoEventListener"
        ], 
        "group68": [
            "edu.uci.isr.archstudio4.util.XadlTreeUtils", 
            "edu.uci.isr.archstudio4.util.XadlTreeContentProvider"
        ], 
        "group69": [
            "edu.uci.isr.archstudio4.graphlayout.gui.DotPanelProvider", 
            "edu.uci.isr.archstudio4.graphlayout.gui.GeneralOptionsParameterPanel", 
            "edu.uci.isr.archstudio4.graphlayout.gui.OrientInterfacesParameterPanel"
        ], 
        "group70": [
            "edu.uci.isr.archstudio4.comp.bootstrap.BootstrapMyxComponent", 
            "edu.uci.isr.archstudio4.comp.bootstrap.AbstractBootstrapMyxComponent"
        ], 
        "group71": [
            "edu.uci.isr.archstudio4.comp.xarchcs.changesetrelationshipmanager.LeftMergeHandler", 
            "edu.uci.isr.archstudio4.comp.xarchcs.changesetrelationshipmanager.RightMergeHandler"
        ], 
        "group72": [
            "edu.uci.isr.archstudio4.comp.archedit.ArchEditOutlinePage", 
            "edu.uci.isr.archstudio4.comp.archedit.ArchEditEditor"
        ]
    }, 
    "groups-not-in-ground-truth": {
        "group0": [
            "edu.uci.isr.archstudio4.comp.xarchcs.changesetrelationshipmanager.IChangeSetRelationshipManager", 
            "edu.uci.isr.archstudio4.comp.xarchcs.changesetrelationshipmanager.ChangeSetRelationshipManagerMyxComponent"
        ], 
        "group1": [
            "edu.uci.isr.archstudio4.comp.xarchcs.views.changesets.ChangeSetStateEvent", 
            "edu.uci.isr.archstudio4.comp.xarchcs.views.changesets.IChangeSetState", 
            "edu.uci.isr.archstudio4.comp.xarchcs.views.changesets.ChangeSetState", 
            "edu.uci.isr.archstudio4.comp.xarchcs.views.changesets.IChangeSetStateListener"
        ], 
        "group2": [
            "edu.uci.isr.archstudio4.comp.copypaste.ICopyPasteManager", 
            "edu.uci.isr.archstudio4.comp.archipelago.generic.logics.editing.XadlCopyPasteLogic"
        ], 
        "group3": [
            "edu.uci.isr.archstudio4.comp.archipelago.options.EditOptionalLogic", 
            "edu.uci.isr.archstudio4.comp.archipelago.util.AbstractEditGuardLogic", 
            "edu.uci.isr.archstudio4.comp.archipelago.variants.EditVariantsLogic"
        ], 
        "group4": [
            "edu.uci.isr.archstudio4.comp.aim.AIMImpl", 
            "edu.uci.isr.archstudio4.comp.aimeclipse.AIMEclipseImpl"
        ], 
        "group5": [
            "edu.uci.isr.archstudio4.comp.xarchcs.explicitadt.ExplicitADTEvent", 
            "edu.uci.isr.archstudio4.comp.xarchcs.explicitadt.ExplicitADTImpl"
        ], 
        "group6": [
            "edu.uci.isr.archstudio4.comp.xarchcs.changesetadt.resolvers.AbstractResolver", 
            "edu.uci.isr.archstudio4.comp.xarchcs.changesetadt.resolvers.MultiValueResolver", 
            "edu.uci.isr.archstudio4.comp.xarchcs.changesetadt.resolvers.NoResolver"
        ], 
        "group7": [
            "edu.uci.isr.archstudio4.comp.xarchcs.xarchfakedetach.XArchDetachListener", 
            "edu.uci.isr.archstudio4.comp.xarchcs.xarchfakedetach.XArchDetachMyxComponent"
        ]
    }, 
    "groups-in-gt-split-by-union": {
        "group0": [
            "edu.uci.isr.archstudio4.comp.relatedelements.processors.RelatedTypeElementsProcessor", 
            "edu.uci.isr.archstudio4.comp.relatedelements.IRelatedElementsProcessor"
        ], 
        "group1": [
            "edu.uci.isr.archstudio4.comp.archipelago.types.StructureHintSupport", 
            "edu.uci.isr.archstudio4.comp.archipelago.types.TypesHintSupport"
        ], 
        "group2": [
            "edu.uci.isr.archstudio4.comp.archipelago.codegen.BrickLabel", 
            "edu.uci.isr.archstudio4.comp.archipelago.codegen.BrickLabelList"
        ], 
        "group3": [
            "edu.uci.isr.archstudio4.comp.booleannotation.BPNotNode", 
            "edu.uci.isr.archstudio4.comp.booleannotation.BPAndNode", 
            "edu.uci.isr.archstudio4.comp.booleannotation.BPOrNode"
        ], 
        "group4": [
            "edu.uci.isr.archstudio4.comp.archipelago.stateline.StatelineTreePlugin", 
            "edu.uci.isr.archstudio4.comp.archipelago.variants.VariantsTreePlugin"
        ], 
        "group5": [
            "edu.uci.isr.archstudio4.graphlayout.gui.DotSpacingParameterPanel", 
            "edu.uci.isr.archstudio4.graphlayout.gui.SizeAndScaleParameterPanel"
        ], 
        "group6": [
            "edu.uci.isr.archstudio4.comp.fileman.CantOpenFileException", 
            "edu.uci.isr.archstudio4.comp.fileman.NewFileWizard"
        ], 
        "group7": [
            "edu.uci.isr.archstudio4.comp.archipelago.types.TypesNewTypeSetContextMenuFiller", 
            "edu.uci.isr.archstudio4.comp.archipelago.types.StructureNewStructureContextMenuFiller"
        ], 
        "group8": [
            "edu.uci.isr.archstudio4.comp.changesetsviewer.ChangeSetsViewerConstants", 
            "edu.uci.isr.archstudio4.comp.changesetsviewer.ChangeSetsViewerEditor", 
            "edu.uci.isr.archstudio4.comp.changesetsviewer.ChangeSetsViewerMyxComponent"
        ], 
        "group9": [
            "edu.uci.isr.archstudio4.comp.tracelink.models.SimpleTracelinkElement", 
            "edu.uci.isr.archstudio4.comp.tracelink.views.SimpleTracelinkLabelProvider"
        ], 
        "group10": [
            "edu.uci.isr.archstudio4.graphlayout.gui.DotPanelProvider", 
            "edu.uci.isr.archstudio4.graphlayout.gui.GeneralOptionsParameterPanel", 
            "edu.uci.isr.archstudio4.graphlayout.gui.OrientInterfacesParameterPanel"
        ]
    }
}
