<?xml version="1.0" encoding="iso-8859-1" standalone="no"?>
<comments
  xmlns:xsi='http://www.w3.org/2001/XMLSchema-instance'
  xsi:noNamespaceSchemaLocation='comments.xsd'
  name="hadoop_0.18.2_to_hadoop_0.19.0"
  jdversion="1.1.1">

<!-- This file contains comments for a JDiff report. -->
<!-- It is used only in generating the report, and does not need to ship with the final report. -->

<!-- The id attribute in an identifier element identifies the change as noted in the report. -->
<!-- An id has the form package[.class[.[ctor|method|field].signature]], where [] indicates optional text. -->
<!-- A comment element can have multiple identifier elements, which will -->
<!-- will cause the same text to appear at each place in the report, but -->
<!-- will be converted to separate comments when the comments file is used. -->
<!-- HTML tags in the text field will appear in the report. -->
<!-- You also need to close p HTML elements, used for paragraphs - see the top-level documentation. -->
<comment>
  <identifier id="org.apache.hadoop.conf"/>
  <text>
    InsertCommentsHere
  </text>
</comment>
<comment>
  <identifier id="org.apache.hadoop.conf.Configuration"/>
  <text>
    InsertCommentsHere
  </text>
</comment>
<comment>
  <identifier id="org.apache.hadoop.conf.Configuration.addResource_added(java.io.InputStream)"/>
  <text>
    InsertCommentsHere
  </text>
</comment>
<comment>
  <identifier id="org.apache.hadoop.conf.Configuration.clear_added()"/>
  <text>
    InsertCommentsHere
  </text>
</comment>
<comment>
  <identifier id="org.apache.hadoop.conf.Configuration.ctor_added(boolean)"/>
  <text>
    InsertCommentsHere
  </text>
</comment>
<comment>
  <identifier id="org.apache.hadoop.conf.Configuration.getClasses_added(java.lang.String, java.lang.Class[])"/>
  <text>
    InsertCommentsHere
  </text>
</comment>
<comment>
  <identifier id="org.apache.hadoop.conf.Configuration.readFields_added(java.io.DataInput)"/>
  <text>
    InsertCommentsHere
  </text>
</comment>
<comment>
  <identifier id="org.apache.hadoop.conf.Configuration.reloadConfiguration_added()"/>
  <text>
    InsertCommentsHere
  </text>
</comment>
<comment>
  <identifier id="org.apache.hadoop.conf.Configuration.size_added()"/>
  <text>
    InsertCommentsHere
  </text>
</comment>
<comment>
  <identifier id="org.apache.hadoop.conf.Configuration.writeXml_added(java.io.OutputStream)"/>
  <text>
    InsertCommentsHere
  </text>
</comment>
<comment>
  <identifier id="org.apache.hadoop.conf.Configuration.write_changed(java.io.DataOutput)"/>
  <text>
    InsertCommentsHere
  </text>
</comment>
<comment>
  <identifier id="org.apache.hadoop.filecache"/>
  <text>
    InsertCommentsHere
  </text>
</comment>
<comment>
  <identifier id="org.apache.hadoop.filecache.DistributedCache"/>
  <text>
    InsertCommentsHere
  </text>
</comment>
<comment>
  <identifier id="org.apache.hadoop.filecache.DistributedCache.getLocalCache_added(java.net.URI, org.apache.hadoop.conf.Configuration, org.apache.hadoop.fs.Path, org.apache.hadoop.fs.FileStatus, boolean, long, org.apache.hadoop.fs.Path, boolean)"/>
  <text>
    InsertCommentsHere
  </text>
</comment>
<comment>
  <identifier id="org.apache.hadoop.fs"/>
  <text>
    InsertCommentsHere
  </text>
</comment>
<comment>
  <identifier id="org.apache.hadoop.fs.ContentSummary"/>
  <text>
    InsertCommentsHere
  </text>
</comment>
<comment>
  <identifier id="org.apache.hadoop.fs.ContentSummary.ctor_added(long, long, long, long, long, long)"/>
  <text>
    InsertCommentsHere
  </text>
</comment>
<comment>
  <identifier id="org.apache.hadoop.fs.ContentSummary.ctor_removed(long, long, long, long)"/>
  <text>
    InsertCommentsHere
  </text>
</comment>
<comment>
  <identifier id="org.apache.hadoop.fs.ContentSummary.getSpaceConsumed_added()"/>
  <text>
    InsertCommentsHere
  </text>
</comment>
<comment>
  <identifier id="org.apache.hadoop.fs.ContentSummary.getSpaceQuota_added()"/>
  <text>
    InsertCommentsHere
  </text>
</comment>
<comment>
  <identifier id="org.apache.hadoop.fs.FSInputChecker"/>
  <text>
    InsertCommentsHere
  </text>
</comment>
<comment>
  <identifier id="org.apache.hadoop.fs.FSInputChecker.checksum2long_added(byte[])"/>
  <text>
    InsertCommentsHere
  </text>
</comment>
<comment>
  <identifier id="org.apache.hadoop.fs.FSOutputSummer"/>
  <text>
    InsertCommentsHere
  </text>
</comment>
<comment>
  <identifier id="org.apache.hadoop.fs.FSOutputSummer.convertToByteStream_added(java.util.zip.Checksum, int)"/>
  <text>
    InsertCommentsHere
  </text>
</comment>
<comment>
  <identifier id="org.apache.hadoop.fs.FSOutputSummer.resetChecksumChunk_added(int)"/>
  <text>
    InsertCommentsHere
  </text>
</comment>
<comment>
  <identifier id="org.apache.hadoop.fs.FileChecksum"/>
  <text>
    InsertCommentsHere
  </text>
</comment>
<comment>
  <identifier id="org.apache.hadoop.fs.FileStatus"/>
  <text>
    InsertCommentsHere
  </text>
</comment>
<comment>
  <identifier id="org.apache.hadoop.fs.FileStatus.ctor_added(long, boolean, int, long, long, long, org.apache.hadoop.fs.permission.FsPermission, java.lang.String, java.lang.String, org.apache.hadoop.fs.Path)"/>
  <text>
    InsertCommentsHere
  </text>
</comment>
<comment>
  <identifier id="org.apache.hadoop.fs.FileStatus.ctor_removed(long, boolean, int, long, long, org.apache.hadoop.fs.permission.FsPermission, java.lang.String, java.lang.String, org.apache.hadoop.fs.Path)"/>
  <text>
    InsertCommentsHere
  </text>
</comment>
<comment>
  <identifier id="org.apache.hadoop.fs.FileStatus.getAccessTime_added()"/>
  <text>
    InsertCommentsHere
  </text>
</comment>
<comment>
  <identifier id="org.apache.hadoop.fs.FileSystem"/>
  <text>
    InsertCommentsHere
  </text>
</comment>
<comment>
  <identifier id="org.apache.hadoop.fs.FileSystem.getFileBlockLocations_removed(org.apache.hadoop.fs.Path, long, long)"/>
  <text>
    InsertCommentsHere
  </text>
</comment>
<comment>
  <identifier id="org.apache.hadoop.fs.FileSystem.getFileChecksum_added(org.apache.hadoop.fs.Path)"/>
  <text>
    InsertCommentsHere
  </text>
</comment>
<comment>
  <identifier id="org.apache.hadoop.fs.FileSystem.parseArgs_changed(java.lang.String[], int, org.apache.hadoop.conf.Configuration)"/>
  <text>
    InsertCommentsHere
  </text>
</comment>
<comment>
  <identifier id="org.apache.hadoop.fs.FileSystem.setTimes_added(org.apache.hadoop.fs.Path, long, long)"/>
  <text>
    InsertCommentsHere
  </text>
</comment>
<comment>
  <identifier id="org.apache.hadoop.fs.FileUtil"/>
  <text>
    InsertCommentsHere
  </text>
</comment>
<comment>
  <identifier id="org.apache.hadoop.fs.FileUtil.fullyDelete_changed(org.apache.hadoop.fs.FileSystem, org.apache.hadoop.fs.Path)"/>
  <text>
    InsertCommentsHere
  </text>
</comment>
<comment>
  <identifier id="org.apache.hadoop.fs.FileUtil.makeShellPath_added(java.io.File, boolean)"/>
  <text>
    InsertCommentsHere
  </text>
</comment>
<comment>
  <identifier id="org.apache.hadoop.fs.FilterFileSystem"/>
  <text>
    InsertCommentsHere
  </text>
</comment>
<comment>
  <identifier id="org.apache.hadoop.fs.FilterFileSystem.getFileBlockLocations_removed(org.apache.hadoop.fs.Path, long, long)"/>
  <text>
    InsertCommentsHere
  </text>
</comment>
<comment>
  <identifier id="org.apache.hadoop.fs.FilterFileSystem.getFileChecksum_added(org.apache.hadoop.fs.Path)"/>
  <text>
    InsertCommentsHere
  </text>
</comment>
<comment>
  <identifier id="org.apache.hadoop.fs.LocalFileSystem"/>
  <text>
    InsertCommentsHere
  </text>
</comment>
<comment>
  <identifier id="org.apache.hadoop.fs.LocalFileSystem.getRaw_added()"/>
  <text>
    InsertCommentsHere
  </text>
</comment>
<comment>
  <identifier id="org.apache.hadoop.fs.MD5MD5CRC32FileChecksum"/>
  <text>
    InsertCommentsHere
  </text>
</comment>
<comment>
  <identifier id="org.apache.hadoop.fs.ShellCommand"/>
  <text>
    InsertCommentsHere
  </text>
</comment>
<comment>
  <identifier id="org.apache.hadoop.fs.permission"/>
  <text>
    InsertCommentsHere
  </text>
</comment>
<comment>
  <identifier id="org.apache.hadoop.fs.permission.FsAction"/>
  <text>
    InsertCommentsHere
  </text>
</comment>
<comment>
  <identifier id="org.apache.hadoop.fs.permission.FsAction.values_changed()"/>
  <text>
    InsertCommentsHere
  </text>
</comment>
<comment>
  <identifier id="org.apache.hadoop.fs.shell"/>
  <text>
    InsertCommentsHere
  </text>
</comment>
<comment>
  <identifier id="org.apache.hadoop.fs.shell.Command"/>
  <text>
    InsertCommentsHere
  </text>
</comment>
<comment>
  <identifier id="org.apache.hadoop.fs.shell.Command.ctor_changed(org.apache.hadoop.conf.Configuration)"/>
  <text>
    InsertCommentsHere
  </text>
</comment>
<comment>
  <identifier id="org.apache.hadoop.fs.shell.Command.fs"/>
  <text>
    InsertCommentsHere
  </text>
</comment>
<comment>
  <identifier id="org.apache.hadoop.fs.shell.Count"/>
  <text>
    InsertCommentsHere
  </text>
</comment>
<comment>
  <identifier id="org.apache.hadoop.fs.shell.Count.ctor_changed(java.lang.String[], int, org.apache.hadoop.conf.Configuration)"/>
  <text>
    InsertCommentsHere
  </text>
</comment>
<comment>
  <identifier id="org.apache.hadoop.http"/>
  <text>
    InsertCommentsHere
  </text>
</comment>
<comment>
  <identifier id="org.apache.hadoop.http.HttpServer.addServlet_changed(java.lang.String, java.lang.String, java.lang.Class&lt;? extends javax.servlet.http.HttpServlet&gt;)"/>
  <text>
    InsertCommentsHere
  </text>
</comment>
<comment>
  <identifier id="org.apache.hadoop.http.HttpServer.addSslListener_changed(java.net.InetSocketAddress, java.lang.String, java.lang.String, java.lang.String)"/>
  <text>
    InsertCommentsHere
  </text>
</comment>
<comment>
  <identifier id="org.apache.hadoop.http.HttpServer.getAttribute_changed(java.lang.String)"/>
  <text>
    InsertCommentsHere
  </text>
</comment>
<comment>
  <identifier id="org.apache.hadoop.http.HttpServer.getPort_changed()"/>
  <text>
    InsertCommentsHere
  </text>
</comment>
<comment>
  <identifier id="org.apache.hadoop.http.HttpServer.setAttribute_changed(java.lang.String, java.lang.Object)"/>
  <text>
    InsertCommentsHere
  </text>
</comment>
<comment>
  <identifier id="org.apache.hadoop.http.HttpServer.setThreads_changed(int, int)"/>
  <text>
    InsertCommentsHere
  </text>
</comment>
<comment>
  <identifier id="org.apache.hadoop.http.HttpServer.start_changed()"/>
  <text>
    InsertCommentsHere
  </text>
</comment>
<comment>
  <identifier id="org.apache.hadoop.http.HttpServer.stop_changed()"/>
  <text>
    InsertCommentsHere
  </text>
</comment>
<comment>
  <identifier id="org.apache.hadoop.io"/>
  <text>
    InsertCommentsHere
  </text>
</comment>
<comment>
  <identifier id="org.apache.hadoop.io.ArrayFile.Writer"/>
  <text>
    InsertCommentsHere
  </text>
</comment>
<comment>
  <identifier id="org.apache.hadoop.io.ArrayFile.Writer.ctor_added(org.apache.hadoop.conf.Configuration, org.apache.hadoop.fs.FileSystem, java.lang.String, java.lang.Class&lt;? extends org.apache.hadoop.io.Writable&gt;)"/>
  <text>
    InsertCommentsHere
  </text>
</comment>
<comment>
  <identifier id="org.apache.hadoop.io.ArrayFile.Writer.ctor_added(org.apache.hadoop.conf.Configuration, org.apache.hadoop.fs.FileSystem, java.lang.String, java.lang.Class&lt;? extends org.apache.hadoop.io.Writable&gt;, org.apache.hadoop.io.SequenceFile.CompressionType, org.apache.hadoop.util.Progressable)"/>
  <text>
    InsertCommentsHere
  </text>
</comment>
<comment>
  <identifier id="org.apache.hadoop.io.ArrayFile.Writer.ctor_removed(org.apache.hadoop.conf.Configuration, org.apache.hadoop.fs.FileSystem, java.lang.String, java.lang.Class)"/>
  <text>
    InsertCommentsHere
  </text>
</comment>
<comment>
  <identifier id="org.apache.hadoop.io.ArrayFile.Writer.ctor_removed(org.apache.hadoop.conf.Configuration, org.apache.hadoop.fs.FileSystem, java.lang.String, java.lang.Class, org.apache.hadoop.io.SequenceFile.CompressionType, org.apache.hadoop.util.Progressable)"/>
  <text>
    InsertCommentsHere
  </text>
</comment>
<comment>
  <identifier id="org.apache.hadoop.io.ArrayWritable"/>
  <text>
    InsertCommentsHere
  </text>
</comment>
<comment>
  <identifier id="org.apache.hadoop.io.ArrayWritable.ctor_added(java.lang.Class&lt;? extends org.apache.hadoop.io.Writable&gt;)"/>
  <text>
    InsertCommentsHere
  </text>
</comment>
<comment>
  <identifier id="org.apache.hadoop.io.ArrayWritable.ctor_added(java.lang.Class&lt;? extends org.apache.hadoop.io.Writable&gt;, org.apache.hadoop.io.Writable[])"/>
  <text>
    InsertCommentsHere
  </text>
</comment>
<comment>
  <identifier id="org.apache.hadoop.io.ArrayWritable.ctor_removed(java.lang.Class)"/>
  <text>
    InsertCommentsHere
  </text>
</comment>
<comment>
  <identifier id="org.apache.hadoop.io.ArrayWritable.ctor_removed(java.lang.Class, org.apache.hadoop.io.Writable[])"/>
  <text>
    InsertCommentsHere
  </text>
</comment>
<comment>
  <identifier id="org.apache.hadoop.io.BinaryComparable"/>
  <text>
    InsertCommentsHere
  </text>
</comment>
<comment>
  <identifier id="org.apache.hadoop.io.BytesWritable"/>
  <text>
    InsertCommentsHere
  </text>
</comment>
<comment>
  <identifier id="org.apache.hadoop.io.BytesWritable.compareTo_removed(java.lang.Object)"/>
  <text>
    InsertCommentsHere
  </text>
</comment>
<comment>
  <identifier id="org.apache.hadoop.io.BytesWritable.getBytes_added()"/>
  <text>
    InsertCommentsHere
  </text>
</comment>
<comment>
  <identifier id="org.apache.hadoop.io.BytesWritable.getLength_added()"/>
  <text>
    InsertCommentsHere
  </text>
</comment>
<comment>
  <identifier id="org.apache.hadoop.io.BytesWritable.getSize_changed()"/>
  <text>
    InsertCommentsHere
  </text>
</comment>
<comment>
  <identifier id="org.apache.hadoop.io.BytesWritable.get_changed()"/>
  <text>
    InsertCommentsHere
  </text>
</comment>
<comment>
  <identifier id="org.apache.hadoop.io.DataOutputBuffer"/>
  <text>
    InsertCommentsHere
  </text>
</comment>
<comment>
  <identifier id="org.apache.hadoop.io.DataOutputBuffer.writeTo_added(java.io.OutputStream)"/>
  <text>
    InsertCommentsHere
  </text>
</comment>
<comment>
  <identifier id="org.apache.hadoop.io.MD5Hash"/>
  <text>
    InsertCommentsHere
  </text>
</comment>
<comment>
  <identifier id="org.apache.hadoop.io.MD5Hash.compareTo_changed(org.apache.hadoop.io.MD5Hash)"/>
  <text>
    InsertCommentsHere
  </text>
</comment>
<comment>
  <identifier id="org.apache.hadoop.io.MD5Hash.digest_added(java.io.InputStream)"/>
  <text>
    InsertCommentsHere
  </text>
</comment>
<comment>
  <identifier id="org.apache.hadoop.io.MapFile"/>
  <text>
    InsertCommentsHere
  </text>
</comment>
<comment>
  <identifier id="org.apache.hadoop.io.MapFile.Reader"/>
  <text>
    InsertCommentsHere
  </text>
</comment>
<comment>
  <identifier id="org.apache.hadoop.io.MapFile.Reader.getKeyClass_changed()"/>
  <text>
    InsertCommentsHere
  </text>
</comment>
<comment>
  <identifier id="org.apache.hadoop.io.MapFile.Reader.getValueClass_changed()"/>
  <text>
    InsertCommentsHere
  </text>
</comment>
<comment>
  <identifier id="org.apache.hadoop.io.MapFile.Writer"/>
  <text>
    InsertCommentsHere
  </text>
</comment>
<comment>
  <identifier id="org.apache.hadoop.io.MapFile.Writer.ctor_added(org.apache.hadoop.conf.Configuration, org.apache.hadoop.fs.FileSystem, java.lang.String, java.lang.Class&lt;? extends org.apache.hadoop.io.WritableComparable&gt;, java.lang.Class)"/>
  <text>
    InsertCommentsHere
  </text>
</comment>
<comment>
  <identifier id="org.apache.hadoop.io.MapFile.Writer.ctor_added(org.apache.hadoop.conf.Configuration, org.apache.hadoop.fs.FileSystem, java.lang.String, java.lang.Class&lt;? extends org.apache.hadoop.io.WritableComparable&gt;, java.lang.Class, org.apache.hadoop.io.SequenceFile.CompressionType)"/>
  <text>
    InsertCommentsHere
  </text>
</comment>
<comment>
  <identifier id="org.apache.hadoop.io.MapFile.Writer.ctor_added(org.apache.hadoop.conf.Configuration, org.apache.hadoop.fs.FileSystem, java.lang.String, java.lang.Class&lt;? extends org.apache.hadoop.io.WritableComparable&gt;, java.lang.Class, org.apache.hadoop.io.SequenceFile.CompressionType, org.apache.hadoop.io.compress.CompressionCodec, org.apache.hadoop.util.Progressable)"/>
  <text>
    InsertCommentsHere
  </text>
</comment>
<comment>
  <identifier id="org.apache.hadoop.io.MapFile.Writer.ctor_added(org.apache.hadoop.conf.Configuration, org.apache.hadoop.fs.FileSystem, java.lang.String, java.lang.Class&lt;? extends org.apache.hadoop.io.WritableComparable&gt;, java.lang.Class, org.apache.hadoop.io.SequenceFile.CompressionType, org.apache.hadoop.util.Progressable)"/>
  <text>
    InsertCommentsHere
  </text>
</comment>
<comment>
  <identifier id="org.apache.hadoop.io.MapFile.Writer.ctor_removed(org.apache.hadoop.conf.Configuration, org.apache.hadoop.fs.FileSystem, java.lang.String, java.lang.Class, java.lang.Class)"/>
  <text>
    InsertCommentsHere
  </text>
</comment>
<comment>
  <identifier id="org.apache.hadoop.io.MapFile.Writer.ctor_removed(org.apache.hadoop.conf.Configuration, org.apache.hadoop.fs.FileSystem, java.lang.String, java.lang.Class, java.lang.Class, org.apache.hadoop.io.SequenceFile.CompressionType)"/>
  <text>
    InsertCommentsHere
  </text>
</comment>
<comment>
  <identifier id="org.apache.hadoop.io.MapFile.Writer.ctor_removed(org.apache.hadoop.conf.Configuration, org.apache.hadoop.fs.FileSystem, java.lang.String, java.lang.Class, java.lang.Class, org.apache.hadoop.io.SequenceFile.CompressionType, org.apache.hadoop.io.compress.CompressionCodec, org.apache.hadoop.util.Progressable)"/>
  <text>
    InsertCommentsHere
  </text>
</comment>
<comment>
  <identifier id="org.apache.hadoop.io.MapFile.Writer.ctor_removed(org.apache.hadoop.conf.Configuration, org.apache.hadoop.fs.FileSystem, java.lang.String, java.lang.Class, java.lang.Class, org.apache.hadoop.io.SequenceFile.CompressionType, org.apache.hadoop.util.Progressable)"/>
  <text>
    InsertCommentsHere
  </text>
</comment>
<comment>
  <identifier id="org.apache.hadoop.io.MapFile.fix_changed(org.apache.hadoop.fs.FileSystem, org.apache.hadoop.fs.Path, java.lang.Class&lt;? extends org.apache.hadoop.io.Writable&gt;, java.lang.Class&lt;? extends org.apache.hadoop.io.Writable&gt;, boolean, org.apache.hadoop.conf.Configuration)"/>
  <text>
    InsertCommentsHere
  </text>
</comment>
<comment>
  <identifier id="org.apache.hadoop.io.SequenceFile.CompressionType"/>
  <text>
    InsertCommentsHere
  </text>
</comment>
<comment>
  <identifier id="org.apache.hadoop.io.SequenceFile.CompressionType.values_changed()"/>
  <text>
    InsertCommentsHere
  </text>
</comment>
<comment>
  <identifier id="org.apache.hadoop.io.SequenceFile.Reader"/>
  <text>
    InsertCommentsHere
  </text>
</comment>
<comment>
  <identifier id="org.apache.hadoop.io.SequenceFile.Reader.getKeyClass_changed()"/>
  <text>
    InsertCommentsHere
  </text>
</comment>
<comment>
  <identifier id="org.apache.hadoop.io.SequenceFile.Reader.getValueClass_changed()"/>
  <text>
    InsertCommentsHere
  </text>
</comment>
<comment>
  <identifier id="org.apache.hadoop.io.SequenceFile.Sorter"/>
  <text>
    InsertCommentsHere
  </text>
</comment>
<comment>
  <identifier id="org.apache.hadoop.io.SequenceFile.Sorter.ctor_added(org.apache.hadoop.fs.FileSystem, java.lang.Class&lt;? extends org.apache.hadoop.io.WritableComparable&gt;, java.lang.Class, org.apache.hadoop.conf.Configuration)"/>
  <text>
    InsertCommentsHere
  </text>
</comment>
<comment>
  <identifier id="org.apache.hadoop.io.SequenceFile.Sorter.ctor_removed(org.apache.hadoop.fs.FileSystem, java.lang.Class, java.lang.Class, org.apache.hadoop.conf.Configuration)"/>
  <text>
    InsertCommentsHere
  </text>
</comment>
<comment>
  <identifier id="org.apache.hadoop.io.SetFile.Writer"/>
  <text>
    InsertCommentsHere
  </text>
</comment>
<comment>
  <identifier id="org.apache.hadoop.io.SetFile.Writer.ctor_added(org.apache.hadoop.conf.Configuration, org.apache.hadoop.fs.FileSystem, java.lang.String, java.lang.Class&lt;? extends org.apache.hadoop.io.WritableComparable&gt;, org.apache.hadoop.io.SequenceFile.CompressionType)"/>
  <text>
    InsertCommentsHere
  </text>
</comment>
<comment>
  <identifier id="org.apache.hadoop.io.SetFile.Writer.ctor_added(org.apache.hadoop.fs.FileSystem, java.lang.String, java.lang.Class&lt;? extends org.apache.hadoop.io.WritableComparable&gt;)"/>
  <text>
    InsertCommentsHere
  </text>
</comment>
<comment>
  <identifier id="org.apache.hadoop.io.SetFile.Writer.ctor_removed(org.apache.hadoop.conf.Configuration, org.apache.hadoop.fs.FileSystem, java.lang.String, java.lang.Class, org.apache.hadoop.io.SequenceFile.CompressionType)"/>
  <text>
    InsertCommentsHere
  </text>
</comment>
<comment>
  <identifier id="org.apache.hadoop.io.SetFile.Writer.ctor_removed(org.apache.hadoop.fs.FileSystem, java.lang.String, java.lang.Class)"/>
  <text>
    InsertCommentsHere
  </text>
</comment>
<comment>
  <identifier id="org.apache.hadoop.io.Text"/>
  <text>
    InsertCommentsHere
  </text>
</comment>
<comment>
  <identifier id="org.apache.hadoop.io.Text.compareTo_removed(java.lang.Object)"/>
  <text>
    InsertCommentsHere
  </text>
</comment>
<comment>
  <identifier id="org.apache.hadoop.io.WritableComparator"/>
  <text>
    InsertCommentsHere
  </text>
</comment>
<comment>
  <identifier id="org.apache.hadoop.io.WritableComparator.ctor_added(java.lang.Class&lt;? extends org.apache.hadoop.io.WritableComparable&gt;)"/>
  <text>
    InsertCommentsHere
  </text>
</comment>
<comment>
  <identifier id="org.apache.hadoop.io.WritableComparator.ctor_added(java.lang.Class&lt;? extends org.apache.hadoop.io.WritableComparable&gt;, boolean)"/>
  <text>
    InsertCommentsHere
  </text>
</comment>
<comment>
  <identifier id="org.apache.hadoop.io.WritableComparator.ctor_removed(java.lang.Class)"/>
  <text>
    InsertCommentsHere
  </text>
</comment>
<comment>
  <identifier id="org.apache.hadoop.io.WritableComparator.ctor_removed(java.lang.Class, boolean)"/>
  <text>
    InsertCommentsHere
  </text>
</comment>
<comment>
  <identifier id="org.apache.hadoop.io.WritableComparator.getKeyClass_changed()"/>
  <text>
    InsertCommentsHere
  </text>
</comment>
<comment>
  <identifier id="org.apache.hadoop.io.WritableComparator.get_changed(java.lang.Class&lt;? extends org.apache.hadoop.io.WritableComparable&gt;)"/>
  <text>
    InsertCommentsHere
  </text>
</comment>
<comment>
  <identifier id="org.apache.hadoop.io.WritableFactories"/>
  <text>
    InsertCommentsHere
  </text>
</comment>
<comment>
  <identifier id="org.apache.hadoop.io.WritableFactories.newInstance_added(java.lang.Class&lt;? extends org.apache.hadoop.io.Writable&gt;)"/>
  <text>
    InsertCommentsHere
  </text>
</comment>
<comment>
  <identifier id="org.apache.hadoop.io.WritableFactories.newInstance_added(java.lang.Class&lt;? extends org.apache.hadoop.io.Writable&gt;, org.apache.hadoop.conf.Configuration)"/>
  <text>
    InsertCommentsHere
  </text>
</comment>
<comment>
  <identifier id="org.apache.hadoop.io.WritableFactories.newInstance_removed(java.lang.Class)"/>
  <text>
    InsertCommentsHere
  </text>
</comment>
<comment>
  <identifier id="org.apache.hadoop.io.WritableFactories.newInstance_removed(java.lang.Class, org.apache.hadoop.conf.Configuration)"/>
  <text>
    InsertCommentsHere
  </text>
</comment>
<comment>
  <identifier id="org.apache.hadoop.io.WritableName"/>
  <text>
    InsertCommentsHere
  </text>
</comment>
<comment>
  <identifier id="org.apache.hadoop.io.WritableName.getClass_changed(java.lang.String, org.apache.hadoop.conf.Configuration)"/>
  <text>
    InsertCommentsHere
  </text>
</comment>
<comment>
  <identifier id="org.apache.hadoop.io.WritableUtils"/>
  <text>
    InsertCommentsHere
  </text>
</comment>
<comment>
  <identifier id="org.apache.hadoop.io.WritableUtils.clone_changed(T extends org.apache.hadoop.io.Writable, org.apache.hadoop.conf.Configuration)"/>
  <text>
    InsertCommentsHere
  </text>
</comment>
<comment>
  <identifier id="org.apache.hadoop.io.WritableUtils.toByteArray_added(org.apache.hadoop.io.Writable[])"/>
  <text>
    InsertCommentsHere
  </text>
</comment>
<comment>
  <identifier id="org.apache.hadoop.io.WritableUtils.writeEnum_changed(java.io.DataOutput, java.lang.Enum&lt;?&gt;)"/>
  <text>
    InsertCommentsHere
  </text>
</comment>
<comment>
  <identifier id="org.apache.hadoop.io.compress"/>
  <text>
    InsertCommentsHere
  </text>
</comment>
<comment>
  <identifier id="org.apache.hadoop.io.compress.BZip2Codec"/>
  <text>
    InsertCommentsHere
  </text>
</comment>
<comment>
  <identifier id="org.apache.hadoop.io.compress.CompressionCodecFactory"/>
  <text>
    InsertCommentsHere
  </text>
</comment>
<comment>
  <identifier id="org.apache.hadoop.io.compress.CompressionCodecFactory.getCodecClasses_changed(org.apache.hadoop.conf.Configuration)"/>
  <text>
    InsertCommentsHere
  </text>
</comment>
<comment>
  <identifier id="org.apache.hadoop.io.compress.LzopCodec"/>
  <text>
    InsertCommentsHere
  </text>
</comment>
<comment>
  <identifier id="org.apache.hadoop.io.compress.LzopCodec.LzopDecompressor"/>
  <text>
    InsertCommentsHere
  </text>
</comment>
<comment>
  <identifier id="org.apache.hadoop.io.compress.LzopCodec.LzopInputStream"/>
  <text>
    InsertCommentsHere
  </text>
</comment>
<comment>
  <identifier id="org.apache.hadoop.io.compress.LzopCodec.LzopOutputStream"/>
  <text>
    InsertCommentsHere
  </text>
</comment>
<comment>
  <identifier id="org.apache.hadoop.io.compress.bzip2"/>
  <text>
    InsertCommentsHere
  </text>
</comment>
<comment>
  <identifier id="org.apache.hadoop.io.compress.lzo"/>
  <text>
    InsertCommentsHere
  </text>
</comment>
<comment>
  <identifier id="org.apache.hadoop.io.compress.lzo.LzoCompressor"/>
  <text>
    InsertCommentsHere
  </text>
</comment>
<comment>
  <identifier id="org.apache.hadoop.io.compress.lzo.LzoCompressor.CompressionStrategy"/>
  <text>
    InsertCommentsHere
  </text>
</comment>
<comment>
  <identifier id="org.apache.hadoop.io.compress.lzo.LzoCompressor.CompressionStrategy.values_changed()"/>
  <text>
    InsertCommentsHere
  </text>
</comment>
<comment>
  <identifier id="org.apache.hadoop.io.compress.lzo.LzoCompressor.LZO_LIBRARY_VERSION"/>
  <text>
    InsertCommentsHere
  </text>
</comment>
<comment>
  <identifier id="org.apache.hadoop.io.compress.lzo.LzoDecompressor"/>
  <text>
    InsertCommentsHere
  </text>
</comment>
<comment>
  <identifier id="org.apache.hadoop.io.compress.lzo.LzoDecompressor.CompressionStrategy"/>
  <text>
    InsertCommentsHere
  </text>
</comment>
<comment>
  <identifier id="org.apache.hadoop.io.compress.lzo.LzoDecompressor.CompressionStrategy.values_changed()"/>
  <text>
    InsertCommentsHere
  </text>
</comment>
<comment>
  <identifier id="org.apache.hadoop.io.compress.lzo.LzoDecompressor.LZO_LIBRARY_VERSION"/>
  <text>
    InsertCommentsHere
  </text>
</comment>
<comment>
  <identifier id="org.apache.hadoop.io.compress.zlib"/>
  <text>
    InsertCommentsHere
  </text>
</comment>
<comment>
  <identifier id="org.apache.hadoop.io.compress.zlib.ZlibCompressor.CompressionHeader"/>
  <text>
    InsertCommentsHere
  </text>
</comment>
<comment>
  <identifier id="org.apache.hadoop.io.compress.zlib.ZlibCompressor.CompressionHeader.values_changed()"/>
  <text>
    InsertCommentsHere
  </text>
</comment>
<comment>
  <identifier id="org.apache.hadoop.io.compress.zlib.ZlibCompressor.CompressionLevel"/>
  <text>
    InsertCommentsHere
  </text>
</comment>
<comment>
  <identifier id="org.apache.hadoop.io.compress.zlib.ZlibCompressor.CompressionLevel.values_changed()"/>
  <text>
    InsertCommentsHere
  </text>
</comment>
<comment>
  <identifier id="org.apache.hadoop.io.compress.zlib.ZlibCompressor.CompressionStrategy"/>
  <text>
    InsertCommentsHere
  </text>
</comment>
<comment>
  <identifier id="org.apache.hadoop.io.compress.zlib.ZlibCompressor.CompressionStrategy.values_changed()"/>
  <text>
    InsertCommentsHere
  </text>
</comment>
<comment>
  <identifier id="org.apache.hadoop.io.compress.zlib.ZlibDecompressor.CompressionHeader"/>
  <text>
    InsertCommentsHere
  </text>
</comment>
<comment>
  <identifier id="org.apache.hadoop.io.compress.zlib.ZlibDecompressor.CompressionHeader.values_changed()"/>
  <text>
    InsertCommentsHere
  </text>
</comment>
<comment>
  <identifier id="org.apache.hadoop.ipc"/>
  <text>
    InsertCommentsHere
  </text>
</comment>
<comment>
  <identifier id="org.apache.hadoop.ipc.Client"/>
  <text>
    InsertCommentsHere
  </text>
</comment>
<comment>
  <identifier id="org.apache.hadoop.ipc.Client.ctor_added(java.lang.Class&lt;? extends org.apache.hadoop.io.Writable&gt;, org.apache.hadoop.conf.Configuration)"/>
  <text>
    InsertCommentsHere
  </text>
</comment>
<comment>
  <identifier id="org.apache.hadoop.ipc.Client.ctor_added(java.lang.Class&lt;? extends org.apache.hadoop.io.Writable&gt;, org.apache.hadoop.conf.Configuration, javax.net.SocketFactory)"/>
  <text>
    InsertCommentsHere
  </text>
</comment>
<comment>
  <identifier id="org.apache.hadoop.ipc.Client.ctor_removed(java.lang.Class&lt;?&gt;, org.apache.hadoop.conf.Configuration)"/>
  <text>
    InsertCommentsHere
  </text>
</comment>
<comment>
  <identifier id="org.apache.hadoop.ipc.Client.ctor_removed(java.lang.Class, org.apache.hadoop.conf.Configuration, javax.net.SocketFactory)"/>
  <text>
    InsertCommentsHere
  </text>
</comment>
<comment>
  <identifier id="org.apache.hadoop.ipc.RemoteException"/>
  <text>
    InsertCommentsHere
  </text>
</comment>
<comment>
  <identifier id="org.apache.hadoop.ipc.RemoteException.valueOf_added(org.xml.sax.Attributes)"/>
  <text>
    InsertCommentsHere
  </text>
</comment>
<comment>
  <identifier id="org.apache.hadoop.ipc.RemoteException.writeXml_added(java.lang.String, org.znerd.xmlenc.XMLOutputter)"/>
  <text>
    InsertCommentsHere
  </text>
</comment>
<comment>
  <identifier id="org.apache.hadoop.ipc.Server"/>
  <text>
    InsertCommentsHere
  </text>
</comment>
<comment>
  <identifier id="org.apache.hadoop.ipc.Server.ctor_added(java.lang.String, int, java.lang.Class&lt;? extends org.apache.hadoop.io.Writable&gt;, int, org.apache.hadoop.conf.Configuration)"/>
  <text>
    InsertCommentsHere
  </text>
</comment>
<comment>
  <identifier id="org.apache.hadoop.ipc.Server.ctor_added(java.lang.String, int, java.lang.Class&lt;? extends org.apache.hadoop.io.Writable&gt;, int, org.apache.hadoop.conf.Configuration, java.lang.String)"/>
  <text>
    InsertCommentsHere
  </text>
</comment>
<comment>
  <identifier id="org.apache.hadoop.ipc.Server.ctor_removed(java.lang.String, int, java.lang.Class&lt;?&gt;, int, org.apache.hadoop.conf.Configuration, java.lang.String)"/>
  <text>
    InsertCommentsHere
  </text>
</comment>
<comment>
  <identifier id="org.apache.hadoop.ipc.Server.ctor_removed(java.lang.String, int, java.lang.Class, int, org.apache.hadoop.conf.Configuration)"/>
  <text>
    InsertCommentsHere
  </text>
</comment>
<comment>
  <identifier id="org.apache.hadoop.ipc.Server.setTimeout_removed(int)"/>
  <text>
    InsertCommentsHere
  </text>
</comment>
<comment>
  <identifier id="org.apache.hadoop.mapred"/>
  <text>
    InsertCommentsHere
  </text>
</comment>
<comment>
  <identifier id="org.apache.hadoop.mapred.Counters"/>
  <text>
    InsertCommentsHere
  </text>
</comment>
<comment>
  <identifier id="org.apache.hadoop.mapred.Counters.Counter"/>
  <text>
    InsertCommentsHere
  </text>
</comment>
<comment>
  <identifier id="org.apache.hadoop.mapred.Counters.Counter.makeEscapedCompactString_added()"/>
  <text>
    InsertCommentsHere
  </text>
</comment>
<comment>
  <identifier id="org.apache.hadoop.mapred.Counters.Counter.setDisplayName_added(java.lang.String)"/>
  <text>
    InsertCommentsHere
  </text>
</comment>
<comment>
  <identifier id="org.apache.hadoop.mapred.Counters.Group"/>
  <text>
    InsertCommentsHere
  </text>
</comment>
<comment>
  <identifier id="org.apache.hadoop.mapred.Counters.Group.makeEscapedCompactString_added()"/>
  <text>
    InsertCommentsHere
  </text>
</comment>
<comment>
  <identifier id="org.apache.hadoop.mapred.Counters.Group.setDisplayName_added(java.lang.String)"/>
  <text>
    InsertCommentsHere
  </text>
</comment>
<comment>
  <identifier id="org.apache.hadoop.mapred.Counters.findCounter_added(java.lang.String, java.lang.String)"/>
  <text>
    InsertCommentsHere
  </text>
</comment>
<comment>
  <identifier id="org.apache.hadoop.mapred.Counters.fromEscapedCompactString_added(java.lang.String)"/>
  <text>
    InsertCommentsHere
  </text>
</comment>
<comment>
  <identifier id="org.apache.hadoop.mapred.Counters.makeEscapedCompactString_added()"/>
  <text>
    InsertCommentsHere
  </text>
</comment>
<comment>
  <identifier id="org.apache.hadoop.mapred.FileInputFormat"/>
  <text>
    InsertCommentsHere
  </text>
</comment>
<comment>
  <identifier id="org.apache.hadoop.mapred.FileInputFormat.listPaths_removed(org.apache.hadoop.mapred.JobConf)"/>
  <text>
    InsertCommentsHere
  </text>
</comment>
<comment>
  <identifier id="org.apache.hadoop.mapred.FileInputFormat.validateInput_removed(org.apache.hadoop.mapred.JobConf)"/>
  <text>
    InsertCommentsHere
  </text>
</comment>
<comment>
  <identifier id="org.apache.hadoop.mapred.FileOutputCommitter"/>
  <text>
    InsertCommentsHere
  </text>
</comment>
<comment>
  <identifier id="org.apache.hadoop.mapred.FileOutputFormat"/>
  <text>
    InsertCommentsHere
  </text>
</comment>
<comment>
  <identifier id="org.apache.hadoop.mapred.FileOutputFormat.getPathForCustomFile_added(org.apache.hadoop.mapred.JobConf, java.lang.String)"/>
  <text>
    InsertCommentsHere
  </text>
</comment>
<comment>
  <identifier id="org.apache.hadoop.mapred.FileOutputFormat.getTaskOutputPath_changed(org.apache.hadoop.mapred.JobConf, java.lang.String)"/>
  <text>
    InsertCommentsHere
  </text>
</comment>
<comment>
  <identifier id="org.apache.hadoop.mapred.FileOutputFormat.getUniqueName_added(org.apache.hadoop.mapred.JobConf, java.lang.String)"/>
  <text>
    InsertCommentsHere
  </text>
</comment>
<comment>
  <identifier id="org.apache.hadoop.mapred.InputFormat"/>
  <text>
    InsertCommentsHere
  </text>
</comment>
<comment>
  <identifier id="org.apache.hadoop.mapred.InputFormat.validateInput_removed(org.apache.hadoop.mapred.JobConf)"/>
  <text>
    InsertCommentsHere
  </text>
</comment>
<comment>
  <identifier id="org.apache.hadoop.mapred.JobClient"/>
  <text>
    InsertCommentsHere
  </text>
</comment>
<comment>
  <identifier id="org.apache.hadoop.mapred.JobClient.TaskStatusFilter"/>
  <text>
    InsertCommentsHere
  </text>
</comment>
<comment>
  <identifier id="org.apache.hadoop.mapred.JobClient.TaskStatusFilter.values_changed()"/>
  <text>
    InsertCommentsHere
  </text>
</comment>
<comment>
  <identifier id="org.apache.hadoop.mapred.JobClient.getCleanupTaskReports_added(org.apache.hadoop.mapred.JobID)"/>
  <text>
    InsertCommentsHere
  </text>
</comment>
<comment>
  <identifier id="org.apache.hadoop.mapred.JobClient.getJobsFromQueue_added(java.lang.String)"/>
  <text>
    InsertCommentsHere
  </text>
</comment>
<comment>
  <identifier id="org.apache.hadoop.mapred.JobClient.getQueueInfo_added(java.lang.String)"/>
  <text>
    InsertCommentsHere
  </text>
</comment>
<comment>
  <identifier id="org.apache.hadoop.mapred.JobClient.getQueues_added()"/>
  <text>
    InsertCommentsHere
  </text>
</comment>
<comment>
  <identifier id="org.apache.hadoop.mapred.JobClient.getSetupTaskReports_added(org.apache.hadoop.mapred.JobID)"/>
  <text>
    InsertCommentsHere
  </text>
</comment>
<comment>
  <identifier id="org.apache.hadoop.mapred.JobClient.isJobDirValid_added(org.apache.hadoop.fs.Path, org.apache.hadoop.fs.FileSystem)"/>
  <text>
    InsertCommentsHere
  </text>
</comment>
<comment>
  <identifier id="org.apache.hadoop.mapred.JobConf"/>
  <text>
    InsertCommentsHere
  </text>
</comment>
<comment>
  <identifier id="org.apache.hadoop.mapred.JobConf.DEFAULT_QUEUE_NAME"/>
  <text>
    InsertCommentsHere
  </text>
</comment>
<comment>
  <identifier id="org.apache.hadoop.mapred.JobConf.addInputPath_removed(org.apache.hadoop.fs.Path)"/>
  <text>
    InsertCommentsHere
  </text>
</comment>
<comment>
  <identifier id="org.apache.hadoop.mapred.JobConf.ctor_added(boolean)"/>
  <text>
    InsertCommentsHere
  </text>
</comment>
<comment>
  <identifier id="org.apache.hadoop.mapred.JobConf.getCombineOnceOnly_removed()"/>
  <text>
    InsertCommentsHere
  </text>
</comment>
<comment>
  <identifier id="org.apache.hadoop.mapred.JobConf.getInputPaths_removed()"/>
  <text>
    InsertCommentsHere
  </text>
</comment>
<comment>
  <identifier id="org.apache.hadoop.mapred.JobConf.getKeyFieldComparatorOption_added()"/>
  <text>
    InsertCommentsHere
  </text>
</comment>
<comment>
  <identifier id="org.apache.hadoop.mapred.JobConf.getKeyFieldPartitionerOption_added()"/>
  <text>
    InsertCommentsHere
  </text>
</comment>
<comment>
  <identifier id="org.apache.hadoop.mapred.JobConf.getMapOutputCompressionType_removed()"/>
  <text>
    InsertCommentsHere
  </text>
</comment>
<comment>
  <identifier id="org.apache.hadoop.mapred.JobConf.getNumTasksToExecutePerJvm_added()"/>
  <text>
    InsertCommentsHere
  </text>
</comment>
<comment>
  <identifier id="org.apache.hadoop.mapred.JobConf.getOutputCommitter_added()"/>
  <text>
    InsertCommentsHere
  </text>
</comment>
<comment>
  <identifier id="org.apache.hadoop.mapred.JobConf.getOutputPath_removed()"/>
  <text>
    InsertCommentsHere
  </text>
</comment>
<comment>
  <identifier id="org.apache.hadoop.mapred.JobConf.getQueueName_added()"/>
  <text>
    InsertCommentsHere
  </text>
</comment>
<comment>
  <identifier id="org.apache.hadoop.mapred.JobConf.getSystemDir_removed()"/>
  <text>
    InsertCommentsHere
  </text>
</comment>
<comment>
  <identifier id="org.apache.hadoop.mapred.JobConf.setCombineOnceOnly_removed(boolean)"/>
  <text>
    InsertCommentsHere
  </text>
</comment>
<comment>
  <identifier id="org.apache.hadoop.mapred.JobConf.setInputPath_removed(org.apache.hadoop.fs.Path)"/>
  <text>
    InsertCommentsHere
  </text>
</comment>
<comment>
  <identifier id="org.apache.hadoop.mapred.JobConf.setKeyFieldComparatorOptions_added(java.lang.String)"/>
  <text>
    InsertCommentsHere
  </text>
</comment>
<comment>
  <identifier id="org.apache.hadoop.mapred.JobConf.setKeyFieldPartitionerOptions_added(java.lang.String)"/>
  <text>
    InsertCommentsHere
  </text>
</comment>
<comment>
  <identifier id="org.apache.hadoop.mapred.JobConf.setMapOutputCompressionType_removed(org.apache.hadoop.io.SequenceFile.CompressionType)"/>
  <text>
    InsertCommentsHere
  </text>
</comment>
<comment>
  <identifier id="org.apache.hadoop.mapred.JobConf.setNumTasksToExecutePerJvm_added(int)"/>
  <text>
    InsertCommentsHere
  </text>
</comment>
<comment>
  <identifier id="org.apache.hadoop.mapred.JobConf.setOutputCommitter_added(java.lang.Class&lt;? extends org.apache.hadoop.mapred.OutputCommitter&gt;)"/>
  <text>
    InsertCommentsHere
  </text>
</comment>
<comment>
  <identifier id="org.apache.hadoop.mapred.JobConf.setOutputPath_removed(org.apache.hadoop.fs.Path)"/>
  <text>
    InsertCommentsHere
  </text>
</comment>
<comment>
  <identifier id="org.apache.hadoop.mapred.JobConf.setQueueName_added(java.lang.String)"/>
  <text>
    InsertCommentsHere
  </text>
</comment>
<comment>
  <identifier id="org.apache.hadoop.mapred.JobContext"/>
  <text>
    InsertCommentsHere
  </text>
</comment>
<comment>
  <identifier id="org.apache.hadoop.mapred.JobHistory"/>
  <text>
    InsertCommentsHere
  </text>
</comment>
<comment>
  <identifier id="org.apache.hadoop.mapred.JobHistory.JOBTRACKER_START_TIME"/>
  <text>
    InsertCommentsHere
  </text>
</comment>
<comment>
  <identifier id="org.apache.hadoop.mapred.JobHistory.JOB_NAME_TRIM_LENGTH"/>
  <text>
    InsertCommentsHere
  </text>
</comment>
<comment>
  <identifier id="org.apache.hadoop.mapred.JobHistory.JobInfo"/>
  <text>
    InsertCommentsHere
  </text>
</comment>
<comment>
  <identifier id="org.apache.hadoop.mapred.JobHistory.JobInfo.getJobHistoryFileName_added(org.apache.hadoop.mapred.JobConf, org.apache.hadoop.mapred.JobID)"/>
  <text>
    InsertCommentsHere
  </text>
</comment>
<comment>
  <identifier id="org.apache.hadoop.mapred.JobHistory.JobInfo.getJobHistoryLogLocationForUser_added(java.lang.String, org.apache.hadoop.mapred.JobConf)"/>
  <text>
    InsertCommentsHere
  </text>
</comment>
<comment>
  <identifier id="org.apache.hadoop.mapred.JobHistory.JobInfo.getJobHistoryLogLocation_added(java.lang.String)"/>
  <text>
    InsertCommentsHere
  </text>
</comment>
<comment>
  <identifier id="org.apache.hadoop.mapred.JobHistory.JobInfo.getLocalJobFilePath_removed(java.lang.String)"/>
  <text>
    InsertCommentsHere
  </text>
</comment>
<comment>
  <identifier id="org.apache.hadoop.mapred.JobHistory.JobInfo.getUserName_added(org.apache.hadoop.mapred.JobConf)"/>
  <text>
    InsertCommentsHere
  </text>
</comment>
<comment>
  <identifier id="org.apache.hadoop.mapred.JobHistory.JobInfo.logFailed_removed(java.lang.String, long, int, int)"/>
  <text>
    InsertCommentsHere
  </text>
</comment>
<comment>
  <identifier id="org.apache.hadoop.mapred.JobHistory.JobInfo.logFinished_removed(java.lang.String, long, int, int, int, int, org.apache.hadoop.mapred.Counters)"/>
  <text>
    InsertCommentsHere
  </text>
</comment>
<comment>
  <identifier id="org.apache.hadoop.mapred.JobHistory.JobInfo.logInited_added(org.apache.hadoop.mapred.JobID, long, int, int)"/>
  <text>
    InsertCommentsHere
  </text>
</comment>
<comment>
  <identifier id="org.apache.hadoop.mapred.JobHistory.JobInfo.logJobInfo_added(org.apache.hadoop.mapred.JobID, long, long, int)"/>
  <text>
    InsertCommentsHere
  </text>
</comment>
<comment>
  <identifier id="org.apache.hadoop.mapred.JobHistory.JobInfo.logJobPriority_added(org.apache.hadoop.mapred.JobID, org.apache.hadoop.mapred.JobPriority)"/>
  <text>
    InsertCommentsHere
  </text>
</comment>
<comment>
  <identifier id="org.apache.hadoop.mapred.JobHistory.JobInfo.logKilled_added(org.apache.hadoop.mapred.JobID, long, int, int)"/>
  <text>
    InsertCommentsHere
  </text>
</comment>
<comment>
  <identifier id="org.apache.hadoop.mapred.JobHistory.JobInfo.logStarted_added(org.apache.hadoop.mapred.JobID)"/>
  <text>
    InsertCommentsHere
  </text>
</comment>
<comment>
  <identifier id="org.apache.hadoop.mapred.JobHistory.JobInfo.logStarted_changed(org.apache.hadoop.mapred.JobID, long, int, int)"/>
  <text>
    InsertCommentsHere
  </text>
</comment>
<comment>
  <identifier id="org.apache.hadoop.mapred.JobHistory.JobInfo.logStarted_removed(java.lang.String, long, int, int)"/>
  <text>
    InsertCommentsHere
  </text>
</comment>
<comment>
  <identifier id="org.apache.hadoop.mapred.JobHistory.JobInfo.logSubmitted_removed(java.lang.String, org.apache.hadoop.mapred.JobConf, java.lang.String, long)"/>
  <text>
    InsertCommentsHere
  </text>
</comment>
<comment>
  <identifier id="org.apache.hadoop.mapred.JobHistory.JobInfo.recoverJobHistoryFile_added(org.apache.hadoop.mapred.JobConf, org.apache.hadoop.fs.Path)"/>
  <text>
    InsertCommentsHere
  </text>
</comment>
<comment>
  <identifier id="org.apache.hadoop.mapred.JobHistory.Keys"/>
  <text>
    InsertCommentsHere
  </text>
</comment>
<comment>
  <identifier id="org.apache.hadoop.mapred.JobHistory.Keys.values_changed()"/>
  <text>
    InsertCommentsHere
  </text>
</comment>
<comment>
  <identifier id="org.apache.hadoop.mapred.JobHistory.LOG"/>
  <text>
    InsertCommentsHere
  </text>
</comment>
<comment>
  <identifier id="org.apache.hadoop.mapred.JobHistory.MapAttempt"/>
  <text>
    InsertCommentsHere
  </text>
</comment>
<comment>
  <identifier id="org.apache.hadoop.mapred.JobHistory.MapAttempt.logFailed_added(org.apache.hadoop.mapred.TaskAttemptID, long, java.lang.String, java.lang.String, java.lang.String)"/>
  <text>
    InsertCommentsHere
  </text>
</comment>
<comment>
  <identifier id="org.apache.hadoop.mapred.JobHistory.MapAttempt.logFailed_changed(org.apache.hadoop.mapred.TaskAttemptID, long, java.lang.String, java.lang.String)"/>
  <text>
    InsertCommentsHere
  </text>
</comment>
<comment>
  <identifier id="org.apache.hadoop.mapred.JobHistory.MapAttempt.logFailed_removed(java.lang.String, java.lang.String, java.lang.String, long, java.lang.String, java.lang.String)"/>
  <text>
    InsertCommentsHere
  </text>
</comment>
<comment>
  <identifier id="org.apache.hadoop.mapred.JobHistory.MapAttempt.logFinished_added(org.apache.hadoop.mapred.TaskAttemptID, long, java.lang.String, java.lang.String, java.lang.String, org.apache.hadoop.mapred.Counters)"/>
  <text>
    InsertCommentsHere
  </text>
</comment>
<comment>
  <identifier id="org.apache.hadoop.mapred.JobHistory.MapAttempt.logFinished_changed(org.apache.hadoop.mapred.TaskAttemptID, long, java.lang.String)"/>
  <text>
    InsertCommentsHere
  </text>
</comment>
<comment>
  <identifier id="org.apache.hadoop.mapred.JobHistory.MapAttempt.logFinished_removed(java.lang.String, java.lang.String, java.lang.String, long, java.lang.String)"/>
  <text>
    InsertCommentsHere
  </text>
</comment>
<comment>
  <identifier id="org.apache.hadoop.mapred.JobHistory.MapAttempt.logKilled_added(org.apache.hadoop.mapred.TaskAttemptID, long, java.lang.String, java.lang.String, java.lang.String)"/>
  <text>
    InsertCommentsHere
  </text>
</comment>
<comment>
  <identifier id="org.apache.hadoop.mapred.JobHistory.MapAttempt.logKilled_changed(org.apache.hadoop.mapred.TaskAttemptID, long, java.lang.String, java.lang.String)"/>
  <text>
    InsertCommentsHere
  </text>
</comment>
<comment>
  <identifier id="org.apache.hadoop.mapred.JobHistory.MapAttempt.logKilled_removed(java.lang.String, java.lang.String, java.lang.String, long, java.lang.String, java.lang.String)"/>
  <text>
    InsertCommentsHere
  </text>
</comment>
<comment>
  <identifier id="org.apache.hadoop.mapred.JobHistory.MapAttempt.logStarted_added(org.apache.hadoop.mapred.TaskAttemptID, long, java.lang.String, int, java.lang.String)"/>
  <text>
    InsertCommentsHere
  </text>
</comment>
<comment>
  <identifier id="org.apache.hadoop.mapred.JobHistory.MapAttempt.logStarted_changed(org.apache.hadoop.mapred.TaskAttemptID, long, java.lang.String)"/>
  <text>
    InsertCommentsHere
  </text>
</comment>
<comment>
  <identifier id="org.apache.hadoop.mapred.JobHistory.MapAttempt.logStarted_removed(java.lang.String, java.lang.String, java.lang.String, long, java.lang.String)"/>
  <text>
    InsertCommentsHere
  </text>
</comment>
<comment>
  <identifier id="org.apache.hadoop.mapred.JobHistory.RecordTypes"/>
  <text>
    InsertCommentsHere
  </text>
</comment>
<comment>
  <identifier id="org.apache.hadoop.mapred.JobHistory.RecordTypes.values_changed()"/>
  <text>
    InsertCommentsHere
  </text>
</comment>
<comment>
  <identifier id="org.apache.hadoop.mapred.JobHistory.ReduceAttempt"/>
  <text>
    InsertCommentsHere
  </text>
</comment>
<comment>
  <identifier id="org.apache.hadoop.mapred.JobHistory.ReduceAttempt.logFailed_added(org.apache.hadoop.mapred.TaskAttemptID, long, java.lang.String, java.lang.String, java.lang.String)"/>
  <text>
    InsertCommentsHere
  </text>
</comment>
<comment>
  <identifier id="org.apache.hadoop.mapred.JobHistory.ReduceAttempt.logFailed_changed(org.apache.hadoop.mapred.TaskAttemptID, long, java.lang.String, java.lang.String)"/>
  <text>
    InsertCommentsHere
  </text>
</comment>
<comment>
  <identifier id="org.apache.hadoop.mapred.JobHistory.ReduceAttempt.logFailed_removed(java.lang.String, java.lang.String, java.lang.String, long, java.lang.String, java.lang.String)"/>
  <text>
    InsertCommentsHere
  </text>
</comment>
<comment>
  <identifier id="org.apache.hadoop.mapred.JobHistory.ReduceAttempt.logFinished_added(org.apache.hadoop.mapred.TaskAttemptID, long, long, long, java.lang.String, java.lang.String, java.lang.String, org.apache.hadoop.mapred.Counters)"/>
  <text>
    InsertCommentsHere
  </text>
</comment>
<comment>
  <identifier id="org.apache.hadoop.mapred.JobHistory.ReduceAttempt.logFinished_changed(org.apache.hadoop.mapred.TaskAttemptID, long, long, long, java.lang.String)"/>
  <text>
    InsertCommentsHere
  </text>
</comment>
<comment>
  <identifier id="org.apache.hadoop.mapred.JobHistory.ReduceAttempt.logFinished_removed(java.lang.String, java.lang.String, java.lang.String, long, long, long, java.lang.String)"/>
  <text>
    InsertCommentsHere
  </text>
</comment>
<comment>
  <identifier id="org.apache.hadoop.mapred.JobHistory.ReduceAttempt.logKilled_added(org.apache.hadoop.mapred.TaskAttemptID, long, java.lang.String, java.lang.String, java.lang.String)"/>
  <text>
    InsertCommentsHere
  </text>
</comment>
<comment>
  <identifier id="org.apache.hadoop.mapred.JobHistory.ReduceAttempt.logKilled_changed(org.apache.hadoop.mapred.TaskAttemptID, long, java.lang.String, java.lang.String)"/>
  <text>
    InsertCommentsHere
  </text>
</comment>
<comment>
  <identifier id="org.apache.hadoop.mapred.JobHistory.ReduceAttempt.logKilled_removed(java.lang.String, java.lang.String, java.lang.String, long, java.lang.String, java.lang.String)"/>
  <text>
    InsertCommentsHere
  </text>
</comment>
<comment>
  <identifier id="org.apache.hadoop.mapred.JobHistory.ReduceAttempt.logStarted_added(org.apache.hadoop.mapred.TaskAttemptID, long, java.lang.String, int, java.lang.String)"/>
  <text>
    InsertCommentsHere
  </text>
</comment>
<comment>
  <identifier id="org.apache.hadoop.mapred.JobHistory.ReduceAttempt.logStarted_changed(org.apache.hadoop.mapred.TaskAttemptID, long, java.lang.String)"/>
  <text>
    InsertCommentsHere
  </text>
</comment>
<comment>
  <identifier id="org.apache.hadoop.mapred.JobHistory.ReduceAttempt.logStarted_removed(java.lang.String, java.lang.String, java.lang.String, long, java.lang.String)"/>
  <text>
    InsertCommentsHere
  </text>
</comment>
<comment>
  <identifier id="org.apache.hadoop.mapred.JobHistory.Task"/>
  <text>
    InsertCommentsHere
  </text>
</comment>
<comment>
  <identifier id="org.apache.hadoop.mapred.JobHistory.Task.logFailed_changed(org.apache.hadoop.mapred.TaskID, java.lang.String, long, java.lang.String, org.apache.hadoop.mapred.TaskAttemptID)"/>
  <text>
    InsertCommentsHere
  </text>
</comment>
<comment>
  <identifier id="org.apache.hadoop.mapred.JobHistory.Task.logFinished_removed(java.lang.String, java.lang.String, java.lang.String, long, org.apache.hadoop.mapred.Counters)"/>
  <text>
    InsertCommentsHere
  </text>
</comment>
<comment>
  <identifier id="org.apache.hadoop.mapred.JobHistory.Task.logStarted_removed(java.lang.String, java.lang.String, java.lang.String, long)"/>
  <text>
    InsertCommentsHere
  </text>
</comment>
<comment>
  <identifier id="org.apache.hadoop.mapred.JobHistory.Values"/>
  <text>
    InsertCommentsHere
  </text>
</comment>
<comment>
  <identifier id="org.apache.hadoop.mapred.JobHistory.Values.values_changed()"/>
  <text>
    InsertCommentsHere
  </text>
</comment>
<comment>
  <identifier id="org.apache.hadoop.mapred.JobHistory.getTaskLogsUrl_added(org.apache.hadoop.mapred.JobHistory.TaskAttempt)"/>
  <text>
    InsertCommentsHere
  </text>
</comment>
<comment>
  <identifier id="org.apache.hadoop.mapred.JobHistory.init_changed(org.apache.hadoop.mapred.JobConf, java.lang.String, long)"/>
  <text>
    InsertCommentsHere
  </text>
</comment>
<comment>
  <identifier id="org.apache.hadoop.mapred.JobPriority"/>
  <text>
    InsertCommentsHere
  </text>
</comment>
<comment>
  <identifier id="org.apache.hadoop.mapred.JobPriority.values_changed()"/>
  <text>
    InsertCommentsHere
  </text>
</comment>
<comment>
  <identifier id="org.apache.hadoop.mapred.JobProfile"/>
  <text>
    InsertCommentsHere
  </text>
</comment>
<comment>
  <identifier id="org.apache.hadoop.mapred.JobProfile.ctor_added(java.lang.String, org.apache.hadoop.mapred.JobID, java.lang.String, java.lang.String, java.lang.String, java.lang.String)"/>
  <text>
    InsertCommentsHere
  </text>
</comment>
<comment>
  <identifier id="org.apache.hadoop.mapred.JobProfile.getQueueName_added()"/>
  <text>
    InsertCommentsHere
  </text>
</comment>
<comment>
  <identifier id="org.apache.hadoop.mapred.JobQueueInfo"/>
  <text>
    InsertCommentsHere
  </text>
</comment>
<comment>
  <identifier id="org.apache.hadoop.mapred.JobStatus"/>
  <text>
    InsertCommentsHere
  </text>
</comment>
<comment>
  <identifier id="org.apache.hadoop.mapred.JobStatus.KILLED"/>
  <text>
    InsertCommentsHere
  </text>
</comment>
<comment>
  <identifier id="org.apache.hadoop.mapred.JobStatus.cleanupProgress_added()"/>
  <text>
    InsertCommentsHere
  </text>
</comment>
<comment>
  <identifier id="org.apache.hadoop.mapred.JobStatus.clone_added()"/>
  <text>
    InsertCommentsHere
  </text>
</comment>
<comment>
  <identifier id="org.apache.hadoop.mapred.JobStatus.ctor_added(org.apache.hadoop.mapred.JobID, float, float, float, float, int, org.apache.hadoop.mapred.JobPriority)"/>
  <text>
    InsertCommentsHere
  </text>
</comment>
<comment>
  <identifier id="org.apache.hadoop.mapred.JobStatus.ctor_added(org.apache.hadoop.mapred.JobID, float, float, float, int)"/>
  <text>
    InsertCommentsHere
  </text>
</comment>
<comment>
  <identifier id="org.apache.hadoop.mapred.JobStatus.ctor_added(org.apache.hadoop.mapred.JobID, float, float, float, int, org.apache.hadoop.mapred.JobPriority)"/>
  <text>
    InsertCommentsHere
  </text>
</comment>
<comment>
  <identifier id="org.apache.hadoop.mapred.JobStatus.ctor_removed(java.lang.String, float, float, int)"/>
  <text>
    InsertCommentsHere
  </text>
</comment>
<comment>
  <identifier id="org.apache.hadoop.mapred.JobStatus.getJobPriority_added()"/>
  <text>
    InsertCommentsHere
  </text>
</comment>
<comment>
  <identifier id="org.apache.hadoop.mapred.JobStatus.getSchedulingInfo_added()"/>
  <text>
    InsertCommentsHere
  </text>
</comment>
<comment>
  <identifier id="org.apache.hadoop.mapred.JobStatus.setJobPriority_added(org.apache.hadoop.mapred.JobPriority)"/>
  <text>
    InsertCommentsHere
  </text>
</comment>
<comment>
  <identifier id="org.apache.hadoop.mapred.JobStatus.setSchedulingInfo_added(java.lang.String)"/>
  <text>
    InsertCommentsHere
  </text>
</comment>
<comment>
  <identifier id="org.apache.hadoop.mapred.JobStatus.setupProgress_added()"/>
  <text>
    InsertCommentsHere
  </text>
</comment>
<comment>
  <identifier id="org.apache.hadoop.mapred.JobTracker"/>
  <text>
    InsertCommentsHere
  </text>
</comment>
<comment>
  <identifier id="org.apache.hadoop.mapred.JobTracker.State"/>
  <text>
    InsertCommentsHere
  </text>
</comment>
<comment>
  <identifier id="org.apache.hadoop.mapred.JobTracker.State.values_changed()"/>
  <text>
    InsertCommentsHere
  </text>
</comment>
<comment>
  <identifier id="org.apache.hadoop.mapred.JobTracker.addJobInProgressListener_added(org.apache.hadoop.mapred.JobInProgressListener)"/>
  <text>
    InsertCommentsHere
  </text>
</comment>
<comment>
  <identifier id="org.apache.hadoop.mapred.JobTracker.getAssignedTracker_removed(java.lang.String)"/>
  <text>
    InsertCommentsHere
  </text>
</comment>
<comment>
  <identifier id="org.apache.hadoop.mapred.JobTracker.getCleanupTaskReports_added(org.apache.hadoop.mapred.JobID)"/>
  <text>
    InsertCommentsHere
  </text>
</comment>
<comment>
  <identifier id="org.apache.hadoop.mapred.JobTracker.getInstrumentationClass_added(org.apache.hadoop.conf.Configuration)"/>
  <text>
    InsertCommentsHere
  </text>
</comment>
<comment>
  <identifier id="org.apache.hadoop.mapred.JobTracker.getJobCounters_removed(java.lang.String)"/>
  <text>
    InsertCommentsHere
  </text>
</comment>
<comment>
  <identifier id="org.apache.hadoop.mapred.JobTracker.getJobProfile_removed(java.lang.String)"/>
  <text>
    InsertCommentsHere
  </text>
</comment>
<comment>
  <identifier id="org.apache.hadoop.mapred.JobTracker.getJobStatus_removed(java.lang.String)"/>
  <text>
    InsertCommentsHere
  </text>
</comment>
<comment>
  <identifier id="org.apache.hadoop.mapred.JobTracker.getJob_removed(java.lang.String)"/>
  <text>
    InsertCommentsHere
  </text>
</comment>
<comment>
  <identifier id="org.apache.hadoop.mapred.JobTracker.getJobsFromQueue_added(java.lang.String)"/>
  <text>
    InsertCommentsHere
  </text>
</comment>
<comment>
  <identifier id="org.apache.hadoop.mapred.JobTracker.getLocalJobFilePath_removed(java.lang.String)"/>
  <text>
    InsertCommentsHere
  </text>
</comment>
<comment>
  <identifier id="org.apache.hadoop.mapred.JobTracker.getMapTaskReports_removed(java.lang.String)"/>
  <text>
    InsertCommentsHere
  </text>
</comment>
<comment>
  <identifier id="org.apache.hadoop.mapred.JobTracker.getNextHeartbeatInterval_added()"/>
  <text>
    InsertCommentsHere
  </text>
</comment>
<comment>
  <identifier id="org.apache.hadoop.mapred.JobTracker.getNumberOfUniqueHosts_added()"/>
  <text>
    InsertCommentsHere
  </text>
</comment>
<comment>
  <identifier id="org.apache.hadoop.mapred.JobTracker.getQueueInfo_added(java.lang.String)"/>
  <text>
    InsertCommentsHere
  </text>
</comment>
<comment>
  <identifier id="org.apache.hadoop.mapred.JobTracker.getQueueManager_added()"/>
  <text>
    InsertCommentsHere
  </text>
</comment>
<comment>
  <identifier id="org.apache.hadoop.mapred.JobTracker.getQueues_added()"/>
  <text>
    InsertCommentsHere
  </text>
</comment>
<comment>
  <identifier id="org.apache.hadoop.mapred.JobTracker.getRecoveryDuration_added()"/>
  <text>
    InsertCommentsHere
  </text>
</comment>
<comment>
  <identifier id="org.apache.hadoop.mapred.JobTracker.getReduceTaskReports_removed(java.lang.String)"/>
  <text>
    InsertCommentsHere
  </text>
</comment>
<comment>
  <identifier id="org.apache.hadoop.mapred.JobTracker.getSetupTaskReports_added(org.apache.hadoop.mapred.JobID)"/>
  <text>
    InsertCommentsHere
  </text>
</comment>
<comment>
  <identifier id="org.apache.hadoop.mapred.JobTracker.getTaskCompletionEvents_removed(java.lang.String, int, int)"/>
  <text>
    InsertCommentsHere
  </text>
</comment>
<comment>
  <identifier id="org.apache.hadoop.mapred.JobTracker.getTaskDiagnostics_removed(java.lang.String, java.lang.String, java.lang.String)"/>
  <text>
    InsertCommentsHere
  </text>
</comment>
<comment>
  <identifier id="org.apache.hadoop.mapred.JobTracker.hasRecovered_added()"/>
  <text>
    InsertCommentsHere
  </text>
</comment>
<comment>
  <identifier id="org.apache.hadoop.mapred.JobTracker.hasRestarted_added()"/>
  <text>
    InsertCommentsHere
  </text>
</comment>
<comment>
  <identifier id="org.apache.hadoop.mapred.JobTracker.killJob_changed(org.apache.hadoop.mapred.JobID)"/>
  <text>
    InsertCommentsHere
  </text>
</comment>
<comment>
  <identifier id="org.apache.hadoop.mapred.JobTracker.killJob_removed(java.lang.String)"/>
  <text>
    InsertCommentsHere
  </text>
</comment>
<comment>
  <identifier id="org.apache.hadoop.mapred.JobTracker.killTask_removed(java.lang.String, boolean)"/>
  <text>
    InsertCommentsHere
  </text>
</comment>
<comment>
  <identifier id="org.apache.hadoop.mapred.JobTracker.offerService_changed()"/>
  <text>
    InsertCommentsHere
  </text>
</comment>
<comment>
  <identifier id="org.apache.hadoop.mapred.JobTracker.removeJobInProgressListener_added(org.apache.hadoop.mapred.JobInProgressListener)"/>
  <text>
    InsertCommentsHere
  </text>
</comment>
<comment>
  <identifier id="org.apache.hadoop.mapred.JobTracker.setInstrumentationClass_added(org.apache.hadoop.conf.Configuration, java.lang.Class&lt;? extends org.apache.hadoop.mapred.JobTrackerInstrumentation&gt;)"/>
  <text>
    InsertCommentsHere
  </text>
</comment>
<comment>
  <identifier id="org.apache.hadoop.mapred.JobTracker.setJobPriority_added(org.apache.hadoop.mapred.JobID, java.lang.String)"/>
  <text>
    InsertCommentsHere
  </text>
</comment>
<comment>
  <identifier id="org.apache.hadoop.mapred.JobTracker.submitJob_removed(java.lang.String)"/>
  <text>
    InsertCommentsHere
  </text>
</comment>
<comment>
  <identifier id="org.apache.hadoop.mapred.JobTracker.taskTrackers_changed()"/>
  <text>
    InsertCommentsHere
  </text>
</comment>
<comment>
  <identifier id="org.apache.hadoop.mapred.LineRecordReader"/>
  <text>
    InsertCommentsHere
  </text>
</comment>
<comment>
  <identifier id="org.apache.hadoop.mapred.LineRecordReader.LineReader"/>
  <text>
    InsertCommentsHere
  </text>
</comment>
<comment>
  <identifier id="org.apache.hadoop.mapred.LineRecordReader.LineReader.readLine_removed(org.apache.hadoop.io.Text)"/>
  <text>
    InsertCommentsHere
  </text>
</comment>
<comment>
  <identifier id="org.apache.hadoop.mapred.LineRecordReader.LineReader.readLine_removed(org.apache.hadoop.io.Text, int)"/>
  <text>
    InsertCommentsHere
  </text>
</comment>
<comment>
  <identifier id="org.apache.hadoop.mapred.LineRecordReader.LineReader.readLine_removed(org.apache.hadoop.io.Text, int, int)"/>
  <text>
    InsertCommentsHere
  </text>
</comment>
<comment>
  <identifier id="org.apache.hadoop.mapred.LineRecordReader.ctor_removed(java.io.InputStream, long, long)"/>
  <text>
    InsertCommentsHere
  </text>
</comment>
<comment>
  <identifier id="org.apache.hadoop.mapred.OutputCommitter"/>
  <text>
    InsertCommentsHere
  </text>
</comment>
<comment>
  <identifier id="org.apache.hadoop.mapred.OutputFormatBase"/>
  <text>
    InsertCommentsHere
  </text>
</comment>
<comment>
  <identifier id="org.apache.hadoop.mapred.Reporter"/>
  <text>
    InsertCommentsHere
  </text>
</comment>
<comment>
  <identifier id="org.apache.hadoop.mapred.Reporter.getCounter_added(java.lang.String, java.lang.String)"/>
  <text>
    InsertCommentsHere
  </text>
</comment>
<comment>
  <identifier id="org.apache.hadoop.mapred.RunningJob"/>
  <text>
    InsertCommentsHere
  </text>
</comment>
<comment>
  <identifier id="org.apache.hadoop.mapred.RunningJob.cleanupProgress_added()"/>
  <text>
    InsertCommentsHere
  </text>
</comment>
<comment>
  <identifier id="org.apache.hadoop.mapred.RunningJob.getJobState_added()"/>
  <text>
    InsertCommentsHere
  </text>
</comment>
<comment>
  <identifier id="org.apache.hadoop.mapred.RunningJob.setJobPriority_added(java.lang.String)"/>
  <text>
    InsertCommentsHere
  </text>
</comment>
<comment>
  <identifier id="org.apache.hadoop.mapred.RunningJob.setupProgress_added()"/>
  <text>
    InsertCommentsHere
  </text>
</comment>
<comment>
  <identifier id="org.apache.hadoop.mapred.SequenceFileAsBinaryOutputFormat"/>
  <text>
    InsertCommentsHere
  </text>
</comment>
<comment>
  <identifier id="org.apache.hadoop.mapred.SequenceFileAsBinaryOutputFormat.getSequenceFileOutputKeyClass_changed(org.apache.hadoop.mapred.JobConf)"/>
  <text>
    InsertCommentsHere
  </text>
</comment>
<comment>
  <identifier id="org.apache.hadoop.mapred.SequenceFileAsBinaryOutputFormat.getSequenceFileOutputValueClass_changed(org.apache.hadoop.mapred.JobConf)"/>
  <text>
    InsertCommentsHere
  </text>
</comment>
<comment>
  <identifier id="org.apache.hadoop.mapred.SequenceFileInputFormat"/>
  <text>
    InsertCommentsHere
  </text>
</comment>
<comment>
  <identifier id="org.apache.hadoop.mapred.SequenceFileInputFormat.listPaths_removed(org.apache.hadoop.mapred.JobConf)"/>
  <text>
    InsertCommentsHere
  </text>
</comment>
<comment>
  <identifier id="org.apache.hadoop.mapred.SequenceFileInputFormat.listStatus_added(org.apache.hadoop.mapred.JobConf)"/>
  <text>
    InsertCommentsHere
  </text>
</comment>
<comment>
  <identifier id="org.apache.hadoop.mapred.SkipBadRecords"/>
  <text>
    InsertCommentsHere
  </text>
</comment>
<comment>
  <identifier id="org.apache.hadoop.mapred.StatusHttpServer"/>
  <text>
    InsertCommentsHere
  </text>
</comment>
<comment>
  <identifier id="org.apache.hadoop.mapred.StatusHttpServer.StackServlet"/>
  <text>
    InsertCommentsHere
  </text>
</comment>
<comment>
  <identifier id="org.apache.hadoop.mapred.StatusHttpServer.ctor_removed(java.lang.String, java.lang.String, int, boolean)"/>
  <text>
    InsertCommentsHere
  </text>
</comment>
<comment>
  <identifier id="org.apache.hadoop.mapred.TaskAttemptContext"/>
  <text>
    InsertCommentsHere
  </text>
</comment>
<comment>
  <identifier id="org.apache.hadoop.mapred.TaskCompletionEvent"/>
  <text>
    InsertCommentsHere
  </text>
</comment>
<comment>
  <identifier id="org.apache.hadoop.mapred.TaskCompletionEvent.Status"/>
  <text>
    InsertCommentsHere
  </text>
</comment>
<comment>
  <identifier id="org.apache.hadoop.mapred.TaskCompletionEvent.Status.values_changed()"/>
  <text>
    InsertCommentsHere
  </text>
</comment>
<comment>
  <identifier id="org.apache.hadoop.mapred.TaskCompletionEvent.ctor_removed(int, java.lang.String, int, boolean, org.apache.hadoop.mapred.TaskCompletionEvent.Status, java.lang.String)"/>
  <text>
    InsertCommentsHere
  </text>
</comment>
<comment>
  <identifier id="org.apache.hadoop.mapred.TaskCompletionEvent.equals_added(java.lang.Object)"/>
  <text>
    InsertCommentsHere
  </text>
</comment>
<comment>
  <identifier id="org.apache.hadoop.mapred.TaskCompletionEvent.hashCode_added()"/>
  <text>
    InsertCommentsHere
  </text>
</comment>
<comment>
  <identifier id="org.apache.hadoop.mapred.TaskLog"/>
  <text>
    InsertCommentsHere
  </text>
</comment>
<comment>
  <identifier id="org.apache.hadoop.mapred.TaskLog.LogName"/>
  <text>
    InsertCommentsHere
  </text>
</comment>
<comment>
  <identifier id="org.apache.hadoop.mapred.TaskLog.LogName.values_changed()"/>
  <text>
    InsertCommentsHere
  </text>
</comment>
<comment>
  <identifier id="org.apache.hadoop.mapred.TaskLog.captureOutAndError_added(java.util.List&lt;java.lang.String&gt;, java.util.List&lt;java.lang.String&gt;, java.io.File, java.io.File, long, java.lang.String)"/>
  <text>
    InsertCommentsHere
  </text>
</comment>
<comment>
  <identifier id="org.apache.hadoop.mapred.TaskLog.getIndexFile_added(java.lang.String)"/>
  <text>
    InsertCommentsHere
  </text>
</comment>
<comment>
  <identifier id="org.apache.hadoop.mapred.TaskLog.getRealTaskLogFileLocation_added(org.apache.hadoop.mapred.TaskAttemptID, org.apache.hadoop.mapred.TaskLog.LogName)"/>
  <text>
    InsertCommentsHere
  </text>
</comment>
<comment>
  <identifier id="org.apache.hadoop.mapred.TaskLog.getTaskLogFile_removed(java.lang.String, org.apache.hadoop.mapred.TaskLog.LogName)"/>
  <text>
    InsertCommentsHere
  </text>
</comment>
<comment>
  <identifier id="org.apache.hadoop.mapred.TaskLog.syncLogs_added(org.apache.hadoop.mapred.TaskAttemptID, org.apache.hadoop.mapred.TaskAttemptID)"/>
  <text>
    InsertCommentsHere
  </text>
</comment>
<comment>
  <identifier id="org.apache.hadoop.mapred.TaskLogAppender"/>
  <text>
    InsertCommentsHere
  </text>
</comment>
<comment>
  <identifier id="org.apache.hadoop.mapred.TaskLogAppender.flush_added()"/>
  <text>
    InsertCommentsHere
  </text>
</comment>
<comment>
  <identifier id="org.apache.hadoop.mapred.TaskLogServlet"/>
  <text>
    InsertCommentsHere
  </text>
</comment>
<comment>
  <identifier id="org.apache.hadoop.mapred.TaskLogServlet.getTaskLogUrl_added(java.lang.String, java.lang.String, java.lang.String)"/>
  <text>
    InsertCommentsHere
  </text>
</comment>
<comment>
  <identifier id="org.apache.hadoop.mapred.TaskReport"/>
  <text>
    InsertCommentsHere
  </text>
</comment>
<comment>
  <identifier id="org.apache.hadoop.mapred.TaskReport.equals_added(java.lang.Object)"/>
  <text>
    InsertCommentsHere
  </text>
</comment>
<comment>
  <identifier id="org.apache.hadoop.mapred.TaskReport.hashCode_added()"/>
  <text>
    InsertCommentsHere
  </text>
</comment>
<comment>
  <identifier id="org.apache.hadoop.mapred.TaskTracker"/>
  <text>
    InsertCommentsHere
  </text>
</comment>
<comment>
  <identifier id="org.apache.hadoop.mapred.TaskTracker.Child"/>
  <text>
    InsertCommentsHere
  </text>
</comment>
<comment>
  <identifier id="org.apache.hadoop.mapred.TaskTracker.ClientTraceLog"/>
  <text>
    InsertCommentsHere
  </text>
</comment>
<comment>
  <identifier id="org.apache.hadoop.mapred.TaskTracker.MR_CLIENTTRACE_FORMAT"/>
  <text>
    InsertCommentsHere
  </text>
</comment>
<comment>
  <identifier id="org.apache.hadoop.mapred.TaskTracker.TaskTrackerMetrics"/>
  <text>
    InsertCommentsHere
  </text>
</comment>
<comment>
  <identifier id="org.apache.hadoop.mapred.TaskTracker.canCommit_added(org.apache.hadoop.mapred.TaskAttemptID)"/>
  <text>
    InsertCommentsHere
  </text>
</comment>
<comment>
  <identifier id="org.apache.hadoop.mapred.TaskTracker.commitPending_added(org.apache.hadoop.mapred.TaskAttemptID, org.apache.hadoop.mapred.TaskStatus)"/>
  <text>
    InsertCommentsHere
  </text>
</comment>
<comment>
  <identifier id="org.apache.hadoop.mapred.TaskTracker.done_added(org.apache.hadoop.mapred.TaskAttemptID)"/>
  <text>
    InsertCommentsHere
  </text>
</comment>
<comment>
  <identifier id="org.apache.hadoop.mapred.TaskTracker.done_removed(java.lang.String, boolean)"/>
  <text>
    InsertCommentsHere
  </text>
</comment>
<comment>
  <identifier id="org.apache.hadoop.mapred.TaskTracker.done_removed(org.apache.hadoop.mapred.TaskAttemptID, boolean)"/>
  <text>
    InsertCommentsHere
  </text>
</comment>
<comment>
  <identifier id="org.apache.hadoop.mapred.TaskTracker.fsError_removed(java.lang.String, java.lang.String)"/>
  <text>
    InsertCommentsHere
  </text>
</comment>
<comment>
  <identifier id="org.apache.hadoop.mapred.TaskTracker.getInstrumentationClass_added(org.apache.hadoop.conf.Configuration)"/>
  <text>
    InsertCommentsHere
  </text>
</comment>
<comment>
  <identifier id="org.apache.hadoop.mapred.TaskTracker.getJvmManagerInstance_added()"/>
  <text>
    InsertCommentsHere
  </text>
</comment>
<comment>
  <identifier id="org.apache.hadoop.mapred.TaskTracker.getMapCompletionEvents_added(org.apache.hadoop.mapred.JobID, int, int, org.apache.hadoop.mapred.TaskAttemptID)"/>
  <text>
    InsertCommentsHere
  </text>
</comment>
<comment>
  <identifier id="org.apache.hadoop.mapred.TaskTracker.getMapCompletionEvents_removed(java.lang.String, int, int)"/>
  <text>
    InsertCommentsHere
  </text>
</comment>
<comment>
  <identifier id="org.apache.hadoop.mapred.TaskTracker.getMapCompletionEvents_removed(org.apache.hadoop.mapred.JobID, int, int)"/>
  <text>
    InsertCommentsHere
  </text>
</comment>
<comment>
  <identifier id="org.apache.hadoop.mapred.TaskTracker.getTaskMemoryManager_added()"/>
  <text>
    InsertCommentsHere
  </text>
</comment>
<comment>
  <identifier id="org.apache.hadoop.mapred.TaskTracker.getTaskTrackerInstrumentation_added()"/>
  <text>
    InsertCommentsHere
  </text>
</comment>
<comment>
  <identifier id="org.apache.hadoop.mapred.TaskTracker.getTaskTrackerMetrics_removed()"/>
  <text>
    InsertCommentsHere
  </text>
</comment>
<comment>
  <identifier id="org.apache.hadoop.mapred.TaskTracker.getTask_added(org.apache.hadoop.mapred.JVMId)"/>
  <text>
    InsertCommentsHere
  </text>
</comment>
<comment>
  <identifier id="org.apache.hadoop.mapred.TaskTracker.getTask_removed(java.lang.String)"/>
  <text>
    InsertCommentsHere
  </text>
</comment>
<comment>
  <identifier id="org.apache.hadoop.mapred.TaskTracker.getTask_removed(org.apache.hadoop.mapred.TaskAttemptID)"/>
  <text>
    InsertCommentsHere
  </text>
</comment>
<comment>
  <identifier id="org.apache.hadoop.mapred.TaskTracker.isTaskMemoryManagerEnabled_added()"/>
  <text>
    InsertCommentsHere
  </text>
</comment>
<comment>
  <identifier id="org.apache.hadoop.mapred.TaskTracker.mapOutputLost_removed(java.lang.String, java.lang.String)"/>
  <text>
    InsertCommentsHere
  </text>
</comment>
<comment>
  <identifier id="org.apache.hadoop.mapred.TaskTracker.ping_removed(java.lang.String)"/>
  <text>
    InsertCommentsHere
  </text>
</comment>
<comment>
  <identifier id="org.apache.hadoop.mapred.TaskTracker.reportDiagnosticInfo_removed(java.lang.String, java.lang.String)"/>
  <text>
    InsertCommentsHere
  </text>
</comment>
<comment>
  <identifier id="org.apache.hadoop.mapred.TaskTracker.reportNextRecordRange_added(org.apache.hadoop.mapred.TaskAttemptID, org.apache.hadoop.mapred.SortedRanges.Range)"/>
  <text>
    InsertCommentsHere
  </text>
</comment>
<comment>
  <identifier id="org.apache.hadoop.mapred.TaskTracker.setInstrumentationClass_added(org.apache.hadoop.conf.Configuration, java.lang.Class&lt;? extends org.apache.hadoop.mapred.TaskTrackerInstrumentation&gt;)"/>
  <text>
    InsertCommentsHere
  </text>
</comment>
<comment>
  <identifier id="org.apache.hadoop.mapred.TaskTracker.shuffleError_removed(java.lang.String, java.lang.String)"/>
  <text>
    InsertCommentsHere
  </text>
</comment>
<comment>
  <identifier id="org.apache.hadoop.mapred.TaskTracker.statusUpdate_removed(java.lang.String, org.apache.hadoop.mapred.TaskStatus)"/>
  <text>
    InsertCommentsHere
  </text>
</comment>
<comment>
  <identifier id="org.apache.hadoop.mapred.TextOutputFormat.LineRecordWriter"/>
  <text>
    InsertCommentsHere
  </text>
</comment>
<comment>
  <identifier id="org.apache.hadoop.mapred.TextOutputFormat.LineRecordWriter.out"/>
  <text>
    InsertCommentsHere
  </text>
</comment>
<comment>
  <identifier id="org.apache.hadoop.mapred.jobcontrol"/>
  <text>
    InsertCommentsHere
  </text>
</comment>
<comment>
  <identifier id="org.apache.hadoop.mapred.jobcontrol.Job"/>
  <text>
    InsertCommentsHere
  </text>
</comment>
<comment>
  <identifier id="org.apache.hadoop.mapred.jobcontrol.Job.getJobClient_added()"/>
  <text>
    InsertCommentsHere
  </text>
</comment>
<comment>
  <identifier id="org.apache.hadoop.mapred.join"/>
  <text>
    InsertCommentsHere
  </text>
</comment>
<comment>
  <identifier id="org.apache.hadoop.mapred.join.ArrayListBackedIterator"/>
  <text>
    InsertCommentsHere
  </text>
</comment>
<comment>
  <identifier id="org.apache.hadoop.mapred.join.ArrayListBackedIterator.replay_changed(X extends org.apache.hadoop.io.Writable)"/>
  <text>
    InsertCommentsHere
  </text>
</comment>
<comment>
  <identifier id="org.apache.hadoop.mapred.join.CompositeInputFormat"/>
  <text>
    InsertCommentsHere
  </text>
</comment>
<comment>
  <identifier id="org.apache.hadoop.mapred.join.CompositeInputFormat.validateInput_removed(org.apache.hadoop.mapred.JobConf)"/>
  <text>
    InsertCommentsHere
  </text>
</comment>
<comment>
  <identifier id="org.apache.hadoop.mapred.join.JoinRecordReader.JoinDelegationIterator"/>
  <text>
    InsertCommentsHere
  </text>
</comment>
<comment>
  <identifier id="org.apache.hadoop.mapred.join.JoinRecordReader.JoinDelegationIterator.replay_changed(org.apache.hadoop.mapred.join.TupleWritable)"/>
  <text>
    InsertCommentsHere
  </text>
</comment>
<comment>
  <identifier id="org.apache.hadoop.mapred.join.MultiFilterRecordReader.MultiFilterDelegationIterator"/>
  <text>
    InsertCommentsHere
  </text>
</comment>
<comment>
  <identifier id="org.apache.hadoop.mapred.join.MultiFilterRecordReader.MultiFilterDelegationIterator.replay_changed(V extends org.apache.hadoop.io.Writable)"/>
  <text>
    InsertCommentsHere
  </text>
</comment>
<comment>
  <identifier id="org.apache.hadoop.mapred.join.Parser.TType"/>
  <text>
    InsertCommentsHere
  </text>
</comment>
<comment>
  <identifier id="org.apache.hadoop.mapred.join.Parser.TType.values_changed()"/>
  <text>
    InsertCommentsHere
  </text>
</comment>
<comment>
  <identifier id="org.apache.hadoop.mapred.join.ResetableIterator"/>
  <text>
    InsertCommentsHere
  </text>
</comment>
<comment>
  <identifier id="org.apache.hadoop.mapred.join.ResetableIterator.EMPTY"/>
  <text>
    InsertCommentsHere
  </text>
</comment>
<comment>
  <identifier id="org.apache.hadoop.mapred.join.ResetableIterator.EMPTY.replay_changed(U extends org.apache.hadoop.io.Writable)"/>
  <text>
    InsertCommentsHere
  </text>
</comment>
<comment>
  <identifier id="org.apache.hadoop.mapred.join.ResetableIterator.replay_changed(T extends org.apache.hadoop.io.Writable)"/>
  <text>
    InsertCommentsHere
  </text>
</comment>
<comment>
  <identifier id="org.apache.hadoop.mapred.join.StreamBackedIterator"/>
  <text>
    InsertCommentsHere
  </text>
</comment>
<comment>
  <identifier id="org.apache.hadoop.mapred.join.StreamBackedIterator.replay_changed(X extends org.apache.hadoop.io.Writable)"/>
  <text>
    InsertCommentsHere
  </text>
</comment>
<comment>
  <identifier id="org.apache.hadoop.mapred.lib"/>
  <text>
    InsertCommentsHere
  </text>
</comment>
<comment>
  <identifier id="org.apache.hadoop.mapred.lib.ChainMapper"/>
  <text>
    InsertCommentsHere
  </text>
</comment>
<comment>
  <identifier id="org.apache.hadoop.mapred.lib.ChainReducer"/>
  <text>
    InsertCommentsHere
  </text>
</comment>
<comment>
  <identifier id="org.apache.hadoop.mapred.lib.DelegatingInputFormat"/>
  <text>
    InsertCommentsHere
  </text>
</comment>
<comment>
  <identifier id="org.apache.hadoop.mapred.lib.DelegatingMapper"/>
  <text>
    InsertCommentsHere
  </text>
</comment>
<comment>
  <identifier id="org.apache.hadoop.mapred.lib.InputSampler"/>
  <text>
    InsertCommentsHere
  </text>
</comment>
<comment>
  <identifier id="org.apache.hadoop.mapred.lib.InputSampler.IntervalSampler"/>
  <text>
    InsertCommentsHere
  </text>
</comment>
<comment>
  <identifier id="org.apache.hadoop.mapred.lib.InputSampler.RandomSampler"/>
  <text>
    InsertCommentsHere
  </text>
</comment>
<comment>
  <identifier id="org.apache.hadoop.mapred.lib.InputSampler.Sampler"/>
  <text>
    InsertCommentsHere
  </text>
</comment>
<comment>
  <identifier id="org.apache.hadoop.mapred.lib.InputSampler.SplitSampler"/>
  <text>
    InsertCommentsHere
  </text>
</comment>
<comment>
  <identifier id="org.apache.hadoop.mapred.lib.KeyFieldBasedComparator"/>
  <text>
    InsertCommentsHere
  </text>
</comment>
<comment>
  <identifier id="org.apache.hadoop.mapred.lib.KeyFieldBasedPartitioner"/>
  <text>
    InsertCommentsHere
  </text>
</comment>
<comment>
  <identifier id="org.apache.hadoop.mapred.lib.KeyFieldBasedPartitioner.hashCode_added(byte[], int, int, int)"/>
  <text>
    InsertCommentsHere
  </text>
</comment>
<comment>
  <identifier id="org.apache.hadoop.mapred.lib.MultipleInputs"/>
  <text>
    InsertCommentsHere
  </text>
</comment>
<comment>
  <identifier id="org.apache.hadoop.mapred.lib.MultipleOutputs"/>
  <text>
    InsertCommentsHere
  </text>
</comment>
<comment>
  <identifier id="org.apache.hadoop.mapred.lib.TotalOrderPartitioner"/>
  <text>
    InsertCommentsHere
  </text>
</comment>
<comment>
  <identifier id="org.apache.hadoop.mapred.lib.db"/>
  <text>
    InsertCommentsHere
  </text>
</comment>
<comment>
  <identifier id="org.apache.hadoop.mapred.pipes"/>
  <text>
    InsertCommentsHere
  </text>
</comment>
<comment>
  <identifier id="org.apache.hadoop.mapred.pipes.Submitter"/>
  <text>
    InsertCommentsHere
  </text>
</comment>
<comment>
  <identifier id="org.apache.hadoop.mapred.pipes.Submitter.LOG"/>
  <text>
    InsertCommentsHere
  </text>
</comment>
<comment>
  <identifier id="org.apache.hadoop.mapred.pipes.Submitter.ctor_added(org.apache.hadoop.conf.Configuration)"/>
  <text>
    InsertCommentsHere
  </text>
</comment>
<comment>
  <identifier id="org.apache.hadoop.mapred.pipes.Submitter.jobSubmit_added(org.apache.hadoop.mapred.JobConf)"/>
  <text>
    InsertCommentsHere
  </text>
</comment>
<comment>
  <identifier id="org.apache.hadoop.mapred.pipes.Submitter.runJob_added(org.apache.hadoop.mapred.JobConf)"/>
  <text>
    InsertCommentsHere
  </text>
</comment>
<comment>
  <identifier id="org.apache.hadoop.mapred.pipes.Submitter.run_added(java.lang.String[])"/>
  <text>
    InsertCommentsHere
  </text>
</comment>
<comment>
  <identifier id="org.apache.hadoop.mapred.pipes.Submitter.submitJob_changed(org.apache.hadoop.mapred.JobConf)"/>
  <text>
    InsertCommentsHere
  </text>
</comment>
<comment>
  <identifier id="org.apache.hadoop.net"/>
  <text>
    InsertCommentsHere
  </text>
</comment>
<comment>
  <identifier id="org.apache.hadoop.net.CachedDNSToSwitchMapping"/>
  <text>
    InsertCommentsHere
  </text>
</comment>
<comment>
  <identifier id="org.apache.hadoop.net.CachedDNSToSwitchMapping.resolve_changed(java.util.List&lt;java.lang.String&gt;)"/>
  <text>
    InsertCommentsHere
  </text>
</comment>
<comment>
  <identifier id="org.apache.hadoop.net.NetUtils"/>
  <text>
    InsertCommentsHere
  </text>
</comment>
<comment>
  <identifier id="org.apache.hadoop.net.NetUtils.normalizeHostName_added(java.lang.String)"/>
  <text>
    InsertCommentsHere
  </text>
</comment>
<comment>
  <identifier id="org.apache.hadoop.net.NetUtils.normalizeHostNames_added(java.util.Collection&lt;java.lang.String&gt;)"/>
  <text>
    InsertCommentsHere
  </text>
</comment>
<comment>
  <identifier id="org.apache.hadoop.net.NetworkTopology"/>
  <text>
    InsertCommentsHere
  </text>
</comment>
<comment>
  <identifier id="org.apache.hadoop.net.NetworkTopology.UNRESOLVED"/>
  <text>
    InsertCommentsHere
  </text>
</comment>
<comment>
  <identifier id="org.apache.hadoop.net.ScriptBasedMapping"/>
  <text>
    InsertCommentsHere
  </text>
</comment>
<comment>
  <identifier id="org.apache.hadoop.net.ScriptBasedMapping.ctor_added(org.apache.hadoop.conf.Configuration)"/>
  <text>
    InsertCommentsHere
  </text>
</comment>
<comment>
  <identifier id="org.apache.hadoop.record"/>
  <text>
    InsertCommentsHere
  </text>
</comment>
<comment>
  <identifier id="org.apache.hadoop.record.RecordComparator"/>
  <text>
    InsertCommentsHere
  </text>
</comment>
<comment>
  <identifier id="org.apache.hadoop.record.RecordComparator.ctor_changed(java.lang.Class&lt;? extends org.apache.hadoop.io.WritableComparable&gt;)"/>
  <text>
    InsertCommentsHere
  </text>
</comment>
<comment>
  <identifier id="org.apache.hadoop.security"/>
  <text>
    InsertCommentsHere
  </text>
</comment>
<comment>
  <identifier id="org.apache.hadoop.security.AccessControlException"/>
  <text>
    InsertCommentsHere
  </text>
</comment>
<comment>
  <identifier id="org.apache.hadoop.tools"/>
  <text>
    InsertCommentsHere
  </text>
</comment>
<comment>
  <identifier id="org.apache.hadoop.tools.DistCp"/>
  <text>
    InsertCommentsHere
  </text>
</comment>
<comment>
  <identifier id="org.apache.hadoop.tools.DistCp.LOG"/>
  <text>
    InsertCommentsHere
  </text>
</comment>
<comment>
  <identifier id="org.apache.hadoop.tools.DistCp.run_changed(java.lang.String[])"/>
  <text>
    InsertCommentsHere
  </text>
</comment>
<comment>
  <identifier id="org.apache.hadoop.util"/>
  <text>
    InsertCommentsHere
  </text>
</comment>
<comment>
  <identifier id="org.apache.hadoop.util.DataChecksum"/>
  <text>
    InsertCommentsHere
  </text>
</comment>
<comment>
  <identifier id="org.apache.hadoop.util.GenericOptionsParser"/>
  <text>
    InsertCommentsHere
  </text>
</comment>
<comment>
  <identifier id="org.apache.hadoop.util.GenericOptionsParser.getLibJars_added(org.apache.hadoop.conf.Configuration)"/>
  <text>
    InsertCommentsHere
  </text>
</comment>
<comment>
  <identifier id="org.apache.hadoop.util.HostsFileReader"/>
  <text>
    InsertCommentsHere
  </text>
</comment>
<comment>
  <identifier id="org.apache.hadoop.util.HostsFileReader.setExcludesFile_added(java.lang.String)"/>
  <text>
    InsertCommentsHere
  </text>
</comment>
<comment>
  <identifier id="org.apache.hadoop.util.HostsFileReader.setIncludesFile_added(java.lang.String)"/>
  <text>
    InsertCommentsHere
  </text>
</comment>
<comment>
  <identifier id="org.apache.hadoop.util.HostsFileReader.updateFileNames_added(java.lang.String, java.lang.String)"/>
  <text>
    InsertCommentsHere
  </text>
</comment>
<comment>
  <identifier id="org.apache.hadoop.util.LineReader"/>
  <text>
    InsertCommentsHere
  </text>
</comment>
<comment>
  <identifier id="org.apache.hadoop.util.LineReader.close_changed()"/>
  <text>
    InsertCommentsHere
  </text>
</comment>
<comment>
  <identifier id="org.apache.hadoop.util.NativeCodeLoader"/>
  <text>
    InsertCommentsHere
  </text>
</comment>
<comment>
  <identifier id="org.apache.hadoop.util.NativeCodeLoader.getLoadNativeLibraries_changed(org.apache.hadoop.conf.Configuration)"/>
  <text>
    InsertCommentsHere
  </text>
</comment>
<comment>
  <identifier id="org.apache.hadoop.util.NativeCodeLoader.setLoadNativeLibraries_changed(org.apache.hadoop.conf.Configuration, boolean)"/>
  <text>
    InsertCommentsHere
  </text>
</comment>
<comment>
  <identifier id="org.apache.hadoop.util.PriorityQueue"/>
  <text>
    InsertCommentsHere
  </text>
</comment>
<comment>
  <identifier id="org.apache.hadoop.util.PriorityQueue.insert_changed(T)"/>
  <text>
    InsertCommentsHere
  </text>
</comment>
<comment>
  <identifier id="org.apache.hadoop.util.PriorityQueue.pop_changed()"/>
  <text>
    InsertCommentsHere
  </text>
</comment>
<comment>
  <identifier id="org.apache.hadoop.util.PriorityQueue.put_changed(T)"/>
  <text>
    InsertCommentsHere
  </text>
</comment>
<comment>
  <identifier id="org.apache.hadoop.util.PriorityQueue.top_changed()"/>
  <text>
    InsertCommentsHere
  </text>
</comment>
<comment>
  <identifier id="org.apache.hadoop.util.ProcfsBasedProcessTree"/>
  <text>
    InsertCommentsHere
  </text>
</comment>
<comment>
  <identifier id="org.apache.hadoop.util.ReflectionUtils"/>
  <text>
    InsertCommentsHere
  </text>
</comment>
<comment>
  <identifier id="org.apache.hadoop.util.ReflectionUtils.newInstance_changed(java.lang.Class&lt;T&gt;, org.apache.hadoop.conf.Configuration)"/>
  <text>
    InsertCommentsHere
  </text>
</comment>
<comment>
  <identifier id="org.apache.hadoop.util.ServletUtil"/>
  <text>
    InsertCommentsHere
  </text>
</comment>
<comment>
  <identifier id="org.apache.hadoop.util.ServletUtil.percentageGraph_added(float, int)"/>
  <text>
    InsertCommentsHere
  </text>
</comment>
<comment>
  <identifier id="org.apache.hadoop.util.ServletUtil.percentageGraph_added(int, int)"/>
  <text>
    InsertCommentsHere
  </text>
</comment>
<comment>
  <identifier id="org.apache.hadoop.util.Shell"/>
  <text>
    InsertCommentsHere
  </text>
</comment>
<comment>
  <identifier id="org.apache.hadoop.util.Shell.ShellCommandExecutor"/>
  <text>
    InsertCommentsHere
  </text>
</comment>
<comment>
  <identifier id="org.apache.hadoop.util.Shell.ShellCommandExecutor.toString_added()"/>
  <text>
    InsertCommentsHere
  </text>
</comment>
<comment>
  <identifier id="org.apache.hadoop.util.Shell.getUlimitMemoryCommand_changed(org.apache.hadoop.conf.Configuration)"/>
  <text>
    InsertCommentsHere
  </text>
</comment>
<comment>
  <identifier id="org.apache.hadoop.util.StringUtils"/>
  <text>
    InsertCommentsHere
  </text>
</comment>
<comment>
  <identifier id="org.apache.hadoop.util.StringUtils.TraditionalBinaryPrefix"/>
  <text>
    InsertCommentsHere
  </text>
</comment>
<comment>
  <identifier id="org.apache.hadoop.util.StringUtils.byteToHexString_added(byte[], int, int)"/>
  <text>
    InsertCommentsHere
  </text>
</comment>
<comment>
  <identifier id="org.apache.hadoop.util.StringUtils.escapeHTML_added(java.lang.String)"/>
  <text>
    InsertCommentsHere
  </text>
</comment>
<comment>
  <identifier id="org.apache.hadoop.util.StringUtils.escapeString_added(java.lang.String, char, char[])"/>
  <text>
    InsertCommentsHere
  </text>
</comment>
<comment>
  <identifier id="org.apache.hadoop.util.StringUtils.findNext_added(java.lang.String, char, char, int, java.lang.StringBuilder)"/>
  <text>
    InsertCommentsHere
  </text>
</comment>
<comment>
  <identifier id="org.apache.hadoop.util.StringUtils.formatTime_added(long)"/>
  <text>
    InsertCommentsHere
  </text>
</comment>
<comment>
  <identifier id="org.apache.hadoop.util.StringUtils.startupShutdownMessage_changed(java.lang.Class&lt;?&gt;, java.lang.String[], org.apache.commons.logging.Log)"/>
  <text>
    InsertCommentsHere
  </text>
</comment>
<comment>
  <identifier id="org.apache.hadoop.util.StringUtils.unEscapeString_added(java.lang.String, char, char[])"/>
  <text>
    InsertCommentsHere
  </text>
</comment>
<comment>
  <identifier id="org.apache.hadoop.util.UTF8ByteArrayUtils"/>
  <text>
    InsertCommentsHere
  </text>
</comment>

</comments>
