{
    "all-groups": {
        "group0": [
            "org.apache.hadoop.mapred.jobcontrol.Job", 
            "org.apache.hadoop.mapred.jobcontrol.JobControl"
        ], 
        "group1": [
            "org.apache.hadoop.net.CachedDNSToSwitchMapping", 
            "org.apache.hadoop.net.DNSToSwitchMapping"
        ], 
        "group2": [
            "org.apache.hadoop.mapred.MultiFileInputFormat", 
            "org.apache.hadoop.mapred.MultiFileSplit"
        ], 
        "group3": [
            "org.apache.hadoop.hdfs.server.common.UpgradeObjectCollection", 
            "org.apache.hadoop.hdfs.server.common.UpgradeObject"
        ], 
        "group4": [
            "org.apache.hadoop.mapred.JobTracker", 
            "org.apache.hadoop.mapred.TaskTrackerAction", 
            "org.apache.hadoop.mapred.ReinitTrackerAction"
        ], 
        "group5": [
            "org.apache.hadoop.hdfs.server.datanode.metrics.DataNodeMetrics", 
            "org.apache.hadoop.hdfs.server.datanode.metrics.DataNodeStatistics"
        ], 
        "group6": [
            "org.apache.hadoop.mapred.InputSplit", 
            "org.apache.hadoop.mapred.join.CompositeInputSplit"
        ], 
        "group7": [
            "org.apache.hadoop.mapred.DefaultJobHistoryParser", 
            "org.apache.hadoop.mapred.JobHistory", 
            "org.apache.hadoop.mapred.HistoryViewer"
        ], 
        "group8": [
            "org.apache.hadoop.mapred.IndexCache", 
            "org.apache.hadoop.mapred.IndexRecord"
        ], 
        "group9": [
            "org.apache.hadoop.fs.s3.FileSystemStore", 
            "org.apache.hadoop.fs.s3native.Jets3tNativeFileSystemStore"
        ], 
        "group10": [
            "org.apache.hadoop.mapred.lib.db.DBWritable", 
            "org.apache.hadoop.mapred.lib.db.DBOutputFormat"
        ], 
        "group11": [
            "org.apache.hadoop.io.retry.RetryPolicies", 
            "org.apache.hadoop.io.retry.RetryPolicy"
        ], 
        "group12": [
            "org.apache.hadoop.record.compiler.CGenerator", 
            "org.apache.hadoop.record.compiler.CppGenerator"
        ], 
        "group13": [
            "org.apache.hadoop.mapred.lib.MultithreadedMapRunner", 
            "org.apache.hadoop.mapred.MapRunner"
        ], 
        "group14": [
            "org.apache.hadoop.hdfs.server.common.UpgradeManager", 
            "org.apache.hadoop.hdfs.server.datanode.UpgradeManagerDatanode"
        ], 
        "group15": [
            "org.apache.hadoop.ipc.metrics.RpcMetrics", 
            "org.apache.hadoop.ipc.metrics.RpcMgt"
        ], 
        "group16": [
            "org.apache.hadoop.util.LineReader", 
            "org.apache.hadoop.mapred.LineRecordReader", 
            "org.apache.hadoop.mapred.lib.NLineInputFormat"
        ], 
        "group17": [
            "org.apache.hadoop.fs.kfs.KFSImpl", 
            "org.apache.hadoop.fs.kfs.KFSInputStream"
        ], 
        "group18": [
            "org.apache.hadoop.fs.BufferedFSInputStream", 
            "org.apache.hadoop.fs.FSDataInputStream"
        ], 
        "group19": [
            "org.apache.hadoop.fs.ftp.FTPFileSystem", 
            "org.apache.hadoop.fs.ftp.FTPException", 
            "org.apache.hadoop.fs.ftp.FTPInputStream"
        ], 
        "group20": [
            "org.apache.hadoop.mapred.join.ComposableRecordReader", 
            "org.apache.hadoop.mapred.join.CompositeRecordReader", 
            "org.apache.hadoop.mapred.join.OverrideRecordReader"
        ], 
        "group21": [
            "org.apache.hadoop.fs.MD5MD5CRC32FileChecksum", 
            "org.apache.hadoop.io.MD5Hash"
        ], 
        "group22": [
            "org.apache.hadoop.hdfs.server.namenode.GetImageServlet", 
            "org.apache.hadoop.hdfs.server.namenode.TransferFsImage"
        ], 
        "group23": [
            "org.apache.hadoop.record.RecordInput", 
            "org.apache.hadoop.record.CsvRecordInput"
        ], 
        "group24": [
            "org.apache.hadoop.hdfs.server.namenode.FSEditLog", 
            "org.apache.hadoop.hdfs.server.namenode.EditLogOutputStream", 
            "org.apache.hadoop.hdfs.server.namenode.EditLogInputStream"
        ], 
        "group25": [
            "org.apache.hadoop.io.compress.zlib.ZlibFactory", 
            "org.apache.hadoop.io.compress.zlib.BuiltInZlibInflater"
        ], 
        "group26": [
            "org.apache.hadoop.util.IndexedSortable", 
            "org.apache.hadoop.util.IndexedSorter"
        ], 
        "group27": [
            "org.apache.hadoop.mapred.TaskRunner", 
            "org.apache.hadoop.mapred.MapTaskRunner"
        ], 
        "group28": [
            "org.apache.hadoop.security.AccessControlException", 
            "org.apache.hadoop.fs.permission.AccessControlException"
        ], 
        "group29": [
            "org.apache.hadoop.record.meta.TypeID", 
            "org.apache.hadoop.record.meta.MapTypeID"
        ], 
        "group30": [
            "org.apache.hadoop.mapred.JobQueueTaskScheduler", 
            "org.apache.hadoop.mapred.TaskScheduler", 
            "org.apache.hadoop.mapred.LimitTasksPerJobTaskScheduler"
        ], 
        "group31": [
            "org.apache.hadoop.fs.s3native.NativeS3FileSystem", 
            "org.apache.hadoop.fs.s3native.NativeFileSystemStore"
        ], 
        "group32": [
            "org.apache.hadoop.mapred.JobStatusChangeEvent", 
            "org.apache.hadoop.mapred.JobChangeEvent"
        ], 
        "group33": [
            "org.apache.hadoop.io.compress.BlockDecompressorStream", 
            "org.apache.hadoop.io.compress.DecompressorStream"
        ], 
        "group34": [
            "org.apache.hadoop.metrics.MetricsRecord", 
            "org.apache.hadoop.metrics.MetricsUtil"
        ], 
        "group35": [
            "org.apache.hadoop.mapred.TaskCompletionEvent", 
            "org.apache.hadoop.mapred.MapTaskCompletionEventsUpdate"
        ], 
        "group36": [
            "org.apache.hadoop.io.compress.bzip2.CBZip2InputStream", 
            "org.apache.hadoop.io.compress.bzip2.CBZip2OutputStream"
        ], 
        "group37": [
            "org.apache.hadoop.mapred.lib.aggregate.LongValueMax", 
            "org.apache.hadoop.mapred.lib.aggregate.LongValueMin", 
            "org.apache.hadoop.mapred.lib.aggregate.StringValueMax", 
            "org.apache.hadoop.mapred.lib.aggregate.StringValueMin", 
            "org.apache.hadoop.mapred.lib.aggregate.ValueHistogram"
        ], 
        "group38": [
            "org.apache.hadoop.fs.FsUrlConnection", 
            "org.apache.hadoop.fs.FsUrlStreamHandler", 
            "org.apache.hadoop.fs.FsUrlStreamHandlerFactory"
        ], 
        "group39": [
            "org.apache.hadoop.io.retry.RetryProxy", 
            "org.apache.hadoop.io.retry.RetryInvocationHandler"
        ], 
        "group40": [
            "org.apache.hadoop.hdfs.server.common.Storage", 
            "org.apache.hadoop.hdfs.server.datanode.DataStorage"
        ], 
        "group41": [
            "org.apache.hadoop.record.compiler.ant.RccTask", 
            "org.apache.hadoop.record.compiler.generated.Rcc", 
            "org.apache.hadoop.record.compiler.generated.RccConstants"
        ], 
        "group42": [
            "org.apache.hadoop.hdfs.protocol.UnregisteredDatanodeException", 
            "org.apache.hadoop.hdfs.server.protocol.DisallowedDatanodeException"
        ], 
        "group43": [
            "org.apache.hadoop.io.compress.lzo.LzoCompressor", 
            "org.apache.hadoop.io.compress.lzo.LzoDecompressor", 
            "org.apache.hadoop.io.compress.LzoCodec"
        ], 
        "group44": [
            "org.apache.hadoop.io.serializer.Serialization", 
            "org.apache.hadoop.io.serializer.SerializationFactory", 
            "org.apache.hadoop.io.serializer.WritableSerialization"
        ], 
        "group45": [
            "org.apache.hadoop.mapred.TaskLog", 
            "org.apache.hadoop.mapred.TaskLogServlet", 
            "org.apache.hadoop.mapred.TaskLogAppender"
        ], 
        "group46": [
            "org.apache.hadoop.mapred.lib.aggregate.DoubleValueSum", 
            "org.apache.hadoop.mapred.lib.aggregate.LongValueSum"
        ], 
        "group47": [
            "org.apache.hadoop.hdfs.protocol.QuotaExceededException", 
            "org.apache.hadoop.hdfs.server.namenode.INodeDirectoryWithQuota"
        ], 
        "group48": [
            "org.apache.hadoop.mapred.join.InnerJoinRecordReader", 
            "org.apache.hadoop.mapred.join.JoinRecordReader", 
            "org.apache.hadoop.mapred.join.OuterJoinRecordReader"
        ], 
        "group49": [
            "org.apache.hadoop.io.DefaultStringifier", 
            "org.apache.hadoop.io.Stringifier"
        ], 
        "group50": [
            "org.apache.hadoop.mapred.lib.aggregate.ValueAggregatorCombiner", 
            "org.apache.hadoop.mapred.lib.aggregate.ValueAggregatorMapper", 
            "org.apache.hadoop.mapred.lib.aggregate.ValueAggregatorReducer"
        ], 
        "group51": [
            "org.apache.hadoop.mapred.JVMId", 
            "org.apache.hadoop.mapred.JvmManager"
        ], 
        "group52": [
            "org.apache.hadoop.io.WritableComparator", 
            "org.apache.hadoop.record.RecordComparator"
        ], 
        "group53": [
            "org.apache.hadoop.mapred.TaskStatus", 
            "org.apache.hadoop.mapred.MapTaskStatus"
        ], 
        "group54": [
            "org.apache.hadoop.hdfs.server.namenode.FsckServlet", 
            "org.apache.hadoop.hdfs.server.namenode.NamenodeFsck"
        ], 
        "group55": [
            "org.apache.hadoop.util.HeapSort", 
            "org.apache.hadoop.util.QuickSort"
        ], 
        "group56": [
            "org.apache.hadoop.util.Tool", 
            "org.apache.hadoop.util.ToolRunner"
        ], 
        "group57": [
            "org.apache.hadoop.fs.LocalFileSystem", 
            "org.apache.hadoop.fs.LocalDirAllocator"
        ], 
        "group58": [
            "org.apache.hadoop.io.compress.BlockCompressorStream", 
            "org.apache.hadoop.io.compress.CompressorStream"
        ], 
        "group59": [
            "org.apache.hadoop.mapred.lib.Chain", 
            "org.apache.hadoop.mapred.lib.ChainReducer"
        ], 
        "group60": [
            "org.apache.hadoop.mapred.lib.MultipleOutputFormat", 
            "org.apache.hadoop.mapred.lib.MultipleSequenceFileOutputFormat"
        ], 
        "group61": [
            "org.apache.hadoop.mapred.lib.aggregate.UserDefinedValueAggregatorDescriptor", 
            "org.apache.hadoop.mapred.lib.aggregate.ValueAggregatorDescriptor"
        ]
    }, 
    "groups-not-in-ground-truth": {
        "group0": [
            "org.apache.hadoop.mapred.jobcontrol.Job", 
            "org.apache.hadoop.mapred.jobcontrol.JobControl"
        ], 
        "group1": [
            "org.apache.hadoop.mapred.JobTracker", 
            "org.apache.hadoop.mapred.TaskTrackerAction", 
            "org.apache.hadoop.mapred.ReinitTrackerAction"
        ], 
        "group2": [
            "org.apache.hadoop.mapred.InputSplit", 
            "org.apache.hadoop.mapred.join.CompositeInputSplit"
        ], 
        "group3": [
            "org.apache.hadoop.hdfs.server.common.UpgradeManager", 
            "org.apache.hadoop.hdfs.server.datanode.UpgradeManagerDatanode"
        ], 
        "group4": [
            "org.apache.hadoop.util.LineReader", 
            "org.apache.hadoop.mapred.LineRecordReader", 
            "org.apache.hadoop.mapred.lib.NLineInputFormat"
        ], 
        "group5": [
            "org.apache.hadoop.fs.BufferedFSInputStream", 
            "org.apache.hadoop.fs.FSDataInputStream"
        ], 
        "group6": [
            "org.apache.hadoop.fs.MD5MD5CRC32FileChecksum", 
            "org.apache.hadoop.io.MD5Hash"
        ], 
        "group7": [
            "org.apache.hadoop.hdfs.server.namenode.GetImageServlet", 
            "org.apache.hadoop.hdfs.server.namenode.TransferFsImage"
        ], 
        "group8": [
            "org.apache.hadoop.hdfs.server.namenode.FSEditLog", 
            "org.apache.hadoop.hdfs.server.namenode.EditLogOutputStream", 
            "org.apache.hadoop.hdfs.server.namenode.EditLogInputStream"
        ], 
        "group9": [
            "org.apache.hadoop.util.IndexedSortable", 
            "org.apache.hadoop.util.IndexedSorter"
        ], 
        "group10": [
            "org.apache.hadoop.security.AccessControlException", 
            "org.apache.hadoop.fs.permission.AccessControlException"
        ], 
        "group11": [
            "org.apache.hadoop.mapred.TaskCompletionEvent", 
            "org.apache.hadoop.mapred.MapTaskCompletionEventsUpdate"
        ], 
        "group12": [
            "org.apache.hadoop.hdfs.protocol.UnregisteredDatanodeException", 
            "org.apache.hadoop.hdfs.server.protocol.DisallowedDatanodeException"
        ], 
        "group13": [
            "org.apache.hadoop.hdfs.protocol.QuotaExceededException", 
            "org.apache.hadoop.hdfs.server.namenode.INodeDirectoryWithQuota"
        ], 
        "group14": [
            "org.apache.hadoop.io.WritableComparator", 
            "org.apache.hadoop.record.RecordComparator"
        ]
    }, 
    "groups-in-gt-split-by-union": {
        "group0": [
            "org.apache.hadoop.hdfs.server.common.UpgradeObjectCollection", 
            "org.apache.hadoop.hdfs.server.common.UpgradeObject"
        ], 
        "group1": [
            "org.apache.hadoop.hdfs.server.datanode.metrics.DataNodeMetrics", 
            "org.apache.hadoop.hdfs.server.datanode.metrics.DataNodeStatistics"
        ], 
        "group2": [
            "org.apache.hadoop.fs.s3.FileSystemStore", 
            "org.apache.hadoop.fs.s3native.Jets3tNativeFileSystemStore"
        ], 
        "group3": [
            "org.apache.hadoop.mapred.join.ComposableRecordReader", 
            "org.apache.hadoop.mapred.join.CompositeRecordReader", 
            "org.apache.hadoop.mapred.join.OverrideRecordReader"
        ], 
        "group4": [
            "org.apache.hadoop.record.RecordInput", 
            "org.apache.hadoop.record.CsvRecordInput"
        ], 
        "group5": [
            "org.apache.hadoop.mapred.TaskRunner", 
            "org.apache.hadoop.mapred.MapTaskRunner"
        ], 
        "group6": [
            "org.apache.hadoop.metrics.MetricsRecord", 
            "org.apache.hadoop.metrics.MetricsUtil"
        ], 
        "group7": [
            "org.apache.hadoop.io.compress.bzip2.CBZip2InputStream", 
            "org.apache.hadoop.io.compress.bzip2.CBZip2OutputStream"
        ], 
        "group8": [
            "org.apache.hadoop.mapred.lib.aggregate.LongValueMax", 
            "org.apache.hadoop.mapred.lib.aggregate.LongValueMin", 
            "org.apache.hadoop.mapred.lib.aggregate.StringValueMax", 
            "org.apache.hadoop.mapred.lib.aggregate.StringValueMin", 
            "org.apache.hadoop.mapred.lib.aggregate.ValueHistogram"
        ], 
        "group9": [
            "org.apache.hadoop.hdfs.server.common.Storage", 
            "org.apache.hadoop.hdfs.server.datanode.DataStorage"
        ], 
        "group10": [
            "org.apache.hadoop.mapred.TaskLog", 
            "org.apache.hadoop.mapred.TaskLogServlet", 
            "org.apache.hadoop.mapred.TaskLogAppender"
        ], 
        "group11": [
            "org.apache.hadoop.mapred.lib.aggregate.DoubleValueSum", 
            "org.apache.hadoop.mapred.lib.aggregate.LongValueSum"
        ], 
        "group12": [
            "org.apache.hadoop.mapred.TaskStatus", 
            "org.apache.hadoop.mapred.MapTaskStatus"
        ], 
        "group13": [
            "org.apache.hadoop.fs.LocalFileSystem", 
            "org.apache.hadoop.fs.LocalDirAllocator"
        ]
    }
}
