ConflictingRequestException,BadRequestException,0.3693385470468015
CatalogController,CatalogItem,0.8373596431269518
CatalogController,CatalogItemsRepository,0.6345596893032822
CatalogController,RepositoryFactory,0.3282296963405584
CatalogController,Utility,0.5020966001679761
DealerController,RepositoryFactory,0.3282296963405584
DealerController,Utility,0.5020966001679761
OrderController,BadRequestException,0.3693385470468015
OrderController,ConflictingRequestException,0.3282296963405584
OrderController,Order,0.6754579327137378
OrderController,OrderEventInfo,0.4124350188980119
OrderController,OrderStatus,0.3282296963405584
OrderController,OrderUpdateInfo,0.3693385470468015
OrderController,Quote,0.3282296963405584
OrderController,OrderRepository,0.7493728625819682
OrderController,QuoteRepository,0.3693385470468015
OrderController,RepositoryFactory,0.3693385470468015
OrderController,Utility,0.591623541661688
QuoteController,BadRequestException,0.3282296963405584
QuoteController,Quote,0.6345596893032822
QuoteController,QuoteRepository,0.5472421027488319
QuoteController,RepositoryFactory,0.3282296963405584
QuoteController,Utility,0.5020966001679761
ShipmentController,BadRequestException,0.3282296963405584
ShipmentController,Delivery,0.6345596893032822
ShipmentController,Order,0.3693385470468015
ShipmentController,OrderStatus,0.3693385470468015
ShipmentController,Quote,0.3282296963405584
ShipmentController,ShipmentEventInfo,0.4124350188980119
ShipmentController,ShipmentRecord,0.9139857154358281
ShipmentController,OrderRepository,0.4124350188980119
ShipmentController,QuoteRepository,0.4124350188980119
ShipmentController,RepositoryFactory,0.4124350188980119
ShipmentController,ShipmentRepository,0.7493728625819682
ShipmentController,Utility,0.5472421027488319
CatalogItem,Utility,0.3693385470468015
Delivery,Order,0.4124350188980119
Delivery,Quote,0.4124350188980119
Delivery,ShipmentRecord,0.4124350188980119
Order,OrderEventInfo,0.4569168861585757
Order,OrderStatus,0.4569168861585757
Order,Utility,0.3693385470468015
OrderUpdateInfo,OrderEventInfo,0.5020966001679761
OrderUpdateInfo,OrderStatus,0.4569168861585757
Quote,QuoteItemInfo,0.71384312092054
Quote,Utility,0.3693385470468015
ShipmentRecord,DeliveryAddress,0.4569168861585757
ShipmentRecord,PhoneInfo,0.5472421027488319
ShipmentRecord,ShipmentEventInfo,0.71384312092054
CatalogItemsRepository,CatalogItem,0.4124350188980119
OrderDetails,Order,0.8605492807400709
OrderDetails,OrderEventInfo,0.5020966001679761
OrderDetails,OrderStatus,0.3282296963405584
QuoteDetails,Quote,0.9742022781997252
QuoteDetails,QuoteItemInfo,0.591623541661688
ShipmentDetails,DeliveryAddress,0.3282296963405584
ShipmentDetails,PhoneInfo,0.3693385470468015
ShipmentDetails,ShipmentEventInfo,0.4569168861585757
ShipmentDetails,ShipmentRecord,0.9271996989525916
MongoCatalogItemsRepository,CatalogItem,0.8809027584519789
MongoCatalogItemsRepository,CatalogItemsRepository,0.3282296963405584
MongoCatalogItemsRepository,TestPath,0.3282296963405584
MongoDealersRepository,Dealer,0.7818393664924341
MongoDealersRepository,TestPath,0.3282296963405584
MongoOrderRepository,BadRequestException,0.4569168861585757
MongoOrderRepository,ConflictingRequestException,0.3693385470468015
MongoOrderRepository,Order,0.9563904807982389
MongoOrderRepository,OrderStatus,0.5020966001679761
MongoOrderRepository,OrderUpdateInfo,0.4124350188980119
MongoOrderRepository,Quote,0.3282296963405584
MongoOrderRepository,OrderDetails,0.9633512278355154
MongoOrderRepository,OrderRepository,0.3282296963405584
MongoOrderRepository,QuoteRepository,0.4569168861585757
MongoOrderRepository,TestPath,0.3282296963405584
MongoQuoteRepository,BadRequestException,0.4124350188980119
MongoQuoteRepository,Quote,0.8809027584519789
MongoQuoteRepository,QuoteDetails,0.9271996989525916
MongoQuoteRepository,QuoteRepository,0.3282296963405584
MongoQuoteRepository,TestPath,0.3282296963405584
MongoShipmentRepository,BadRequestException,0.4124350188980119
MongoShipmentRepository,ConflictingRequestException,0.3693385470468015
MongoShipmentRepository,Order,0.4569168861585757
MongoShipmentRepository,OrderStatus,0.3282296963405584
MongoShipmentRepository,ShipmentEventInfo,0.3282296963405584
MongoShipmentRepository,ShipmentRecord,0.8809027584519789
MongoShipmentRepository,ShipmentDetails,0.9271996989525916
MongoShipmentRepository,OrderRepository,0.4569168861585757
MongoShipmentRepository,ShipmentRepository,0.3282296963405584
MongoShipmentRepository,TestPath,0.3282296963405584
OrderRepository,BadRequestException,0.3693385470468015
OrderRepository,Order,0.5472421027488319
OrderRepository,OrderStatus,0.3693385470468015
OrderRepository,OrderUpdateInfo,0.3282296963405584
QuoteRepository,BadRequestException,0.3282296963405584
QuoteRepository,Quote,0.5020966001679761
RepositoryFactory,CatalogItemsRepository,0.3693385470468015
RepositoryFactory,MongoCatalogItemsRepository,0.3693385470468015
RepositoryFactory,MongoDealersRepository,0.3693385470468015
RepositoryFactory,MongoOrderRepository,0.3693385470468015
RepositoryFactory,MongoQuoteRepository,0.3693385470468015
RepositoryFactory,MongoShipmentRepository,0.3693385470468015
RepositoryFactory,OrderRepository,0.3693385470468015
RepositoryFactory,QuoteRepository,0.3693385470468015
RepositoryFactory,ShipmentRepository,0.3693385470468015
ShipmentRepository,BadRequestException,0.3282296963405584
ShipmentRepository,OrderStatus,0.3282296963405584
ShipmentRepository,ShipmentEventInfo,0.3282296963405584
ShipmentRepository,ShipmentRecord,0.5020966001679761
